"ss_a_type1","ss_b_type1","ss_ab_type1","ss_error","df_a","df_b","df_ab","df_error","f_a_type1","f_b_type1","f_ab_type1","p_a_type1","p_b_type1","p_ab_type1","ss_a_type3","ss_b_type3","ss_ab_type3","f_a_type3","f_b_type3","f_ab_type3","p_a_type3","p_b_type3","p_ab_type3","grand_mean"
12.3505041857246,0.592452563462409,4.86973692883697,13.7142137266191,1,1,1,14,12.6078725362529,0.604798499849433,4.97121587593377,0.00319612115703894,0.449696121267159,0.0426601138246126,15.3978318153056,4.67943264038261,4.86973692883697,15.7187024871766,4.77694589506059,4.97121587593377,0.00141049254415125,0.0463311345249387,0.0426601138246125,12.3032641095166
