"statistic","df_between","df_within","p_value","ss_between","ss_within","ms_between","ms_within","grand_mean","mean_a","mean_b","mean_c"
2.75840103456415,2,64,0.0709391590381915,16.3394514600675,189.552730067322,8.16972573003374,2.9617614073019,5.37286144658165,5.01533768967797,5.03745840727566,6.07902286116
