"ss_a","ss_b","ss_ab","ss_error","df_a","df_b","df_ab","df_error","ms_a","ms_b","ms_ab","ms_error","f_a","f_b","f_ab","p_a","p_b","p_ab","grand_mean"
7.53061238696129,24.6611248813915,0.0740471224388422,38.1950017561628,1,2,2,24,7.53061238696129,12.3305624406957,0.0370235612194211,1.59145840650678,4.73189393839756,7.74796399973849,0.0232639201050105,0.0396868657819766,0.00253458599339488,0.977026602262147,12.1519201681458
