"statistic","df_between","df_within","p_value"
1.75353725777755,2,39.8199665860093,0.18626748373442
