"value","factor_a","factor_b"
11.3709584471467,0,0
9.43530182860391,0,0
10.3631284113373,0,0
12.132862604961,0,1
11.904268323141,0,1
11.3938754839085,0,1
13.0115219974389,0,1
11.4053409615869,0,1
14.018423713877,1,0
11.9372859009476,1,0
13.3048696542235,1,0
14.2866453927011,1,0
12.1111392988877,1,1
13.2212112331826,1,1
13.3666786636063,1,1
14.1359503980701,1,1
13.2157470785839,1,1
10.8435445790952,1,1
