"ss_a","ss_b","ss_ab","ss_error","df_a","df_b","df_ab","df_error","f_a","f_b","f_ab","p_a","p_b","p_ab","grand_mean"
18.49,3.4225,0.359999999999999,0.585000000000001,1,1,1,12,379.282051282051,70.2051282051281,7.38461538461536,1.90215965424463e-10,2.33399744105809e-06,0.0186953230155771,6.8375
