"statistic_2","df1_2","df2_2","p_value_2","statistic_3","df1_3","df2_3","p_value_3"
0.978034814401123,1,43,0.328216963092144,7.96176997346852,2,64,0.000816899079726163
