"statistic","df","p_value","estimate","p_value_less","p_value_greater","conf_low_95","conf_high_95","conf_low_90","conf_high_90","conf_low_99","conf_high_99"
3.13746748230295,17.6828419794815,0.00578620866615154,0.788961038961039,0.00289310433307577,0.997106895666924,0.595216864253737,0.982705213668342,0.629098293325597,0.948823784596482,0.523302987957767,1.05461908996431
