"statistic","df","p_value","estimate","p_value_less","p_value_greater"
3.13746748230295,17.6828419794815,0.00578620866615154,0.788961038961039,0.00289310433307577,0.997106895666924
