"statistic","df","p_value"
0.793650793650794,4,0.939297232115176
