"statistic","df","p_value","statistic_yates","p_value_yates"
0.793650793650794,1,0.372998483613487,0.446428571428571,0.504035866452505
