"statistic_h1","p_value_one_h1","p_value_two_h1","statistic_h3","p_value_one_h3","p_value_two_h3"
0.643457422044684,0.259963667003836,0.519927334007671,0.566777321841994,0.285432740061875,0.57086548012375
