"pearson_r","pearson_t","pearson_df","pearson_p","spearman_rho","spearman_p","kendall_tau","kendall_p"
-0.157451058393128,-0.84367603531938,28,0.406000785289494,-0.119021134593993,0.529498774936319,-0.0850574712643678,0.523940930665562
