"spearman_rho","spearman_stat","spearman_p","kendall_tau","kendall_stat","kendall_p"
0.971967333244492,4.62539001465878,2.61186579139283e-06,0.926829268292683,3.51778136829085,0.00043517073592319
