"statistic_se_h1","p_value_se_h1","statistic_ae_h1","p_value_ae_h1","statistic_se_h3","p_value_se_h3"
-5.19425848151562,1.10163618973918e-06,-5.68608096176618,1.3175500842911e-07,-5.47560424036964,3.30643651414324e-07
