"statistic","mean_xy","mean_xx","mean_yy"
3.81954337668155,2.96382124182818,1.0578254687709,1.05027363820392
