"p_value","odds_ratio","conf_low","conf_high"
0.485714285714286,6.40830886700579,0.211732915305503,621.933750545417
