"estimate","statistic","p_value"
0.431836734693878,4.42500975934092,9.64379233537623e-06
