"statistic","df","p_value"
8.3859595959596,2,0.0151012191806559
