"statistic","df","p_value"
5.34611856267594,2,0.0690406870114136
