"statistic","p_value","p_value_less","p_value_greater","p_value_corrected","estimate","conf_low","conf_high","p_value_mu","p_value_mu_less","p_value_mu_greater"
355,0.0252840027446843,0.0126420013723422,0.987357998627658,0.0257171691002721,-0.612262127319135,-1.21229096661805,-0.0974576645180908,0.000311462172819128,0.000155731086409564,0.99984426891359
