"statistic","p_value","p_value_less","p_value_greater","p_value_corrected","estimate","conf_low","conf_high"
363,0.0330262943237993,0.0165131471618997,0.9834868528381,0.0335712646841772,-0.594862709152413,-1.14250306547112,-0.062841220930643
