"t_01","t_02","t_03","t_12","t_13","t_23","t_range","mean_d_01","mean_d_02","mean_d_03"
-3.73933522298174,-27.372244054457,-39.6016503074695,-22.7392733638428,-36.6747821210885,-21.8263415076248,39.6016503074695,-0.122141275801193,-1.04701878488134,-2.47924569596721
