"estimate","statistic","df","p_value","conf_low_95","conf_high_95","conf_low_90","conf_high_90","conf_low_99","conf_high_99"
0.545723559018438,4.51198140378666,48,4.15311374597657e-05,0.315264858653817,0.715401187819097,0.356040442851657,0.692215650099145,0.232232007717785,0.756505688211279
