"t_statistic","mean_x","mean_y","var_x","var_y"
-7.6910665838746,4.92046808047869,7.15685795744081,0.835884686065945,1.06893444811633
