"set","test","pooled","alternative","option","group1","group2","estimate","statistic","df","p_value","p_adj","conf_low","conf_high"
1,"pairwise_t",TRUE,"two.sided","holm","A","B","0.419378147182074","0.78877184409818435","21","0.4390599744865773","0.8781199489731546","NA","NA"
1,"pairwise_t",TRUE,"two.sided","holm","A","C","0.8131973058540416","1.5294720119875262","21","0.14107208914569744","0.42321626743709229","NA","NA"
1,"pairwise_t",TRUE,"two.sided","holm","B","C","0.39381915867196765","0.74070016788934201","21","0.46707722005929442","0.8781199489731546","NA","NA"
1,"pairwise_t",TRUE,"two.sided","BH","A","B","0.419378147182074","0.78877184409818435","21","0.4390599744865773","0.46707722005929442","NA","NA"
1,"pairwise_t",TRUE,"two.sided","BH","A","C","0.8131973058540416","1.5294720119875262","21","0.14107208914569744","0.42321626743709229","NA","NA"
1,"pairwise_t",TRUE,"two.sided","BH","B","C","0.39381915867196765","0.74070016788934201","21","0.46707722005929442","0.46707722005929442","NA","NA"
1,"pairwise_t",TRUE,"two.sided","none","A","B","0.419378147182074","0.78877184409818435","21","0.4390599744865773","0.4390599744865773","NA","NA"
1,"pairwise_t",TRUE,"two.sided","none","A","C","0.8131973058540416","1.5294720119875262","21","0.14107208914569744","0.14107208914569744","NA","NA"
1,"pairwise_t",TRUE,"two.sided","none","B","C","0.39381915867196765","0.74070016788934201","21","0.46707722005929442","0.46707722005929442","NA","NA"
1,"pairwise_t",TRUE,"two.sided","bonferroni","A","B","0.419378147182074","0.78877184409818435","21","0.4390599744865773","1","NA","NA"
1,"pairwise_t",TRUE,"two.sided","bonferroni","A","C","0.8131973058540416","1.5294720119875262","21","0.14107208914569744","0.42321626743709229","NA","NA"
1,"pairwise_t",TRUE,"two.sided","bonferroni","B","C","0.39381915867196765","0.74070016788934201","21","0.46707722005929442","1","NA","NA"
1,"pairwise_t",TRUE,"two.sided","hommel","A","B","0.419378147182074","0.78877184409818435","21","0.4390599744865773","0.46707722005929442","NA","NA"
1,"pairwise_t",TRUE,"two.sided","hommel","A","C","0.8131973058540416","1.5294720119875262","21","0.14107208914569744","0.42321626743709229","NA","NA"
1,"pairwise_t",TRUE,"two.sided","hommel","B","C","0.39381915867196765","0.74070016788934201","21","0.46707722005929442","0.46707722005929442","NA","NA"
1,"pairwise_t",TRUE,"less","holm","A","B","0.419378147182074","0.78877184409818435","21","0.78047001275671135","1","NA","NA"
1,"pairwise_t",TRUE,"less","holm","A","C","0.8131973058540416","1.5294720119875262","21","0.92946395542715132","1","NA","NA"
1,"pairwise_t",TRUE,"less","holm","B","C","0.39381915867196765","0.74070016788934201","21","0.76646138997035274","1","NA","NA"
1,"pairwise_t",TRUE,"less","BH","A","B","0.419378147182074","0.78877184409818435","21","0.78047001275671135","0.92946395542715132","NA","NA"
1,"pairwise_t",TRUE,"less","BH","A","C","0.8131973058540416","1.5294720119875262","21","0.92946395542715132","0.92946395542715132","NA","NA"
1,"pairwise_t",TRUE,"less","BH","B","C","0.39381915867196765","0.74070016788934201","21","0.76646138997035274","0.92946395542715132","NA","NA"
1,"pairwise_t",TRUE,"less","none","A","B","0.419378147182074","0.78877184409818435","21","0.78047001275671135","0.78047001275671135","NA","NA"
1,"pairwise_t",TRUE,"less","none","A","C","0.8131973058540416","1.5294720119875262","21","0.92946395542715132","0.92946395542715132","NA","NA"
1,"pairwise_t",TRUE,"less","none","B","C","0.39381915867196765","0.74070016788934201","21","0.76646138997035274","0.76646138997035274","NA","NA"
1,"pairwise_t",TRUE,"less","bonferroni","A","B","0.419378147182074","0.78877184409818435","21","0.78047001275671135","1","NA","NA"
1,"pairwise_t",TRUE,"less","bonferroni","A","C","0.8131973058540416","1.5294720119875262","21","0.92946395542715132","1","NA","NA"
1,"pairwise_t",TRUE,"less","bonferroni","B","C","0.39381915867196765","0.74070016788934201","21","0.76646138997035274","1","NA","NA"
1,"pairwise_t",TRUE,"less","hommel","A","B","0.419378147182074","0.78877184409818435","21","0.78047001275671135","0.92946395542715132","NA","NA"
1,"pairwise_t",TRUE,"less","hommel","A","C","0.8131973058540416","1.5294720119875262","21","0.92946395542715132","0.92946395542715132","NA","NA"
1,"pairwise_t",TRUE,"less","hommel","B","C","0.39381915867196765","0.74070016788934201","21","0.76646138997035274","0.92946395542715132","NA","NA"
1,"pairwise_t",TRUE,"greater","holm","A","B","0.419378147182074","0.78877184409818435","21","0.21952998724328865","0.4390599744865773","NA","NA"
1,"pairwise_t",TRUE,"greater","holm","A","C","0.8131973058540416","1.5294720119875262","21","0.070536044572848719","0.21160813371854614","NA","NA"
1,"pairwise_t",TRUE,"greater","holm","B","C","0.39381915867196765","0.74070016788934201","21","0.23353861002964721","0.4390599744865773","NA","NA"
1,"pairwise_t",TRUE,"greater","BH","A","B","0.419378147182074","0.78877184409818435","21","0.21952998724328865","0.23353861002964721","NA","NA"
1,"pairwise_t",TRUE,"greater","BH","A","C","0.8131973058540416","1.5294720119875262","21","0.070536044572848719","0.21160813371854614","NA","NA"
1,"pairwise_t",TRUE,"greater","BH","B","C","0.39381915867196765","0.74070016788934201","21","0.23353861002964721","0.23353861002964721","NA","NA"
1,"pairwise_t",TRUE,"greater","none","A","B","0.419378147182074","0.78877184409818435","21","0.21952998724328865","0.21952998724328865","NA","NA"
1,"pairwise_t",TRUE,"greater","none","A","C","0.8131973058540416","1.5294720119875262","21","0.070536044572848719","0.070536044572848719","NA","NA"
1,"pairwise_t",TRUE,"greater","none","B","C","0.39381915867196765","0.74070016788934201","21","0.23353861002964721","0.23353861002964721","NA","NA"
1,"pairwise_t",TRUE,"greater","bonferroni","A","B","0.419378147182074","0.78877184409818435","21","0.21952998724328865","0.65858996172986595","NA","NA"
1,"pairwise_t",TRUE,"greater","bonferroni","A","C","0.8131973058540416","1.5294720119875262","21","0.070536044572848719","0.21160813371854614","NA","NA"
1,"pairwise_t",TRUE,"greater","bonferroni","B","C","0.39381915867196765","0.74070016788934201","21","0.23353861002964721","0.70061583008894157","NA","NA"
1,"pairwise_t",TRUE,"greater","hommel","A","B","0.419378147182074","0.78877184409818435","21","0.21952998724328865","0.23353861002964721","NA","NA"
1,"pairwise_t",TRUE,"greater","hommel","A","C","0.8131973058540416","1.5294720119875262","21","0.070536044572848719","0.21160813371854614","NA","NA"
1,"pairwise_t",TRUE,"greater","hommel","B","C","0.39381915867196765","0.74070016788934201","21","0.23353861002964721","0.23353861002964721","NA","NA"
1,"pairwise_t",FALSE,"two.sided","holm","A","B","0.419378147182074","0.9324432125340425","10.973556035380543","0.37116926431379238","0.74233852862758476","NA","NA"
1,"pairwise_t",FALSE,"two.sided","holm","A","C","0.8131973058540416","1.5656553250738003","9.8963080232113398","0.1488161769215037","0.44644853076451108","NA","NA"
1,"pairwise_t",FALSE,"two.sided","holm","B","C","0.39381915867196765","0.64224254696896332","13.56307203190401","0.53142202999110077","0.74233852862758476","NA","NA"
1,"pairwise_t",FALSE,"two.sided","BH","A","B","0.419378147182074","0.9324432125340425","10.973556035380543","0.37116926431379238","0.53142202999110077","NA","NA"
1,"pairwise_t",FALSE,"two.sided","BH","A","C","0.8131973058540416","1.5656553250738003","9.8963080232113398","0.1488161769215037","0.44644853076451108","NA","NA"
1,"pairwise_t",FALSE,"two.sided","BH","B","C","0.39381915867196765","0.64224254696896332","13.56307203190401","0.53142202999110077","0.53142202999110077","NA","NA"
1,"pairwise_t",FALSE,"two.sided","none","A","B","0.419378147182074","0.9324432125340425","10.973556035380543","0.37116926431379238","0.37116926431379238","NA","NA"
1,"pairwise_t",FALSE,"two.sided","none","A","C","0.8131973058540416","1.5656553250738003","9.8963080232113398","0.1488161769215037","0.1488161769215037","NA","NA"
1,"pairwise_t",FALSE,"two.sided","none","B","C","0.39381915867196765","0.64224254696896332","13.56307203190401","0.53142202999110077","0.53142202999110077","NA","NA"
1,"pairwise_t",FALSE,"two.sided","bonferroni","A","B","0.419378147182074","0.9324432125340425","10.973556035380543","0.37116926431379238","1","NA","NA"
1,"pairwise_t",FALSE,"two.sided","bonferroni","A","C","0.8131973058540416","1.5656553250738003","9.8963080232113398","0.1488161769215037","0.44644853076451108","NA","NA"
1,"pairwise_t",FALSE,"two.sided","bonferroni","B","C","0.39381915867196765","0.64224254696896332","13.56307203190401","0.53142202999110077","1","NA","NA"
1,"pairwise_t",FALSE,"two.sided","hommel","A","B","0.419378147182074","0.9324432125340425","10.973556035380543","0.37116926431379238","0.53142202999110077","NA","NA"
1,"pairwise_t",FALSE,"two.sided","hommel","A","C","0.8131973058540416","1.5656553250738003","9.8963080232113398","0.1488161769215037","0.44644853076451108","NA","NA"
1,"pairwise_t",FALSE,"two.sided","hommel","B","C","0.39381915867196765","0.64224254696896332","13.56307203190401","0.53142202999110077","0.53142202999110077","NA","NA"
1,"pairwise_t",FALSE,"less","holm","A","B","0.419378147182074","0.9324432125340425","10.973556035380543","0.81441536784310387","1","NA","NA"
1,"pairwise_t",FALSE,"less","holm","A","C","0.8131973058540416","1.5656553250738003","9.8963080232113398","0.92559191153924814","1","NA","NA"
1,"pairwise_t",FALSE,"less","holm","B","C","0.39381915867196765","0.64224254696896332","13.56307203190401","0.73428898500444961","1","NA","NA"
1,"pairwise_t",FALSE,"less","BH","A","B","0.419378147182074","0.9324432125340425","10.973556035380543","0.81441536784310387","0.92559191153924814","NA","NA"
1,"pairwise_t",FALSE,"less","BH","A","C","0.8131973058540416","1.5656553250738003","9.8963080232113398","0.92559191153924814","0.92559191153924814","NA","NA"
1,"pairwise_t",FALSE,"less","BH","B","C","0.39381915867196765","0.64224254696896332","13.56307203190401","0.73428898500444961","0.92559191153924814","NA","NA"
1,"pairwise_t",FALSE,"less","none","A","B","0.419378147182074","0.9324432125340425","10.973556035380543","0.81441536784310387","0.81441536784310387","NA","NA"
1,"pairwise_t",FALSE,"less","none","A","C","0.8131973058540416","1.5656553250738003","9.8963080232113398","0.92559191153924814","0.92559191153924814","NA","NA"
1,"pairwise_t",FALSE,"less","none","B","C","0.39381915867196765","0.64224254696896332","13.56307203190401","0.73428898500444961","0.73428898500444961","NA","NA"
1,"pairwise_t",FALSE,"less","bonferroni","A","B","0.419378147182074","0.9324432125340425","10.973556035380543","0.81441536784310387","1","NA","NA"
1,"pairwise_t",FALSE,"less","bonferroni","A","C","0.8131973058540416","1.5656553250738003","9.8963080232113398","0.92559191153924814","1","NA","NA"
1,"pairwise_t",FALSE,"less","bonferroni","B","C","0.39381915867196765","0.64224254696896332","13.56307203190401","0.73428898500444961","1","NA","NA"
1,"pairwise_t",FALSE,"less","hommel","A","B","0.419378147182074","0.9324432125340425","10.973556035380543","0.81441536784310387","0.92559191153924814","NA","NA"
1,"pairwise_t",FALSE,"less","hommel","A","C","0.8131973058540416","1.5656553250738003","9.8963080232113398","0.92559191153924814","0.92559191153924814","NA","NA"
1,"pairwise_t",FALSE,"less","hommel","B","C","0.39381915867196765","0.64224254696896332","13.56307203190401","0.73428898500444961","0.92559191153924814","NA","NA"
1,"pairwise_t",FALSE,"greater","holm","A","B","0.419378147182074","0.9324432125340425","10.973556035380543","0.18558463215689619","0.37116926431379238","NA","NA"
1,"pairwise_t",FALSE,"greater","holm","A","C","0.8131973058540416","1.5656553250738003","9.8963080232113398","0.074408088460751851","0.22322426538225554","NA","NA"
1,"pairwise_t",FALSE,"greater","holm","B","C","0.39381915867196765","0.64224254696896332","13.56307203190401","0.26571101499555039","0.37116926431379238","NA","NA"
1,"pairwise_t",FALSE,"greater","BH","A","B","0.419378147182074","0.9324432125340425","10.973556035380543","0.18558463215689619","0.26571101499555039","NA","NA"
1,"pairwise_t",FALSE,"greater","BH","A","C","0.8131973058540416","1.5656553250738003","9.8963080232113398","0.074408088460751851","0.22322426538225554","NA","NA"
1,"pairwise_t",FALSE,"greater","BH","B","C","0.39381915867196765","0.64224254696896332","13.56307203190401","0.26571101499555039","0.26571101499555039","NA","NA"
1,"pairwise_t",FALSE,"greater","none","A","B","0.419378147182074","0.9324432125340425","10.973556035380543","0.18558463215689619","0.18558463215689619","NA","NA"
1,"pairwise_t",FALSE,"greater","none","A","C","0.8131973058540416","1.5656553250738003","9.8963080232113398","0.074408088460751851","0.074408088460751851","NA","NA"
1,"pairwise_t",FALSE,"greater","none","B","C","0.39381915867196765","0.64224254696896332","13.56307203190401","0.26571101499555039","0.26571101499555039","NA","NA"
1,"pairwise_t",FALSE,"greater","bonferroni","A","B","0.419378147182074","0.9324432125340425","10.973556035380543","0.18558463215689619","0.55675389647068863","NA","NA"
1,"pairwise_t",FALSE,"greater","bonferroni","A","C","0.8131973058540416","1.5656553250738003","9.8963080232113398","0.074408088460751851","0.22322426538225554","NA","NA"
1,"pairwise_t",FALSE,"greater","bonferroni","B","C","0.39381915867196765","0.64224254696896332","13.56307203190401","0.26571101499555039","0.79713304498665116","NA","NA"
1,"pairwise_t",FALSE,"greater","hommel","A","B","0.419378147182074","0.9324432125340425","10.973556035380543","0.18558463215689619","0.26571101499555039","NA","NA"
1,"pairwise_t",FALSE,"greater","hommel","A","C","0.8131973058540416","1.5656553250738003","9.8963080232113398","0.074408088460751851","0.22322426538225554","NA","NA"
1,"pairwise_t",FALSE,"greater","hommel","B","C","0.39381915867196765","0.64224254696896332","13.56307203190401","0.26571101499555039","0.26571101499555039","NA","NA"
1,"tukey",NA,"two.sided","0.95","A","B","0.41937814718207411","NA","21","0.71385707218100358","0.71385707218100358","-0.92077120906077914","1.7595275034249274"
1,"tukey",NA,"two.sided","0.95","A","C","0.81319730585404215","NA","21","0.29787592156922327","0.29787592156922327","-0.5269520503888111","2.1533466620968955"
1,"tukey",NA,"two.sided","0.95","B","C","0.39381915867196804","NA","21","0.74241693322894309","0.74241693322894309","-0.94633019757088521","1.7339685149148214"
1,"tukey",NA,"two.sided","0.9","A","B","0.41937814718207411","NA","21","0.71385707218100358","0.71385707218100358","-0.73434481034776167","1.5731011047119099"
1,"tukey",NA,"two.sided","0.9","A","C","0.81319730585404215","NA","21","0.29787592156922327","0.29787592156922327","-0.34052565167579363","1.9669202633838778"
1,"tukey",NA,"two.sided","0.9","B","C","0.39381915867196804","NA","21","0.74241693322894309","0.74241693322894309","-0.75990379885786774","1.5475421162018037"
1,"tukey",NA,"two.sided","0.99","A","B","0.41937814718207411","NA","21","0.71385707218100358","0.71385707218100358","-1.3145971164729089","2.1533534108370569"
1,"tukey",NA,"two.sided","0.99","A","C","0.81319730585404215","NA","21","0.29787592156922327","0.29787592156922327","-0.92077795780094085","2.547172569509025"
1,"tukey",NA,"two.sided","0.99","B","C","0.39381915867196804","NA","21","0.74241693322894309","0.74241693322894309","-1.3401561049830151","2.1277944223269509"
1,"dunn",NA,"two.sided","holm","A","B","NA","-0.60104076400856532","NA","0.54781283580059859","0.71594134528865627","NA","NA"
1,"dunn",NA,"two.sided","holm","A","C","NA","-1.5202795795510771","NA","0.12844072404145618","0.38532217212436853","NA","NA"
1,"dunn",NA,"two.sided","holm","B","C","NA","-0.91923881554251174","NA","0.35797067264432814","0.71594134528865627","NA","NA"
1,"dunn",NA,"two.sided","BH","A","B","NA","-0.60104076400856532","NA","0.54781283580059859","0.54781283580059859","NA","NA"
1,"dunn",NA,"two.sided","BH","A","C","NA","-1.5202795795510771","NA","0.12844072404145618","0.38532217212436853","NA","NA"
1,"dunn",NA,"two.sided","BH","B","C","NA","-0.91923881554251174","NA","0.35797067264432814","0.5369560089664922","NA","NA"
1,"dunn",NA,"two.sided","none","A","B","NA","-0.60104076400856532","NA","0.54781283580059859","0.54781283580059859","NA","NA"
1,"dunn",NA,"two.sided","none","A","C","NA","-1.5202795795510771","NA","0.12844072404145618","0.12844072404145618","NA","NA"
1,"dunn",NA,"two.sided","none","B","C","NA","-0.91923881554251174","NA","0.35797067264432814","0.35797067264432814","NA","NA"
1,"dunn",NA,"two.sided","bonferroni","A","B","NA","-0.60104076400856532","NA","0.54781283580059859","1","NA","NA"
1,"dunn",NA,"two.sided","bonferroni","A","C","NA","-1.5202795795510771","NA","0.12844072404145618","0.38532217212436853","NA","NA"
1,"dunn",NA,"two.sided","bonferroni","B","C","NA","-0.91923881554251174","NA","0.35797067264432814","1","NA","NA"
1,"dunn",NA,"two.sided","hochberg","A","B","NA","-0.60104076400856532","NA","0.54781283580059859","0.54781283580059859","NA","NA"
1,"dunn",NA,"two.sided","hochberg","A","C","NA","-1.5202795795510771","NA","0.12844072404145618","0.38532217212436853","NA","NA"
1,"dunn",NA,"two.sided","hochberg","B","C","NA","-0.91923881554251174","NA","0.35797067264432814","0.54781283580059859","NA","NA"
1,"dunn",NA,"two.sided","BY","A","B","NA","-0.60104076400856532","NA","0.54781283580059859","1","NA","NA"
1,"dunn",NA,"two.sided","BY","A","C","NA","-1.5202795795510771","NA","0.12844072404145618","0.70642398222800895","NA","NA"
1,"dunn",NA,"two.sided","BY","B","C","NA","-0.91923881554251174","NA","0.35797067264432814","0.98441934977190237","NA","NA"
2,"pairwise_t",TRUE,"two.sided","holm","A","B","0.96972287755542186","0.92990374333856374","43","0.35761222401668258","1","NA","NA"
2,"pairwise_t",TRUE,"two.sided","holm","A","C","0.60216255646342576","0.52492388679092605","43","0.60233222266714237","1","NA","NA"
2,"pairwise_t",TRUE,"two.sided","holm","A","D","2.817138065795973","2.5780394627266037","43","0.013445477159152877","0.1210092944323759","NA","NA"
2,"pairwise_t",TRUE,"two.sided","holm","A","E","-0.20619041043876665","-0.20380896659653236","43","0.83946429162845682","1","NA","NA"
2,"pairwise_t",TRUE,"two.sided","holm","B","C","-0.36756032109199605","-0.39448514587354194","43","0.69517272124400475","1","NA","NA"
2,"pairwise_t",TRUE,"two.sided","holm","B","D","1.8474151882405514","2.1384836299649317","43","0.03819996049118822","0.26739972343831753","NA","NA"
2,"pairwise_t",TRUE,"two.sided","holm","B","E","-1.1759132879941885","-1.5497757406094275","43","0.1285248717610708","0.77114923056642481","NA","NA"
2,"pairwise_t",TRUE,"two.sided","holm","C","D","2.2149755093325476","2.2434603685341741","43","0.030071787537480254","0.24057430029984203","NA","NA"
2,"pairwise_t",TRUE,"two.sided","holm","C","E","-0.80835296690219249","-0.90141241595685528","43","0.37239045622574241","1","NA","NA"
2,"pairwise_t",TRUE,"two.sided","holm","D","E","-3.0233284762347399","-3.6600396308253056","43","0.00068493238732534906","0.0068493238732534904","NA","NA"
2,"pairwise_t",TRUE,"two.sided","BH","A","B","0.96972287755542186","0.92990374333856374","43","0.35761222401668258","0.53198636603677485","NA","NA"
2,"pairwise_t",TRUE,"two.sided","BH","A","C","0.60216255646342576","0.52492388679092605","43","0.60233222266714237","0.75291527833392791","NA","NA"
2,"pairwise_t",TRUE,"two.sided","BH","A","D","2.817138065795973","2.5780394627266037","43","0.013445477159152877","0.067227385795764386","NA","NA"
2,"pairwise_t",TRUE,"two.sided","BH","A","E","-0.20619041043876665","-0.20380896659653236","43","0.83946429162845682","0.83946429162845682","NA","NA"
2,"pairwise_t",TRUE,"two.sided","BH","B","C","-0.36756032109199605","-0.39448514587354194","43","0.69517272124400475","0.77241413471556086","NA","NA"
2,"pairwise_t",TRUE,"two.sided","BH","B","D","1.8474151882405514","2.1384836299649317","43","0.03819996049118822","0.095499901227970557","NA","NA"
2,"pairwise_t",TRUE,"two.sided","BH","B","E","-1.1759132879941885","-1.5497757406094275","43","0.1285248717610708","0.2570497435221416","NA","NA"
2,"pairwise_t",TRUE,"two.sided","BH","C","D","2.2149755093325476","2.2434603685341741","43","0.030071787537480254","0.095499901227970557","NA","NA"
2,"pairwise_t",TRUE,"two.sided","BH","C","E","-0.80835296690219249","-0.90141241595685528","43","0.37239045622574241","0.53198636603677485","NA","NA"
2,"pairwise_t",TRUE,"two.sided","BH","D","E","-3.0233284762347399","-3.6600396308253056","43","0.00068493238732534906","0.0068493238732534904","NA","NA"
2,"pairwise_t",TRUE,"two.sided","none","A","B","0.96972287755542186","0.92990374333856374","43","0.35761222401668258","0.35761222401668258","NA","NA"
2,"pairwise_t",TRUE,"two.sided","none","A","C","0.60216255646342576","0.52492388679092605","43","0.60233222266714237","0.60233222266714237","NA","NA"
2,"pairwise_t",TRUE,"two.sided","none","A","D","2.817138065795973","2.5780394627266037","43","0.013445477159152877","0.013445477159152877","NA","NA"
2,"pairwise_t",TRUE,"two.sided","none","A","E","-0.20619041043876665","-0.20380896659653236","43","0.83946429162845682","0.83946429162845682","NA","NA"
2,"pairwise_t",TRUE,"two.sided","none","B","C","-0.36756032109199605","-0.39448514587354194","43","0.69517272124400475","0.69517272124400475","NA","NA"
2,"pairwise_t",TRUE,"two.sided","none","B","D","1.8474151882405514","2.1384836299649317","43","0.03819996049118822","0.03819996049118822","NA","NA"
2,"pairwise_t",TRUE,"two.sided","none","B","E","-1.1759132879941885","-1.5497757406094275","43","0.1285248717610708","0.1285248717610708","NA","NA"
2,"pairwise_t",TRUE,"two.sided","none","C","D","2.2149755093325476","2.2434603685341741","43","0.030071787537480254","0.030071787537480254","NA","NA"
2,"pairwise_t",TRUE,"two.sided","none","C","E","-0.80835296690219249","-0.90141241595685528","43","0.37239045622574241","0.37239045622574241","NA","NA"
2,"pairwise_t",TRUE,"two.sided","none","D","E","-3.0233284762347399","-3.6600396308253056","43","0.00068493238732534906","0.00068493238732534906","NA","NA"
2,"pairwise_t",TRUE,"two.sided","bonferroni","A","B","0.96972287755542186","0.92990374333856374","43","0.35761222401668258","1","NA","NA"
2,"pairwise_t",TRUE,"two.sided","bonferroni","A","C","0.60216255646342576","0.52492388679092605","43","0.60233222266714237","1","NA","NA"
2,"pairwise_t",TRUE,"two.sided","bonferroni","A","D","2.817138065795973","2.5780394627266037","43","0.013445477159152877","0.13445477159152877","NA","NA"
2,"pairwise_t",TRUE,"two.sided","bonferroni","A","E","-0.20619041043876665","-0.20380896659653236","43","0.83946429162845682","1","NA","NA"
2,"pairwise_t",TRUE,"two.sided","bonferroni","B","C","-0.36756032109199605","-0.39448514587354194","43","0.69517272124400475","1","NA","NA"
2,"pairwise_t",TRUE,"two.sided","bonferroni","B","D","1.8474151882405514","2.1384836299649317","43","0.03819996049118822","0.38199960491188223","NA","NA"
2,"pairwise_t",TRUE,"two.sided","bonferroni","B","E","-1.1759132879941885","-1.5497757406094275","43","0.1285248717610708","1","NA","NA"
2,"pairwise_t",TRUE,"two.sided","bonferroni","C","D","2.2149755093325476","2.2434603685341741","43","0.030071787537480254","0.30071787537480255","NA","NA"
2,"pairwise_t",TRUE,"two.sided","bonferroni","C","E","-0.80835296690219249","-0.90141241595685528","43","0.37239045622574241","1","NA","NA"
2,"pairwise_t",TRUE,"two.sided","bonferroni","D","E","-3.0233284762347399","-3.6600396308253056","43","0.00068493238732534906","0.0068493238732534904","NA","NA"
2,"pairwise_t",TRUE,"two.sided","hommel","A","B","0.96972287755542186","0.92990374333856374","43","0.35761222401668258","0.83946429162845682","NA","NA"
2,"pairwise_t",TRUE,"two.sided","hommel","A","C","0.60216255646342576","0.52492388679092605","43","0.60233222266714237","0.83946429162845682","NA","NA"
2,"pairwise_t",TRUE,"two.sided","hommel","A","D","2.817138065795973","2.5780394627266037","43","0.013445477159152877","0.11459988147356466","NA","NA"
2,"pairwise_t",TRUE,"two.sided","hommel","A","E","-0.20619041043876665","-0.20380896659653236","43","0.83946429162845682","0.83946429162845682","NA","NA"
2,"pairwise_t",TRUE,"two.sided","hommel","B","C","-0.36756032109199605","-0.39448514587354194","43","0.69517272124400475","0.83946429162845682","NA","NA"
2,"pairwise_t",TRUE,"two.sided","hommel","B","D","1.8474151882405514","2.1384836299649317","43","0.03819996049118822","0.26739972343831753","NA","NA"
2,"pairwise_t",TRUE,"two.sided","hommel","B","E","-1.1759132879941885","-1.5497757406094275","43","0.1285248717610708","0.74478091245148492","NA","NA"
2,"pairwise_t",TRUE,"two.sided","hommel","C","D","2.2149755093325476","2.2434603685341741","43","0.030071787537480254","0.21050251276236179","NA","NA"
2,"pairwise_t",TRUE,"two.sided","hommel","C","E","-0.80835296690219249","-0.90141241595685528","43","0.37239045622574241","0.83946429162845682","NA","NA"
2,"pairwise_t",TRUE,"two.sided","hommel","D","E","-3.0233284762347399","-3.6600396308253056","43","0.00068493238732534906","0.0068493238732534904","NA","NA"
2,"pairwise_t",TRUE,"less","holm","A","B","0.96972287755542186","0.92990374333856374","43","0.82119388799165871","1","NA","NA"
2,"pairwise_t",TRUE,"less","holm","A","C","0.60216255646342576","0.52492388679092605","43","0.69883388866642882","1","NA","NA"
2,"pairwise_t",TRUE,"less","holm","A","D","2.817138065795973","2.5780394627266037","43","0.9932772614204235","1","NA","NA"
2,"pairwise_t",TRUE,"less","holm","A","E","-0.20619041043876665","-0.20380896659653236","43","0.41973214581422841","1","NA","NA"
2,"pairwise_t",TRUE,"less","holm","B","C","-0.36756032109199605","-0.39448514587354194","43","0.34758636062200238","1","NA","NA"
2,"pairwise_t",TRUE,"less","holm","B","D","1.8474151882405514","2.1384836299649317","43","0.98090001975440588","1","NA","NA"
2,"pairwise_t",TRUE,"less","holm","B","E","-1.1759132879941885","-1.5497757406094275","43","0.064262435880535401","0.57836192292481858","NA","NA"
2,"pairwise_t",TRUE,"less","holm","C","D","2.2149755093325476","2.2434603685341741","43","0.98496410623125985","1","NA","NA"
2,"pairwise_t",TRUE,"less","holm","C","E","-0.80835296690219249","-0.90141241595685528","43","0.1861952281128712","1","NA","NA"
2,"pairwise_t",TRUE,"less","holm","D","E","-3.0233284762347399","-3.6600396308253056","43","0.00034246619366267453","0.0034246619366267452","NA","NA"
2,"pairwise_t",TRUE,"less","BH","A","B","0.96972287755542186","0.92990374333856374","43","0.82119388799165871","0.9932772614204235","NA","NA"
2,"pairwise_t",TRUE,"less","BH","A","C","0.60216255646342576","0.52492388679092605","43","0.69883388866642882","0.9932772614204235","NA","NA"
2,"pairwise_t",TRUE,"less","BH","A","D","2.817138065795973","2.5780394627266037","43","0.9932772614204235","0.9932772614204235","NA","NA"
2,"pairwise_t",TRUE,"less","BH","A","E","-0.20619041043876665","-0.20380896659653236","43","0.41973214581422841","0.83946429162845682","NA","NA"
2,"pairwise_t",TRUE,"less","BH","B","C","-0.36756032109199605","-0.39448514587354194","43","0.34758636062200238","0.83946429162845682","NA","NA"
2,"pairwise_t",TRUE,"less","BH","B","D","1.8474151882405514","2.1384836299649317","43","0.98090001975440588","0.9932772614204235","NA","NA"
2,"pairwise_t",TRUE,"less","BH","B","E","-1.1759132879941885","-1.5497757406094275","43","0.064262435880535401","0.32131217940267698","NA","NA"
2,"pairwise_t",TRUE,"less","BH","C","D","2.2149755093325476","2.2434603685341741","43","0.98496410623125985","0.9932772614204235","NA","NA"
2,"pairwise_t",TRUE,"less","BH","C","E","-0.80835296690219249","-0.90141241595685528","43","0.1861952281128712","0.62065076037623734","NA","NA"
2,"pairwise_t",TRUE,"less","BH","D","E","-3.0233284762347399","-3.6600396308253056","43","0.00034246619366267453","0.0034246619366267452","NA","NA"
2,"pairwise_t",TRUE,"less","none","A","B","0.96972287755542186","0.92990374333856374","43","0.82119388799165871","0.82119388799165871","NA","NA"
2,"pairwise_t",TRUE,"less","none","A","C","0.60216255646342576","0.52492388679092605","43","0.69883388866642882","0.69883388866642882","NA","NA"
2,"pairwise_t",TRUE,"less","none","A","D","2.817138065795973","2.5780394627266037","43","0.9932772614204235","0.9932772614204235","NA","NA"
2,"pairwise_t",TRUE,"less","none","A","E","-0.20619041043876665","-0.20380896659653236","43","0.41973214581422841","0.41973214581422841","NA","NA"
2,"pairwise_t",TRUE,"less","none","B","C","-0.36756032109199605","-0.39448514587354194","43","0.34758636062200238","0.34758636062200238","NA","NA"
2,"pairwise_t",TRUE,"less","none","B","D","1.8474151882405514","2.1384836299649317","43","0.98090001975440588","0.98090001975440588","NA","NA"
2,"pairwise_t",TRUE,"less","none","B","E","-1.1759132879941885","-1.5497757406094275","43","0.064262435880535401","0.064262435880535401","NA","NA"
2,"pairwise_t",TRUE,"less","none","C","D","2.2149755093325476","2.2434603685341741","43","0.98496410623125985","0.98496410623125985","NA","NA"
2,"pairwise_t",TRUE,"less","none","C","E","-0.80835296690219249","-0.90141241595685528","43","0.1861952281128712","0.1861952281128712","NA","NA"
2,"pairwise_t",TRUE,"less","none","D","E","-3.0233284762347399","-3.6600396308253056","43","0.00034246619366267453","0.00034246619366267453","NA","NA"
2,"pairwise_t",TRUE,"less","bonferroni","A","B","0.96972287755542186","0.92990374333856374","43","0.82119388799165871","1","NA","NA"
2,"pairwise_t",TRUE,"less","bonferroni","A","C","0.60216255646342576","0.52492388679092605","43","0.69883388866642882","1","NA","NA"
2,"pairwise_t",TRUE,"less","bonferroni","A","D","2.817138065795973","2.5780394627266037","43","0.9932772614204235","1","NA","NA"
2,"pairwise_t",TRUE,"less","bonferroni","A","E","-0.20619041043876665","-0.20380896659653236","43","0.41973214581422841","1","NA","NA"
2,"pairwise_t",TRUE,"less","bonferroni","B","C","-0.36756032109199605","-0.39448514587354194","43","0.34758636062200238","1","NA","NA"
2,"pairwise_t",TRUE,"less","bonferroni","B","D","1.8474151882405514","2.1384836299649317","43","0.98090001975440588","1","NA","NA"
2,"pairwise_t",TRUE,"less","bonferroni","B","E","-1.1759132879941885","-1.5497757406094275","43","0.064262435880535401","0.64262435880535396","NA","NA"
2,"pairwise_t",TRUE,"less","bonferroni","C","D","2.2149755093325476","2.2434603685341741","43","0.98496410623125985","1","NA","NA"
2,"pairwise_t",TRUE,"less","bonferroni","C","E","-0.80835296690219249","-0.90141241595685528","43","0.1861952281128712","1","NA","NA"
2,"pairwise_t",TRUE,"less","bonferroni","D","E","-3.0233284762347399","-3.6600396308253056","43","0.00034246619366267453","0.0034246619366267452","NA","NA"
2,"pairwise_t",TRUE,"less","hommel","A","B","0.96972287755542186","0.92990374333856374","43","0.82119388799165871","0.99327726142042361","NA","NA"
2,"pairwise_t",TRUE,"less","hommel","A","C","0.60216255646342576","0.52492388679092605","43","0.69883388866642882","0.99327726142042361","NA","NA"
2,"pairwise_t",TRUE,"less","hommel","A","D","2.817138065795973","2.5780394627266037","43","0.9932772614204235","0.99327726142042361","NA","NA"
2,"pairwise_t",TRUE,"less","hommel","A","E","-0.20619041043876665","-0.20380896659653236","43","0.41973214581422841","0.99327726142042361","NA","NA"
2,"pairwise_t",TRUE,"less","hommel","B","C","-0.36756032109199605","-0.39448514587354194","43","0.34758636062200238","0.99327726142042361","NA","NA"
2,"pairwise_t",TRUE,"less","hommel","B","D","1.8474151882405514","2.1384836299649317","43","0.98090001975440588","0.99327726142042361","NA","NA"
2,"pairwise_t",TRUE,"less","hommel","B","E","-1.1759132879941885","-1.5497757406094275","43","0.064262435880535401","0.57836192292481858","NA","NA"
2,"pairwise_t",TRUE,"less","hommel","C","D","2.2149755093325476","2.2434603685341741","43","0.98496410623125985","0.99327726142042361","NA","NA"
2,"pairwise_t",TRUE,"less","hommel","C","E","-0.80835296690219249","-0.90141241595685528","43","0.1861952281128712","0.9932772614204235","NA","NA"
2,"pairwise_t",TRUE,"less","hommel","D","E","-3.0233284762347399","-3.6600396308253056","43","0.00034246619366267453","0.0034246619366267452","NA","NA"
2,"pairwise_t",TRUE,"greater","holm","A","B","0.96972287755542186","0.92990374333856374","43","0.17880611200834129","1","NA","NA"
2,"pairwise_t",TRUE,"greater","holm","A","C","0.60216255646342576","0.52492388679092605","43","0.30116611133357118","1","NA","NA"
2,"pairwise_t",TRUE,"greater","holm","A","D","2.817138065795973","2.5780394627266037","43","0.0067227385795764387","0.067227385795764386","NA","NA"
2,"pairwise_t",TRUE,"greater","holm","A","E","-0.20619041043876665","-0.20380896659653236","43","0.58026785418577154","1","NA","NA"
2,"pairwise_t",TRUE,"greater","holm","B","C","-0.36756032109199605","-0.39448514587354194","43","0.65241363937799757","1","NA","NA"
2,"pairwise_t",TRUE,"greater","holm","B","D","1.8474151882405514","2.1384836299649317","43","0.01909998024559411","0.15279984196475288","NA","NA"
2,"pairwise_t",TRUE,"greater","holm","B","E","-1.1759132879941885","-1.5497757406094275","43","0.93573756411946463","1","NA","NA"
2,"pairwise_t",TRUE,"greater","holm","C","D","2.2149755093325476","2.2434603685341741","43","0.015035893768740127","0.13532304391866115","NA","NA"
2,"pairwise_t",TRUE,"greater","holm","C","E","-0.80835296690219249","-0.90141241595685528","43","0.81380477188712885","1","NA","NA"
2,"pairwise_t",TRUE,"greater","holm","D","E","-3.0233284762347399","-3.6600396308253056","43","0.99965753380633737","1","NA","NA"
2,"pairwise_t",TRUE,"greater","BH","A","B","0.96972287755542186","0.92990374333856374","43","0.17880611200834129","0.44701528002085322","NA","NA"
2,"pairwise_t",TRUE,"greater","BH","A","C","0.60216255646342576","0.52492388679092605","43","0.30116611133357118","0.60233222266714237","NA","NA"
2,"pairwise_t",TRUE,"greater","BH","A","D","2.817138065795973","2.5780394627266037","43","0.0067227385795764387","0.063666600818647043","NA","NA"
2,"pairwise_t",TRUE,"greater","BH","A","E","-0.20619041043876665","-0.20380896659653236","43","0.58026785418577154","0.93201948482571084","NA","NA"
2,"pairwise_t",TRUE,"greater","BH","B","C","-0.36756032109199605","-0.39448514587354194","43","0.65241363937799757","0.93201948482571084","NA","NA"
2,"pairwise_t",TRUE,"greater","BH","B","D","1.8474151882405514","2.1384836299649317","43","0.01909998024559411","0.063666600818647043","NA","NA"
2,"pairwise_t",TRUE,"greater","BH","B","E","-1.1759132879941885","-1.5497757406094275","43","0.93573756411946463","0.99965753380633737","NA","NA"
2,"pairwise_t",TRUE,"greater","BH","C","D","2.2149755093325476","2.2434603685341741","43","0.015035893768740127","0.063666600818647043","NA","NA"
2,"pairwise_t",TRUE,"greater","BH","C","E","-0.80835296690219249","-0.90141241595685528","43","0.81380477188712885","0.99965753380633737","NA","NA"
2,"pairwise_t",TRUE,"greater","BH","D","E","-3.0233284762347399","-3.6600396308253056","43","0.99965753380633737","0.99965753380633737","NA","NA"
2,"pairwise_t",TRUE,"greater","none","A","B","0.96972287755542186","0.92990374333856374","43","0.17880611200834129","0.17880611200834129","NA","NA"
2,"pairwise_t",TRUE,"greater","none","A","C","0.60216255646342576","0.52492388679092605","43","0.30116611133357118","0.30116611133357118","NA","NA"
2,"pairwise_t",TRUE,"greater","none","A","D","2.817138065795973","2.5780394627266037","43","0.0067227385795764387","0.0067227385795764387","NA","NA"
2,"pairwise_t",TRUE,"greater","none","A","E","-0.20619041043876665","-0.20380896659653236","43","0.58026785418577154","0.58026785418577154","NA","NA"
2,"pairwise_t",TRUE,"greater","none","B","C","-0.36756032109199605","-0.39448514587354194","43","0.65241363937799757","0.65241363937799757","NA","NA"
2,"pairwise_t",TRUE,"greater","none","B","D","1.8474151882405514","2.1384836299649317","43","0.01909998024559411","0.01909998024559411","NA","NA"
2,"pairwise_t",TRUE,"greater","none","B","E","-1.1759132879941885","-1.5497757406094275","43","0.93573756411946463","0.93573756411946463","NA","NA"
2,"pairwise_t",TRUE,"greater","none","C","D","2.2149755093325476","2.2434603685341741","43","0.015035893768740127","0.015035893768740127","NA","NA"
2,"pairwise_t",TRUE,"greater","none","C","E","-0.80835296690219249","-0.90141241595685528","43","0.81380477188712885","0.81380477188712885","NA","NA"
2,"pairwise_t",TRUE,"greater","none","D","E","-3.0233284762347399","-3.6600396308253056","43","0.99965753380633737","0.99965753380633737","NA","NA"
2,"pairwise_t",TRUE,"greater","bonferroni","A","B","0.96972287755542186","0.92990374333856374","43","0.17880611200834129","1","NA","NA"
2,"pairwise_t",TRUE,"greater","bonferroni","A","C","0.60216255646342576","0.52492388679092605","43","0.30116611133357118","1","NA","NA"
2,"pairwise_t",TRUE,"greater","bonferroni","A","D","2.817138065795973","2.5780394627266037","43","0.0067227385795764387","0.067227385795764386","NA","NA"
2,"pairwise_t",TRUE,"greater","bonferroni","A","E","-0.20619041043876665","-0.20380896659653236","43","0.58026785418577154","1","NA","NA"
2,"pairwise_t",TRUE,"greater","bonferroni","B","C","-0.36756032109199605","-0.39448514587354194","43","0.65241363937799757","1","NA","NA"
2,"pairwise_t",TRUE,"greater","bonferroni","B","D","1.8474151882405514","2.1384836299649317","43","0.01909998024559411","0.19099980245594111","NA","NA"
2,"pairwise_t",TRUE,"greater","bonferroni","B","E","-1.1759132879941885","-1.5497757406094275","43","0.93573756411946463","1","NA","NA"
2,"pairwise_t",TRUE,"greater","bonferroni","C","D","2.2149755093325476","2.2434603685341741","43","0.015035893768740127","0.15035893768740127","NA","NA"
2,"pairwise_t",TRUE,"greater","bonferroni","C","E","-0.80835296690219249","-0.90141241595685528","43","0.81380477188712885","1","NA","NA"
2,"pairwise_t",TRUE,"greater","bonferroni","D","E","-3.0233284762347399","-3.6600396308253056","43","0.99965753380633737","1","NA","NA"
2,"pairwise_t",TRUE,"greater","hommel","A","B","0.96972287755542186","0.92990374333856374","43","0.17880611200834129","0.99965753380633748","NA","NA"
2,"pairwise_t",TRUE,"greater","hommel","A","C","0.60216255646342576","0.52492388679092605","43","0.30116611133357118","0.99965753380633748","NA","NA"
2,"pairwise_t",TRUE,"greater","hommel","A","D","2.817138065795973","2.5780394627266037","43","0.0067227385795764387","0.063666600818647043","NA","NA"
2,"pairwise_t",TRUE,"greater","hommel","A","E","-0.20619041043876665","-0.20380896659653236","43","0.58026785418577154","0.99965753380633748","NA","NA"
2,"pairwise_t",TRUE,"greater","hommel","B","C","-0.36756032109199605","-0.39448514587354194","43","0.65241363937799757","0.99965753380633748","NA","NA"
2,"pairwise_t",TRUE,"greater","hommel","B","D","1.8474151882405514","2.1384836299649317","43","0.01909998024559411","0.15279984196475288","NA","NA"
2,"pairwise_t",TRUE,"greater","hommel","B","E","-1.1759132879941885","-1.5497757406094275","43","0.93573756411946463","0.99965753380633748","NA","NA"
2,"pairwise_t",TRUE,"greater","hommel","C","D","2.2149755093325476","2.2434603685341741","43","0.015035893768740127","0.12028715014992102","NA","NA"
2,"pairwise_t",TRUE,"greater","hommel","C","E","-0.80835296690219249","-0.90141241595685528","43","0.81380477188712885","0.99965753380633748","NA","NA"
2,"pairwise_t",TRUE,"greater","hommel","D","E","-3.0233284762347399","-3.6600396308253056","43","0.99965753380633737","0.99965753380633748","NA","NA"
2,"pairwise_t",FALSE,"two.sided","holm","A","B","0.96972287755542186","2.2204396278408538","14.864149802723809","0.04236579253838154","0.25419475523028923","NA","NA"
2,"pairwise_t",FALSE,"two.sided","holm","A","C","0.60216255646342576","1.6041204071867814","9.6280939773827949","0.14094646687979812","0.70473233439899063","NA","NA"
2,"pairwise_t",FALSE,"two.sided","holm","A","D","2.817138065795973","4.8930776057452139","10.103758645074462","0.00061090226970669293","0.0061090226970669289","NA","NA"
2,"pairwise_t",FALSE,"two.sided","holm","A","E","-0.20619041043876665","-0.2633434882696995","15.867480107152335","0.79567494711649034","1","NA","NA"
2,"pairwise_t",FALSE,"two.sided","holm","B","C","-0.36756032109199605","-0.74100175655812028","16.845090630333701","0.46889703756373757","1","NA","NA"
2,"pairwise_t",FALSE,"two.sided","holm","B","D","1.8474151882405514","2.795875906006092","15.365398132986062","0.013334498606492646","0.093341490245448522","NA","NA"
2,"pairwise_t",FALSE,"two.sided","holm","B","E","-1.1759132879941885","-1.3875841429852818","20.453931504391775","0.18019679250476067","0.72078717001904269","NA","NA"
2,"pairwise_t",FALSE,"two.sided","holm","C","D","2.2149755093325476","3.5614676871990016","12.445340869712082","0.0037079356901598805","0.032206675297248223","NA","NA"
2,"pairwise_t",FALSE,"two.sided","holm","C","E","-0.80835296690219249","-0.98876951851440908","17.989458447162502","0.33588956722244845","1","NA","NA"
2,"pairwise_t",FALSE,"two.sided","holm","D","E","-3.0233284762347399","-3.2621794918208313","21.928108790989086","0.0035785194774720251","0.032206675297248223","NA","NA"
2,"pairwise_t",FALSE,"two.sided","BH","A","B","0.96972287755542186","2.2204396278408538","14.864149802723809","0.04236579253838154","0.08473158507676308","NA","NA"
2,"pairwise_t",FALSE,"two.sided","BH","A","C","0.60216255646342576","1.6041204071867814","9.6280939773827949","0.14094646687979812","0.23491077813299688","NA","NA"
2,"pairwise_t",FALSE,"two.sided","BH","A","D","2.817138065795973","4.8930776057452139","10.103758645074462","0.00061090226970669293","0.0061090226970669289","NA","NA"
2,"pairwise_t",FALSE,"two.sided","BH","A","E","-0.20619041043876665","-0.2633434882696995","15.867480107152335","0.79567494711649034","0.79567494711649034","NA","NA"
2,"pairwise_t",FALSE,"two.sided","BH","B","C","-0.36756032109199605","-0.74100175655812028","16.845090630333701","0.46889703756373757","0.52099670840415291","NA","NA"
2,"pairwise_t",FALSE,"two.sided","BH","B","D","1.8474151882405514","2.795875906006092","15.365398132986062","0.013334498606492646","0.033336246516231613","NA","NA"
2,"pairwise_t",FALSE,"two.sided","BH","B","E","-1.1759132879941885","-1.3875841429852818","20.453931504391775","0.18019679250476067","0.25742398929251525","NA","NA"
2,"pairwise_t",FALSE,"two.sided","BH","C","D","2.2149755093325476","3.5614676871990016","12.445340869712082","0.0037079356901598805","0.012359785633866268","NA","NA"
2,"pairwise_t",FALSE,"two.sided","BH","C","E","-0.80835296690219249","-0.98876951851440908","17.989458447162502","0.33588956722244845","0.41986195902806056","NA","NA"
2,"pairwise_t",FALSE,"two.sided","BH","D","E","-3.0233284762347399","-3.2621794918208313","21.928108790989086","0.0035785194774720251","0.012359785633866268","NA","NA"
2,"pairwise_t",FALSE,"two.sided","none","A","B","0.96972287755542186","2.2204396278408538","14.864149802723809","0.04236579253838154","0.04236579253838154","NA","NA"
2,"pairwise_t",FALSE,"two.sided","none","A","C","0.60216255646342576","1.6041204071867814","9.6280939773827949","0.14094646687979812","0.14094646687979812","NA","NA"
2,"pairwise_t",FALSE,"two.sided","none","A","D","2.817138065795973","4.8930776057452139","10.103758645074462","0.00061090226970669293","0.00061090226970669293","NA","NA"
2,"pairwise_t",FALSE,"two.sided","none","A","E","-0.20619041043876665","-0.2633434882696995","15.867480107152335","0.79567494711649034","0.79567494711649034","NA","NA"
2,"pairwise_t",FALSE,"two.sided","none","B","C","-0.36756032109199605","-0.74100175655812028","16.845090630333701","0.46889703756373757","0.46889703756373757","NA","NA"
2,"pairwise_t",FALSE,"two.sided","none","B","D","1.8474151882405514","2.795875906006092","15.365398132986062","0.013334498606492646","0.013334498606492646","NA","NA"
2,"pairwise_t",FALSE,"two.sided","none","B","E","-1.1759132879941885","-1.3875841429852818","20.453931504391775","0.18019679250476067","0.18019679250476067","NA","NA"
2,"pairwise_t",FALSE,"two.sided","none","C","D","2.2149755093325476","3.5614676871990016","12.445340869712082","0.0037079356901598805","0.0037079356901598805","NA","NA"
2,"pairwise_t",FALSE,"two.sided","none","C","E","-0.80835296690219249","-0.98876951851440908","17.989458447162502","0.33588956722244845","0.33588956722244845","NA","NA"
2,"pairwise_t",FALSE,"two.sided","none","D","E","-3.0233284762347399","-3.2621794918208313","21.928108790989086","0.0035785194774720251","0.0035785194774720251","NA","NA"
2,"pairwise_t",FALSE,"two.sided","bonferroni","A","B","0.96972287755542186","2.2204396278408538","14.864149802723809","0.04236579253838154","0.42365792538381541","NA","NA"
2,"pairwise_t",FALSE,"two.sided","bonferroni","A","C","0.60216255646342576","1.6041204071867814","9.6280939773827949","0.14094646687979812","1","NA","NA"
2,"pairwise_t",FALSE,"two.sided","bonferroni","A","D","2.817138065795973","4.8930776057452139","10.103758645074462","0.00061090226970669293","0.0061090226970669289","NA","NA"
2,"pairwise_t",FALSE,"two.sided","bonferroni","A","E","-0.20619041043876665","-0.2633434882696995","15.867480107152335","0.79567494711649034","1","NA","NA"
2,"pairwise_t",FALSE,"two.sided","bonferroni","B","C","-0.36756032109199605","-0.74100175655812028","16.845090630333701","0.46889703756373757","1","NA","NA"
2,"pairwise_t",FALSE,"two.sided","bonferroni","B","D","1.8474151882405514","2.795875906006092","15.365398132986062","0.013334498606492646","0.13334498606492645","NA","NA"
2,"pairwise_t",FALSE,"two.sided","bonferroni","B","E","-1.1759132879941885","-1.3875841429852818","20.453931504391775","0.18019679250476067","1","NA","NA"
2,"pairwise_t",FALSE,"two.sided","bonferroni","C","D","2.2149755093325476","3.5614676871990016","12.445340869712082","0.0037079356901598805","0.037079356901598803","NA","NA"
2,"pairwise_t",FALSE,"two.sided","bonferroni","C","E","-0.80835296690219249","-0.98876951851440908","17.989458447162502","0.33588956722244845","1","NA","NA"
2,"pairwise_t",FALSE,"two.sided","bonferroni","D","E","-3.0233284762347399","-3.2621794918208313","21.928108790989086","0.0035785194774720251","0.035785194774720253","NA","NA"
2,"pairwise_t",FALSE,"two.sided","hommel","A","B","0.96972287755542186","2.2204396278408538","14.864149802723809","0.04236579253838154","0.25419475523028923","NA","NA"
2,"pairwise_t",FALSE,"two.sided","hommel","A","C","0.60216255646342576","1.6041204071867814","9.6280939773827949","0.14094646687979812","0.56378586751919246","NA","NA"
2,"pairwise_t",FALSE,"two.sided","hommel","A","D","2.817138065795973","4.8930776057452139","10.103758645074462","0.00061090226970669293","0.0061090226970669289","NA","NA"
2,"pairwise_t",FALSE,"two.sided","hommel","A","E","-0.20619041043876665","-0.2633434882696995","15.867480107152335","0.79567494711649034","0.79567494711649034","NA","NA"
2,"pairwise_t",FALSE,"two.sided","hommel","B","C","-0.36756032109199605","-0.74100175655812028","16.845090630333701","0.46889703756373757","0.79567494711649034","NA","NA"
2,"pairwise_t",FALSE,"two.sided","hommel","B","D","1.8474151882405514","2.795875906006092","15.365398132986062","0.013334498606492646","0.093341490245448522","NA","NA"
2,"pairwise_t",FALSE,"two.sided","hommel","B","E","-1.1759132879941885","-1.3875841429852818","20.453931504391775","0.18019679250476067","0.62519605008498347","NA","NA"
2,"pairwise_t",FALSE,"two.sided","hommel","C","D","2.2149755093325476","3.5614676871990016","12.445340869712082","0.0037079356901598805","0.029663485521279044","NA","NA"
2,"pairwise_t",FALSE,"two.sided","hommel","C","E","-0.80835296690219249","-0.98876951851440908","17.989458447162502","0.33588956722244845","0.70334555634560636","NA","NA"
2,"pairwise_t",FALSE,"two.sided","hommel","D","E","-3.0233284762347399","-3.2621794918208313","21.928108790989086","0.0035785194774720251","0.028628155819776201","NA","NA"
2,"pairwise_t",FALSE,"less","holm","A","B","0.96972287755542186","2.2204396278408538","14.864149802723809","0.97881710373080921","1","NA","NA"
2,"pairwise_t",FALSE,"less","holm","A","C","0.60216255646342576","1.6041204071867814","9.6280939773827949","0.92952676656010091","1","NA","NA"
2,"pairwise_t",FALSE,"less","holm","A","D","2.817138065795973","4.8930776057452139","10.103758645074462","0.99969454886514664","1","NA","NA"
2,"pairwise_t",FALSE,"less","holm","A","E","-0.20619041043876665","-0.2633434882696995","15.867480107152335","0.39783747355824517","1","NA","NA"
2,"pairwise_t",FALSE,"less","holm","B","C","-0.36756032109199605","-0.74100175655812028","16.845090630333701","0.23444851878186879","1","NA","NA"
2,"pairwise_t",FALSE,"less","holm","B","D","1.8474151882405514","2.795875906006092","15.365398132986062","0.99333275069675375","1","NA","NA"
2,"pairwise_t",FALSE,"less","holm","B","E","-1.1759132879941885","-1.3875841429852818","20.453931504391775","0.090098396252380336","0.81088556627142305","NA","NA"
2,"pairwise_t",FALSE,"less","holm","C","D","2.2149755093325476","3.5614676871990016","12.445340869712082","0.99814603215492004","1","NA","NA"
2,"pairwise_t",FALSE,"less","holm","C","E","-0.80835296690219249","-0.98876951851440908","17.989458447162502","0.16794478361122422","1","NA","NA"
2,"pairwise_t",FALSE,"less","holm","D","E","-3.0233284762347399","-3.2621794918208313","21.928108790989086","0.0017892597387360125","0.017892597387360126","NA","NA"
2,"pairwise_t",FALSE,"less","BH","A","B","0.96972287755542186","2.2204396278408538","14.864149802723809","0.97881710373080921","0.99969454886514664","NA","NA"
2,"pairwise_t",FALSE,"less","BH","A","C","0.60216255646342576","1.6041204071867814","9.6280939773827949","0.92952676656010091","0.99969454886514664","NA","NA"
2,"pairwise_t",FALSE,"less","BH","A","D","2.817138065795973","4.8930776057452139","10.103758645074462","0.99969454886514664","0.99969454886514664","NA","NA"
2,"pairwise_t",FALSE,"less","BH","A","E","-0.20619041043876665","-0.2633434882696995","15.867480107152335","0.39783747355824517","0.79567494711649034","NA","NA"
2,"pairwise_t",FALSE,"less","BH","B","C","-0.36756032109199605","-0.74100175655812028","16.845090630333701","0.23444851878186879","0.58612129695467197","NA","NA"
2,"pairwise_t",FALSE,"less","BH","B","D","1.8474151882405514","2.795875906006092","15.365398132986062","0.99333275069675375","0.99969454886514664","NA","NA"
2,"pairwise_t",FALSE,"less","BH","B","E","-1.1759132879941885","-1.3875841429852818","20.453931504391775","0.090098396252380336","0.45049198126190171","NA","NA"
2,"pairwise_t",FALSE,"less","BH","C","D","2.2149755093325476","3.5614676871990016","12.445340869712082","0.99814603215492004","0.99969454886514664","NA","NA"
2,"pairwise_t",FALSE,"less","BH","C","E","-0.80835296690219249","-0.98876951851440908","17.989458447162502","0.16794478361122422","0.55981594537074741","NA","NA"
2,"pairwise_t",FALSE,"less","BH","D","E","-3.0233284762347399","-3.2621794918208313","21.928108790989086","0.0017892597387360125","0.017892597387360126","NA","NA"
2,"pairwise_t",FALSE,"less","none","A","B","0.96972287755542186","2.2204396278408538","14.864149802723809","0.97881710373080921","0.97881710373080921","NA","NA"
2,"pairwise_t",FALSE,"less","none","A","C","0.60216255646342576","1.6041204071867814","9.6280939773827949","0.92952676656010091","0.92952676656010091","NA","NA"
2,"pairwise_t",FALSE,"less","none","A","D","2.817138065795973","4.8930776057452139","10.103758645074462","0.99969454886514664","0.99969454886514664","NA","NA"
2,"pairwise_t",FALSE,"less","none","A","E","-0.20619041043876665","-0.2633434882696995","15.867480107152335","0.39783747355824517","0.39783747355824517","NA","NA"
2,"pairwise_t",FALSE,"less","none","B","C","-0.36756032109199605","-0.74100175655812028","16.845090630333701","0.23444851878186879","0.23444851878186879","NA","NA"
2,"pairwise_t",FALSE,"less","none","B","D","1.8474151882405514","2.795875906006092","15.365398132986062","0.99333275069675375","0.99333275069675375","NA","NA"
2,"pairwise_t",FALSE,"less","none","B","E","-1.1759132879941885","-1.3875841429852818","20.453931504391775","0.090098396252380336","0.090098396252380336","NA","NA"
2,"pairwise_t",FALSE,"less","none","C","D","2.2149755093325476","3.5614676871990016","12.445340869712082","0.99814603215492004","0.99814603215492004","NA","NA"
2,"pairwise_t",FALSE,"less","none","C","E","-0.80835296690219249","-0.98876951851440908","17.989458447162502","0.16794478361122422","0.16794478361122422","NA","NA"
2,"pairwise_t",FALSE,"less","none","D","E","-3.0233284762347399","-3.2621794918208313","21.928108790989086","0.0017892597387360125","0.0017892597387360125","NA","NA"
2,"pairwise_t",FALSE,"less","bonferroni","A","B","0.96972287755542186","2.2204396278408538","14.864149802723809","0.97881710373080921","1","NA","NA"
2,"pairwise_t",FALSE,"less","bonferroni","A","C","0.60216255646342576","1.6041204071867814","9.6280939773827949","0.92952676656010091","1","NA","NA"
2,"pairwise_t",FALSE,"less","bonferroni","A","D","2.817138065795973","4.8930776057452139","10.103758645074462","0.99969454886514664","1","NA","NA"
2,"pairwise_t",FALSE,"less","bonferroni","A","E","-0.20619041043876665","-0.2633434882696995","15.867480107152335","0.39783747355824517","1","NA","NA"
2,"pairwise_t",FALSE,"less","bonferroni","B","C","-0.36756032109199605","-0.74100175655812028","16.845090630333701","0.23444851878186879","1","NA","NA"
2,"pairwise_t",FALSE,"less","bonferroni","B","D","1.8474151882405514","2.795875906006092","15.365398132986062","0.99333275069675375","1","NA","NA"
2,"pairwise_t",FALSE,"less","bonferroni","B","E","-1.1759132879941885","-1.3875841429852818","20.453931504391775","0.090098396252380336","0.90098396252380342","NA","NA"
2,"pairwise_t",FALSE,"less","bonferroni","C","D","2.2149755093325476","3.5614676871990016","12.445340869712082","0.99814603215492004","1","NA","NA"
2,"pairwise_t",FALSE,"less","bonferroni","C","E","-0.80835296690219249","-0.98876951851440908","17.989458447162502","0.16794478361122422","1","NA","NA"
2,"pairwise_t",FALSE,"less","bonferroni","D","E","-3.0233284762347399","-3.2621794918208313","21.928108790989086","0.0017892597387360125","0.017892597387360126","NA","NA"
2,"pairwise_t",FALSE,"less","hommel","A","B","0.96972287755542186","2.2204396278408538","14.864149802723809","0.97881710373080921","0.99969454886514664","NA","NA"
2,"pairwise_t",FALSE,"less","hommel","A","C","0.60216255646342576","1.6041204071867814","9.6280939773827949","0.92952676656010091","0.99969454886514664","NA","NA"
2,"pairwise_t",FALSE,"less","hommel","A","D","2.817138065795973","4.8930776057452139","10.103758645074462","0.99969454886514664","0.99969454886514664","NA","NA"
2,"pairwise_t",FALSE,"less","hommel","A","E","-0.20619041043876665","-0.2633434882696995","15.867480107152335","0.39783747355824517","0.99969454886514664","NA","NA"
2,"pairwise_t",FALSE,"less","hommel","B","C","-0.36756032109199605","-0.74100175655812028","16.845090630333701","0.23444851878186879","0.99969454886514664","NA","NA"
2,"pairwise_t",FALSE,"less","hommel","B","D","1.8474151882405514","2.795875906006092","15.365398132986062","0.99333275069675375","0.99969454886514664","NA","NA"
2,"pairwise_t",FALSE,"less","hommel","B","E","-1.1759132879941885","-1.3875841429852818","20.453931504391775","0.090098396252380336","0.72078717001904269","NA","NA"
2,"pairwise_t",FALSE,"less","hommel","C","D","2.2149755093325476","3.5614676871990016","12.445340869712082","0.99814603215492004","0.99969454886514664","NA","NA"
2,"pairwise_t",FALSE,"less","hommel","C","E","-0.80835296690219249","-0.98876951851440908","17.989458447162502","0.16794478361122422","0.99969454886514664","NA","NA"
2,"pairwise_t",FALSE,"less","hommel","D","E","-3.0233284762347399","-3.2621794918208313","21.928108790989086","0.0017892597387360125","0.017892597387360126","NA","NA"
2,"pairwise_t",FALSE,"greater","holm","A","B","0.96972287755542186","2.2204396278408538","14.864149802723809","0.02118289626919077","0.1482802738843354","NA","NA"
2,"pairwise_t",FALSE,"greater","holm","A","C","0.60216255646342576","1.6041204071867814","9.6280939773827949","0.070473233439899058","0.42283940063939435","NA","NA"
2,"pairwise_t",FALSE,"greater","holm","A","D","2.817138065795973","4.8930776057452139","10.103758645074462","0.00030545113485334647","0.0030545113485334644","NA","NA"
2,"pairwise_t",FALSE,"greater","holm","A","E","-0.20619041043876665","-0.2633434882696995","15.867480107152335","0.60216252644175483","1","NA","NA"
2,"pairwise_t",FALSE,"greater","holm","B","C","-0.36756032109199605","-0.74100175655812028","16.845090630333701","0.76555148121813121","1","NA","NA"
2,"pairwise_t",FALSE,"greater","holm","B","D","1.8474151882405514","2.795875906006092","15.365398132986062","0.0066672493032463231","0.053337994425970585","NA","NA"
2,"pairwise_t",FALSE,"greater","holm","B","E","-1.1759132879941885","-1.3875841429852818","20.453931504391775","0.90990160374761964","1","NA","NA"
2,"pairwise_t",FALSE,"greater","holm","C","D","2.2149755093325476","3.5614676871990016","12.445340869712082","0.0018539678450799403","0.016685710605719464","NA","NA"
2,"pairwise_t",FALSE,"greater","holm","C","E","-0.80835296690219249","-0.98876951851440908","17.989458447162502","0.83205521638877578","1","NA","NA"
2,"pairwise_t",FALSE,"greater","holm","D","E","-3.0233284762347399","-3.2621794918208313","21.928108790989086","0.998210740261264","1","NA","NA"
2,"pairwise_t",FALSE,"greater","BH","A","B","0.96972287755542186","2.2204396278408538","14.864149802723809","0.02118289626919077","0.052957240672976927","NA","NA"
2,"pairwise_t",FALSE,"greater","BH","A","C","0.60216255646342576","1.6041204071867814","9.6280939773827949","0.070473233439899058","0.14094646687979812","NA","NA"
2,"pairwise_t",FALSE,"greater","BH","A","D","2.817138065795973","4.8930776057452139","10.103758645074462","0.00030545113485334647","0.0030545113485334644","NA","NA"
2,"pairwise_t",FALSE,"greater","BH","A","E","-0.20619041043876665","-0.2633434882696995","15.867480107152335","0.60216252644175483","0.998210740261264","NA","NA"
2,"pairwise_t",FALSE,"greater","BH","B","C","-0.36756032109199605","-0.74100175655812028","16.845090630333701","0.76555148121813121","0.998210740261264","NA","NA"
2,"pairwise_t",FALSE,"greater","BH","B","D","1.8474151882405514","2.795875906006092","15.365398132986062","0.0066672493032463231","0.022224164344154411","NA","NA"
2,"pairwise_t",FALSE,"greater","BH","B","E","-1.1759132879941885","-1.3875841429852818","20.453931504391775","0.90990160374761964","0.998210740261264","NA","NA"
2,"pairwise_t",FALSE,"greater","BH","C","D","2.2149755093325476","3.5614676871990016","12.445340869712082","0.0018539678450799403","0.0092698392253997008","NA","NA"
2,"pairwise_t",FALSE,"greater","BH","C","E","-0.80835296690219249","-0.98876951851440908","17.989458447162502","0.83205521638877578","0.998210740261264","NA","NA"
2,"pairwise_t",FALSE,"greater","BH","D","E","-3.0233284762347399","-3.2621794918208313","21.928108790989086","0.998210740261264","0.998210740261264","NA","NA"
2,"pairwise_t",FALSE,"greater","none","A","B","0.96972287755542186","2.2204396278408538","14.864149802723809","0.02118289626919077","0.02118289626919077","NA","NA"
2,"pairwise_t",FALSE,"greater","none","A","C","0.60216255646342576","1.6041204071867814","9.6280939773827949","0.070473233439899058","0.070473233439899058","NA","NA"
2,"pairwise_t",FALSE,"greater","none","A","D","2.817138065795973","4.8930776057452139","10.103758645074462","0.00030545113485334647","0.00030545113485334647","NA","NA"
2,"pairwise_t",FALSE,"greater","none","A","E","-0.20619041043876665","-0.2633434882696995","15.867480107152335","0.60216252644175483","0.60216252644175483","NA","NA"
2,"pairwise_t",FALSE,"greater","none","B","C","-0.36756032109199605","-0.74100175655812028","16.845090630333701","0.76555148121813121","0.76555148121813121","NA","NA"
2,"pairwise_t",FALSE,"greater","none","B","D","1.8474151882405514","2.795875906006092","15.365398132986062","0.0066672493032463231","0.0066672493032463231","NA","NA"
2,"pairwise_t",FALSE,"greater","none","B","E","-1.1759132879941885","-1.3875841429852818","20.453931504391775","0.90990160374761964","0.90990160374761964","NA","NA"
2,"pairwise_t",FALSE,"greater","none","C","D","2.2149755093325476","3.5614676871990016","12.445340869712082","0.0018539678450799403","0.0018539678450799403","NA","NA"
2,"pairwise_t",FALSE,"greater","none","C","E","-0.80835296690219249","-0.98876951851440908","17.989458447162502","0.83205521638877578","0.83205521638877578","NA","NA"
2,"pairwise_t",FALSE,"greater","none","D","E","-3.0233284762347399","-3.2621794918208313","21.928108790989086","0.998210740261264","0.998210740261264","NA","NA"
2,"pairwise_t",FALSE,"greater","bonferroni","A","B","0.96972287755542186","2.2204396278408538","14.864149802723809","0.02118289626919077","0.21182896269190771","NA","NA"
2,"pairwise_t",FALSE,"greater","bonferroni","A","C","0.60216255646342576","1.6041204071867814","9.6280939773827949","0.070473233439899058","0.70473233439899063","NA","NA"
2,"pairwise_t",FALSE,"greater","bonferroni","A","D","2.817138065795973","4.8930776057452139","10.103758645074462","0.00030545113485334647","0.0030545113485334644","NA","NA"
2,"pairwise_t",FALSE,"greater","bonferroni","A","E","-0.20619041043876665","-0.2633434882696995","15.867480107152335","0.60216252644175483","1","NA","NA"
2,"pairwise_t",FALSE,"greater","bonferroni","B","C","-0.36756032109199605","-0.74100175655812028","16.845090630333701","0.76555148121813121","1","NA","NA"
2,"pairwise_t",FALSE,"greater","bonferroni","B","D","1.8474151882405514","2.795875906006092","15.365398132986062","0.0066672493032463231","0.066672493032463226","NA","NA"
2,"pairwise_t",FALSE,"greater","bonferroni","B","E","-1.1759132879941885","-1.3875841429852818","20.453931504391775","0.90990160374761964","1","NA","NA"
2,"pairwise_t",FALSE,"greater","bonferroni","C","D","2.2149755093325476","3.5614676871990016","12.445340869712082","0.0018539678450799403","0.018539678450799402","NA","NA"
2,"pairwise_t",FALSE,"greater","bonferroni","C","E","-0.80835296690219249","-0.98876951851440908","17.989458447162502","0.83205521638877578","1","NA","NA"
2,"pairwise_t",FALSE,"greater","bonferroni","D","E","-3.0233284762347399","-3.2621794918208313","21.928108790989086","0.998210740261264","1","NA","NA"
2,"pairwise_t",FALSE,"greater","hommel","A","B","0.96972287755542186","2.2204396278408538","14.864149802723809","0.02118289626919077","0.1482802738843354","NA","NA"
2,"pairwise_t",FALSE,"greater","hommel","A","C","0.60216255646342576","1.6041204071867814","9.6280939773827949","0.070473233439899058","0.42283940063939435","NA","NA"
2,"pairwise_t",FALSE,"greater","hommel","A","D","2.817138065795973","4.8930776057452139","10.103758645074462","0.00030545113485334647","0.0030545113485334644","NA","NA"
2,"pairwise_t",FALSE,"greater","hommel","A","E","-0.20619041043876665","-0.2633434882696995","15.867480107152335","0.60216252644175483","0.998210740261264","NA","NA"
2,"pairwise_t",FALSE,"greater","hommel","B","C","-0.36756032109199605","-0.74100175655812028","16.845090630333701","0.76555148121813121","0.998210740261264","NA","NA"
2,"pairwise_t",FALSE,"greater","hommel","B","D","1.8474151882405514","2.795875906006092","15.365398132986062","0.0066672493032463231","0.053337994425970585","NA","NA"
2,"pairwise_t",FALSE,"greater","hommel","B","E","-1.1759132879941885","-1.3875841429852818","20.453931504391775","0.90990160374761964","0.998210740261264","NA","NA"
2,"pairwise_t",FALSE,"greater","hommel","C","D","2.2149755093325476","3.5614676871990016","12.445340869712082","0.0018539678450799403","0.016685710605719464","NA","NA"
2,"pairwise_t",FALSE,"greater","hommel","C","E","-0.80835296690219249","-0.98876951851440908","17.989458447162502","0.83205521638877578","0.998210740261264","NA","NA"
2,"pairwise_t",FALSE,"greater","hommel","D","E","-3.0233284762347399","-3.2621794918208313","21.928108790989086","0.998210740261264","0.998210740261264","NA","NA"
2,"tukey",NA,"two.sided","0.95","A","B","0.9697228775554223","NA","43","0.88370097610725473","0.88370097610725473","-1.9990692752133834","3.9385150303242282"
2,"tukey",NA,"two.sided","0.95","A","C","0.60216255646342542","NA","43","0.98432703059846571","0.98432703059846571","-2.6636222088553492","3.8679473217822"
2,"tukey",NA,"two.sided","0.95","A","D","2.8171380657959739","NA","43","0.092559789136823056","0.092559789136823056","-0.29378104495410051","5.9280571765460479"
2,"tukey",NA,"two.sided","0.95","A","E","-0.20619041043876585","NA","43","0.99959946463165217","0.99959946463165217","-3.0863418519377372","2.6739610310602053"
2,"tukey",NA,"two.sided","0.95","B","C","-0.36756032109199682","NA","43","0.99469287291026565","0.99469287291026565","-3.0201380279230214","2.2850173857390281"
2,"tukey",NA,"two.sided","0.95","B","D","1.8474151882405516","NA","43","0.22294811966997918","0.22294811966997918","-0.61198231338840858","4.3068126898695116"
2,"tukey",NA,"two.sided","0.95","B","E","-1.175913287994188","NA","43","0.53681816610311661","0.53681816610311661","-3.3360268691184163","0.9842002931300402"
2,"tukey",NA,"two.sided","0.95","C","D","2.2149755093325485","NA","43","0.18360292199563799","0.18360292199563799","-0.59576449252912012","5.0257155111942176"
2,"tukey",NA,"two.sided","0.95","C","E","-0.80835296690219138","NA","43","0.8947792632697571","0.8947792632697571","-3.3613343554759312","1.7446284216715484"
2,"tukey",NA,"two.sided","0.95","D","E","-3.0233284762347399","NA","43","0.005862904604845065","0.005862904604845065","-5.3749622807727118","-0.67169467169676844"
2,"tukey",NA,"two.sided","0.9","A","B","0.9697228775554223","NA","43","0.88370097610725473","0.88370097610725473","-1.6816164988011686","3.6210622539120134"
2,"tukey",NA,"two.sided","0.9","A","C","0.60216255646342542","NA","43","0.98432703059846571","0.98432703059846571","-2.3144120292379369","3.5187371421647877"
2,"tukey",NA,"two.sided","0.9","A","D","2.8171380657959739","NA","43","0.092559789136823056","0.092559789136823056","0.038869359009135795","5.5954067725828125"
2,"tukey",NA,"two.sided","0.9","A","E","-0.20619041043876585","NA","43","0.99959946463165217","0.99959946463165217","-2.7783674217511143","2.3659866008735824"
2,"tukey",NA,"two.sided","0.9","B","C","-0.36756032109199682","NA","43","0.99469287291026565","0.99469287291026565","-2.736498044269295","2.0013774020853017"
2,"tukey",NA,"two.sided","0.9","B","D","1.8474151882405516","NA","43","0.22294811966997918","0.22294811966997918","-0.34899907811367625","4.0438294545947793"
2,"tukey",NA,"two.sided","0.9","B","E","-1.175913287994188","NA","43","0.53681816610311661","0.53681816610311661","-3.1050460464784493","0.75321947049007298"
2,"tukey",NA,"two.sided","0.9","C","D","2.2149755093325485","NA","43","0.18360292199563799","0.18360292199563799","-0.2952122236437118","4.7251632423088088"
2,"tukey",NA,"two.sided","0.9","C","E","-0.80835296690219138","NA","43","0.8947792632697571","0.8947792632697571","-3.088344200481218","1.4716382666768353"
2,"tukey",NA,"two.sided","0.9","D","E","-3.0233284762347399","NA","43","0.005862904604845065","0.005862904604845065","-5.1235022115121689","-0.92315474095731087"
2,"tukey",NA,"two.sided","0.99","A","B","0.9697228775554223","NA","43","0.88370097610725473","0.88370097610725473","-2.6484911978919925","4.5879369530028367"
2,"tukey",NA,"two.sided","0.99","A","C","0.60216255646342542","NA","43","0.98432703059846571","0.98432703059846571","-3.378011129403331","4.5823362423301823"
2,"tukey",NA,"two.sided","0.99","A","D","2.8171380657959739","NA","43","0.092559789136823056","0.092559789136823056","-0.97429317454752296","6.6085693061394704"
2,"tukey",NA,"two.sided","0.99","A","E","-0.20619041043876585","NA","43","0.99959946463165217","0.99959946463165217","-3.7163736596543511","3.3039928387768192"
2,"tukey",NA,"two.sided","0.99","B","C","-0.36756032109199682","NA","43","0.99469287291026565","0.99469287291026565","-3.600388185488959","2.8652675433049657"
2,"tukey",NA,"two.sided","0.99","B","D","1.8474151882405516","NA","43","0.22294811966997918","0.22294811966997918","-1.1499743896101304","4.8448047660912339"
2,"tukey",NA,"two.sided","0.99","B","E","-1.175913287994188","NA","43","0.53681816610311661","0.53681816610311661","-3.8085507249058765","1.4567241489175005"
2,"tukey",NA,"two.sided","0.99","C","D","2.2149755093325485","NA","43","0.18360292199563799","0.18360292199563799","-1.2106125796396601","5.6405635983047571"
2,"tukey",NA,"two.sided","0.99","C","E","-0.80835296690219138","NA","43","0.8947792632697571","0.8947792632697571","-3.9197978640728488","2.303091930268466"
2,"tukey",NA,"two.sided","0.99","D","E","-3.0233284762347399","NA","43","0.005862904604845065","0.005862904604845065","-5.8893810976490411","-0.15727585482043871"
2,"dunn",NA,"two.sided","holm","A","B","NA","-1.359801317784896","NA","0.17389280529256662","1","NA","NA"
2,"dunn",NA,"two.sided","holm","A","C","NA","-0.88179542305706726","NA","0.37788744719515022","1","NA","NA"
2,"dunn",NA,"two.sided","holm","B","C","NA","0.43625995190896139","NA","0.66264813480512363","1","NA","NA"
2,"dunn",NA,"two.sided","holm","A","D","NA","-3.0193751297709324","NA","0.0025329668494849778","0.022796701645364799","NA","NA"
2,"dunn",NA,"two.sided","holm","B","D","NA","-2.1777952968626906","NA","0.02942128021002121","0.20594896147014846","NA","NA"
2,"dunn",NA,"two.sided","holm","C","D","NA","-2.3172821857113344","NA","0.02048836506972309","0.16390692055778472","NA","NA"
2,"dunn",NA,"two.sided","holm","A","E","NA","-0.57172611301157106","NA","0.5675075406389789","1","NA","NA"
2,"dunn",NA,"two.sided","holm","B","E","NA","1.1065666703449761","NA","0.26848132408957859","1","NA","NA"
2,"dunn",NA,"two.sided","holm","C","E","NA","0.48300245185242086","NA","0.62909399531231114","1","NA","NA"
2,"dunn",NA,"two.sided","holm","D","E","NA","3.2940392293420619","NA","0.0009875871429371639","0.0098758714293716385","NA","NA"
2,"dunn",NA,"two.sided","BH","A","B","NA","-1.359801317784896","NA","0.17389280529256662","0.34778561058513324","NA","NA"
2,"dunn",NA,"two.sided","BH","A","C","NA","-0.88179542305706726","NA","0.37788744719515022","0.53983921027878601","NA","NA"
2,"dunn",NA,"two.sided","BH","B","C","NA","0.43625995190896139","NA","0.66264813480512363","0.66264813480512363","NA","NA"
2,"dunn",NA,"two.sided","BH","A","D","NA","-3.0193751297709324","NA","0.0025329668494849778","0.012664834247424889","NA","NA"
2,"dunn",NA,"two.sided","BH","B","D","NA","-2.1777952968626906","NA","0.02942128021002121","0.073553200525053028","NA","NA"
2,"dunn",NA,"two.sided","BH","C","D","NA","-2.3172821857113344","NA","0.02048836506972309","0.068294550232410309","NA","NA"
2,"dunn",NA,"two.sided","BH","A","E","NA","-0.57172611301157106","NA","0.5675075406389789","0.66264813480512363","NA","NA"
2,"dunn",NA,"two.sided","BH","B","E","NA","1.1065666703449761","NA","0.26848132408957859","0.44746887348263098","NA","NA"
2,"dunn",NA,"two.sided","BH","C","E","NA","0.48300245185242086","NA","0.62909399531231114","0.66264813480512363","NA","NA"
2,"dunn",NA,"two.sided","BH","D","E","NA","3.2940392293420619","NA","0.0009875871429371639","0.0098758714293716385","NA","NA"
2,"dunn",NA,"two.sided","none","A","B","NA","-1.359801317784896","NA","0.17389280529256662","0.17389280529256662","NA","NA"
2,"dunn",NA,"two.sided","none","A","C","NA","-0.88179542305706726","NA","0.37788744719515022","0.37788744719515022","NA","NA"
2,"dunn",NA,"two.sided","none","B","C","NA","0.43625995190896139","NA","0.66264813480512363","0.66264813480512363","NA","NA"
2,"dunn",NA,"two.sided","none","A","D","NA","-3.0193751297709324","NA","0.0025329668494849778","0.0025329668494849778","NA","NA"
2,"dunn",NA,"two.sided","none","B","D","NA","-2.1777952968626906","NA","0.02942128021002121","0.02942128021002121","NA","NA"
2,"dunn",NA,"two.sided","none","C","D","NA","-2.3172821857113344","NA","0.02048836506972309","0.02048836506972309","NA","NA"
2,"dunn",NA,"two.sided","none","A","E","NA","-0.57172611301157106","NA","0.5675075406389789","0.5675075406389789","NA","NA"
2,"dunn",NA,"two.sided","none","B","E","NA","1.1065666703449761","NA","0.26848132408957859","0.26848132408957859","NA","NA"
2,"dunn",NA,"two.sided","none","C","E","NA","0.48300245185242086","NA","0.62909399531231114","0.62909399531231114","NA","NA"
2,"dunn",NA,"two.sided","none","D","E","NA","3.2940392293420619","NA","0.0009875871429371639","0.0009875871429371639","NA","NA"
2,"dunn",NA,"two.sided","bonferroni","A","B","NA","-1.359801317784896","NA","0.17389280529256662","1","NA","NA"
2,"dunn",NA,"two.sided","bonferroni","A","C","NA","-0.88179542305706726","NA","0.37788744719515022","1","NA","NA"
2,"dunn",NA,"two.sided","bonferroni","B","C","NA","0.43625995190896139","NA","0.66264813480512363","1","NA","NA"
2,"dunn",NA,"two.sided","bonferroni","A","D","NA","-3.0193751297709324","NA","0.0025329668494849778","0.025329668494849779","NA","NA"
2,"dunn",NA,"two.sided","bonferroni","B","D","NA","-2.1777952968626906","NA","0.02942128021002121","0.29421280210021211","NA","NA"
2,"dunn",NA,"two.sided","bonferroni","C","D","NA","-2.3172821857113344","NA","0.02048836506972309","0.20488365069723091","NA","NA"
2,"dunn",NA,"two.sided","bonferroni","A","E","NA","-0.57172611301157106","NA","0.5675075406389789","1","NA","NA"
2,"dunn",NA,"two.sided","bonferroni","B","E","NA","1.1065666703449761","NA","0.26848132408957859","1","NA","NA"
2,"dunn",NA,"two.sided","bonferroni","C","E","NA","0.48300245185242086","NA","0.62909399531231114","1","NA","NA"
2,"dunn",NA,"two.sided","bonferroni","D","E","NA","3.2940392293420619","NA","0.0009875871429371639","0.0098758714293716385","NA","NA"
2,"dunn",NA,"two.sided","hochberg","A","B","NA","-1.359801317784896","NA","0.17389280529256662","0.66264813480512363","NA","NA"
2,"dunn",NA,"two.sided","hochberg","A","C","NA","-0.88179542305706726","NA","0.37788744719515022","0.66264813480512363","NA","NA"
2,"dunn",NA,"two.sided","hochberg","B","C","NA","0.43625995190896139","NA","0.66264813480512363","0.66264813480512363","NA","NA"
2,"dunn",NA,"two.sided","hochberg","A","D","NA","-3.0193751297709324","NA","0.0025329668494849778","0.022796701645364799","NA","NA"
2,"dunn",NA,"two.sided","hochberg","B","D","NA","-2.1777952968626906","NA","0.02942128021002121","0.20594896147014846","NA","NA"
2,"dunn",NA,"two.sided","hochberg","C","D","NA","-2.3172821857113344","NA","0.02048836506972309","0.16390692055778472","NA","NA"
2,"dunn",NA,"two.sided","hochberg","A","E","NA","-0.57172611301157106","NA","0.5675075406389789","0.66264813480512363","NA","NA"
2,"dunn",NA,"two.sided","hochberg","B","E","NA","1.1065666703449761","NA","0.26848132408957859","0.66264813480512363","NA","NA"
2,"dunn",NA,"two.sided","hochberg","C","E","NA","0.48300245185242086","NA","0.62909399531231114","0.66264813480512363","NA","NA"
2,"dunn",NA,"two.sided","hochberg","D","E","NA","3.2940392293420619","NA","0.0009875871429371639","0.0098758714293716385","NA","NA"
2,"dunn",NA,"two.sided","BY","A","B","NA","-1.359801317784896","NA","0.17389280529256662","1","NA","NA"
2,"dunn",NA,"two.sided","BY","A","C","NA","-0.88179542305706726","NA","0.37788744719515022","1","NA","NA"
2,"dunn",NA,"two.sided","BY","B","C","NA","0.43625995190896139","NA","0.66264813480512363","1","NA","NA"
2,"dunn",NA,"two.sided","BY","A","D","NA","-3.0193751297709324","NA","0.0025329668494849778","0.037094897452477418","NA","NA"
2,"dunn",NA,"two.sided","BY","B","D","NA","-2.1777952968626906","NA","0.02942128021002121","0.2154349893156414","NA","NA"
2,"dunn",NA,"two.sided","BY","C","D","NA","-2.3172821857113344","NA","0.02048836506972309","0.20003256954977","NA","NA"
2,"dunn",NA,"two.sided","BY","A","E","NA","-0.57172611301157106","NA","0.5675075406389789","1","NA","NA"
2,"dunn",NA,"two.sided","BY","B","E","NA","1.1065666703449761","NA","0.26848132408957859","1","NA","NA"
2,"dunn",NA,"two.sided","BY","C","E","NA","0.48300245185242086","NA","0.62909399531231114","1","NA","NA"
2,"dunn",NA,"two.sided","BY","D","E","NA","3.2940392293420619","NA","0.0009875871429371639","0.028926113896901612","NA","NA"
3,"pairwise_t",TRUE,"two.sided","holm","A","B","0.071428571428571452","0.1193261704598748","37","0.90566249987645031","1","NA","NA"
3,"pairwise_t",TRUE,"two.sided","holm","A","C","0.25","0.33485823535247766","37","0.73962304550836699","1","NA","NA"
3,"pairwise_t",TRUE,"two.sided","holm","A","D","0.15909090909090912","0.25184735869070579","37","0.80255272862395111","1","NA","NA"
3,"pairwise_t",TRUE,"two.sided","holm","B","C","0.17857142857142855","0.25312903291559791","37","0.80156967204825824","1","NA","NA"
3,"pairwise_t",TRUE,"two.sided","holm","B","D","0.087662337662337664","0.15049038229643763","37","0.8811951738241427","1","NA","NA"
3,"pairwise_t",TRUE,"two.sided","holm","C","D","-0.090909090909090884","-0.12389682112460725","37","0.90206760629612348","1","NA","NA"
3,"pairwise_t",TRUE,"two.sided","BH","A","B","0.071428571428571452","0.1193261704598748","37","0.90566249987645031","0.90566249987645031","NA","NA"
3,"pairwise_t",TRUE,"two.sided","BH","A","C","0.25","0.33485823535247766","37","0.73962304550836699","0.90566249987645031","NA","NA"
3,"pairwise_t",TRUE,"two.sided","BH","A","D","0.15909090909090912","0.25184735869070579","37","0.80255272862395111","0.90566249987645031","NA","NA"
3,"pairwise_t",TRUE,"two.sided","BH","B","C","0.17857142857142855","0.25312903291559791","37","0.80156967204825824","0.90566249987645031","NA","NA"
3,"pairwise_t",TRUE,"two.sided","BH","B","D","0.087662337662337664","0.15049038229643763","37","0.8811951738241427","0.90566249987645031","NA","NA"
3,"pairwise_t",TRUE,"two.sided","BH","C","D","-0.090909090909090884","-0.12389682112460725","37","0.90206760629612348","0.90566249987645031","NA","NA"
3,"pairwise_t",TRUE,"two.sided","none","A","B","0.071428571428571452","0.1193261704598748","37","0.90566249987645031","0.90566249987645031","NA","NA"
3,"pairwise_t",TRUE,"two.sided","none","A","C","0.25","0.33485823535247766","37","0.73962304550836699","0.73962304550836699","NA","NA"
3,"pairwise_t",TRUE,"two.sided","none","A","D","0.15909090909090912","0.25184735869070579","37","0.80255272862395111","0.80255272862395111","NA","NA"
3,"pairwise_t",TRUE,"two.sided","none","B","C","0.17857142857142855","0.25312903291559791","37","0.80156967204825824","0.80156967204825824","NA","NA"
3,"pairwise_t",TRUE,"two.sided","none","B","D","0.087662337662337664","0.15049038229643763","37","0.8811951738241427","0.8811951738241427","NA","NA"
3,"pairwise_t",TRUE,"two.sided","none","C","D","-0.090909090909090884","-0.12389682112460725","37","0.90206760629612348","0.90206760629612348","NA","NA"
3,"pairwise_t",TRUE,"two.sided","bonferroni","A","B","0.071428571428571452","0.1193261704598748","37","0.90566249987645031","1","NA","NA"
3,"pairwise_t",TRUE,"two.sided","bonferroni","A","C","0.25","0.33485823535247766","37","0.73962304550836699","1","NA","NA"
3,"pairwise_t",TRUE,"two.sided","bonferroni","A","D","0.15909090909090912","0.25184735869070579","37","0.80255272862395111","1","NA","NA"
3,"pairwise_t",TRUE,"two.sided","bonferroni","B","C","0.17857142857142855","0.25312903291559791","37","0.80156967204825824","1","NA","NA"
3,"pairwise_t",TRUE,"two.sided","bonferroni","B","D","0.087662337662337664","0.15049038229643763","37","0.8811951738241427","1","NA","NA"
3,"pairwise_t",TRUE,"two.sided","bonferroni","C","D","-0.090909090909090884","-0.12389682112460725","37","0.90206760629612348","1","NA","NA"
3,"pairwise_t",TRUE,"two.sided","hommel","A","B","0.071428571428571452","0.1193261704598748","37","0.90566249987645031","0.90566249987645031","NA","NA"
3,"pairwise_t",TRUE,"two.sided","hommel","A","C","0.25","0.33485823535247766","37","0.73962304550836699","0.90566249987645031","NA","NA"
3,"pairwise_t",TRUE,"two.sided","hommel","A","D","0.15909090909090912","0.25184735869070579","37","0.80255272862395111","0.90566249987645031","NA","NA"
3,"pairwise_t",TRUE,"two.sided","hommel","B","C","0.17857142857142855","0.25312903291559791","37","0.80156967204825824","0.90566249987645031","NA","NA"
3,"pairwise_t",TRUE,"two.sided","hommel","B","D","0.087662337662337664","0.15049038229643763","37","0.8811951738241427","0.90566249987645031","NA","NA"
3,"pairwise_t",TRUE,"two.sided","hommel","C","D","-0.090909090909090884","-0.12389682112460725","37","0.90206760629612348","0.90566249987645031","NA","NA"
3,"pairwise_t",TRUE,"less","holm","A","B","0.071428571428571452","0.1193261704598748","37","0.54716875006177479","1","NA","NA"
3,"pairwise_t",TRUE,"less","holm","A","C","0.25","0.33485823535247766","37","0.6301884772458165","1","NA","NA"
3,"pairwise_t",TRUE,"less","holm","A","D","0.15909090909090912","0.25184735869070579","37","0.59872363568802445","1","NA","NA"
3,"pairwise_t",TRUE,"less","holm","B","C","0.17857142857142855","0.25312903291559791","37","0.59921516397587093","1","NA","NA"
3,"pairwise_t",TRUE,"less","holm","B","D","0.087662337662337664","0.15049038229643763","37","0.55940241308792871","1","NA","NA"
3,"pairwise_t",TRUE,"less","holm","C","D","-0.090909090909090884","-0.12389682112460725","37","0.45103380314806174","1","NA","NA"
3,"pairwise_t",TRUE,"less","BH","A","B","0.071428571428571452","0.1193261704598748","37","0.54716875006177479","0.6301884772458165","NA","NA"
3,"pairwise_t",TRUE,"less","BH","A","C","0.25","0.33485823535247766","37","0.6301884772458165","0.6301884772458165","NA","NA"
3,"pairwise_t",TRUE,"less","BH","A","D","0.15909090909090912","0.25184735869070579","37","0.59872363568802445","0.6301884772458165","NA","NA"
3,"pairwise_t",TRUE,"less","BH","B","C","0.17857142857142855","0.25312903291559791","37","0.59921516397587093","0.6301884772458165","NA","NA"
3,"pairwise_t",TRUE,"less","BH","B","D","0.087662337662337664","0.15049038229643763","37","0.55940241308792871","0.6301884772458165","NA","NA"
3,"pairwise_t",TRUE,"less","BH","C","D","-0.090909090909090884","-0.12389682112460725","37","0.45103380314806174","0.6301884772458165","NA","NA"
3,"pairwise_t",TRUE,"less","none","A","B","0.071428571428571452","0.1193261704598748","37","0.54716875006177479","0.54716875006177479","NA","NA"
3,"pairwise_t",TRUE,"less","none","A","C","0.25","0.33485823535247766","37","0.6301884772458165","0.6301884772458165","NA","NA"
3,"pairwise_t",TRUE,"less","none","A","D","0.15909090909090912","0.25184735869070579","37","0.59872363568802445","0.59872363568802445","NA","NA"
3,"pairwise_t",TRUE,"less","none","B","C","0.17857142857142855","0.25312903291559791","37","0.59921516397587093","0.59921516397587093","NA","NA"
3,"pairwise_t",TRUE,"less","none","B","D","0.087662337662337664","0.15049038229643763","37","0.55940241308792871","0.55940241308792871","NA","NA"
3,"pairwise_t",TRUE,"less","none","C","D","-0.090909090909090884","-0.12389682112460725","37","0.45103380314806174","0.45103380314806174","NA","NA"
3,"pairwise_t",TRUE,"less","bonferroni","A","B","0.071428571428571452","0.1193261704598748","37","0.54716875006177479","1","NA","NA"
3,"pairwise_t",TRUE,"less","bonferroni","A","C","0.25","0.33485823535247766","37","0.6301884772458165","1","NA","NA"
3,"pairwise_t",TRUE,"less","bonferroni","A","D","0.15909090909090912","0.25184735869070579","37","0.59872363568802445","1","NA","NA"
3,"pairwise_t",TRUE,"less","bonferroni","B","C","0.17857142857142855","0.25312903291559791","37","0.59921516397587093","1","NA","NA"
3,"pairwise_t",TRUE,"less","bonferroni","B","D","0.087662337662337664","0.15049038229643763","37","0.55940241308792871","1","NA","NA"
3,"pairwise_t",TRUE,"less","bonferroni","C","D","-0.090909090909090884","-0.12389682112460725","37","0.45103380314806174","1","NA","NA"
3,"pairwise_t",TRUE,"less","hommel","A","B","0.071428571428571452","0.1193261704598748","37","0.54716875006177479","0.6301884772458165","NA","NA"
3,"pairwise_t",TRUE,"less","hommel","A","C","0.25","0.33485823535247766","37","0.6301884772458165","0.6301884772458165","NA","NA"
3,"pairwise_t",TRUE,"less","hommel","A","D","0.15909090909090912","0.25184735869070579","37","0.59872363568802445","0.6301884772458165","NA","NA"
3,"pairwise_t",TRUE,"less","hommel","B","C","0.17857142857142855","0.25312903291559791","37","0.59921516397587093","0.6301884772458165","NA","NA"
3,"pairwise_t",TRUE,"less","hommel","B","D","0.087662337662337664","0.15049038229643763","37","0.55940241308792871","0.6301884772458165","NA","NA"
3,"pairwise_t",TRUE,"less","hommel","C","D","-0.090909090909090884","-0.12389682112460725","37","0.45103380314806174","0.6301884772458165","NA","NA"
3,"pairwise_t",TRUE,"greater","holm","A","B","0.071428571428571452","0.1193261704598748","37","0.45283124993822516","1","NA","NA"
3,"pairwise_t",TRUE,"greater","holm","A","C","0.25","0.33485823535247766","37","0.3698115227541835","1","NA","NA"
3,"pairwise_t",TRUE,"greater","holm","A","D","0.15909090909090912","0.25184735869070579","37","0.40127636431197555","1","NA","NA"
3,"pairwise_t",TRUE,"greater","holm","B","C","0.17857142857142855","0.25312903291559791","37","0.40078483602412912","1","NA","NA"
3,"pairwise_t",TRUE,"greater","holm","B","D","0.087662337662337664","0.15049038229643763","37","0.44059758691207135","1","NA","NA"
3,"pairwise_t",TRUE,"greater","holm","C","D","-0.090909090909090884","-0.12389682112460725","37","0.54896619685193826","1","NA","NA"
3,"pairwise_t",TRUE,"greater","BH","A","B","0.071428571428571452","0.1193261704598748","37","0.45283124993822516","0.54339749992587016","NA","NA"
3,"pairwise_t",TRUE,"greater","BH","A","C","0.25","0.33485823535247766","37","0.3698115227541835","0.54339749992587016","NA","NA"
3,"pairwise_t",TRUE,"greater","BH","A","D","0.15909090909090912","0.25184735869070579","37","0.40127636431197555","0.54339749992587016","NA","NA"
3,"pairwise_t",TRUE,"greater","BH","B","C","0.17857142857142855","0.25312903291559791","37","0.40078483602412912","0.54339749992587016","NA","NA"
3,"pairwise_t",TRUE,"greater","BH","B","D","0.087662337662337664","0.15049038229643763","37","0.44059758691207135","0.54339749992587016","NA","NA"
3,"pairwise_t",TRUE,"greater","BH","C","D","-0.090909090909090884","-0.12389682112460725","37","0.54896619685193826","0.54896619685193826","NA","NA"
3,"pairwise_t",TRUE,"greater","none","A","B","0.071428571428571452","0.1193261704598748","37","0.45283124993822516","0.45283124993822516","NA","NA"
3,"pairwise_t",TRUE,"greater","none","A","C","0.25","0.33485823535247766","37","0.3698115227541835","0.3698115227541835","NA","NA"
3,"pairwise_t",TRUE,"greater","none","A","D","0.15909090909090912","0.25184735869070579","37","0.40127636431197555","0.40127636431197555","NA","NA"
3,"pairwise_t",TRUE,"greater","none","B","C","0.17857142857142855","0.25312903291559791","37","0.40078483602412912","0.40078483602412912","NA","NA"
3,"pairwise_t",TRUE,"greater","none","B","D","0.087662337662337664","0.15049038229643763","37","0.44059758691207135","0.44059758691207135","NA","NA"
3,"pairwise_t",TRUE,"greater","none","C","D","-0.090909090909090884","-0.12389682112460725","37","0.54896619685193826","0.54896619685193826","NA","NA"
3,"pairwise_t",TRUE,"greater","bonferroni","A","B","0.071428571428571452","0.1193261704598748","37","0.45283124993822516","1","NA","NA"
3,"pairwise_t",TRUE,"greater","bonferroni","A","C","0.25","0.33485823535247766","37","0.3698115227541835","1","NA","NA"
3,"pairwise_t",TRUE,"greater","bonferroni","A","D","0.15909090909090912","0.25184735869070579","37","0.40127636431197555","1","NA","NA"
3,"pairwise_t",TRUE,"greater","bonferroni","B","C","0.17857142857142855","0.25312903291559791","37","0.40078483602412912","1","NA","NA"
3,"pairwise_t",TRUE,"greater","bonferroni","B","D","0.087662337662337664","0.15049038229643763","37","0.44059758691207135","1","NA","NA"
3,"pairwise_t",TRUE,"greater","bonferroni","C","D","-0.090909090909090884","-0.12389682112460725","37","0.54896619685193826","1","NA","NA"
3,"pairwise_t",TRUE,"greater","hommel","A","B","0.071428571428571452","0.1193261704598748","37","0.45283124993822516","0.54896619685193826","NA","NA"
3,"pairwise_t",TRUE,"greater","hommel","A","C","0.25","0.33485823535247766","37","0.3698115227541835","0.54896619685193826","NA","NA"
3,"pairwise_t",TRUE,"greater","hommel","A","D","0.15909090909090912","0.25184735869070579","37","0.40127636431197555","0.54896619685193826","NA","NA"
3,"pairwise_t",TRUE,"greater","hommel","B","C","0.17857142857142855","0.25312903291559791","37","0.40078483602412912","0.54896619685193826","NA","NA"
3,"pairwise_t",TRUE,"greater","hommel","B","D","0.087662337662337664","0.15049038229643763","37","0.44059758691207135","0.54896619685193826","NA","NA"
3,"pairwise_t",TRUE,"greater","hommel","C","D","-0.090909090909090884","-0.12389682112460725","37","0.54896619685193826","0.54896619685193826","NA","NA"
3,"pairwise_t",FALSE,"two.sided","holm","A","B","0.071428571428571452","0.19615160296729878","21.034293970642977","0.84637418886245286","1","NA","NA"
3,"pairwise_t",FALSE,"two.sided","holm","A","C","0.25","0.35704166919433433","5.9088198071842779","0.7334650789556123","1","NA","NA"
3,"pairwise_t",FALSE,"two.sided","holm","A","D","0.15909090909090912","0.24123911431347517","12.006503487814182","0.8134403555386297","1","NA","NA"
3,"pairwise_t",FALSE,"two.sided","holm","B","C","0.17857142857142855","0.24248296477117515","7.1464897690529199","0.81521822676795253","1","NA","NA"
3,"pairwise_t",FALSE,"two.sided","holm","B","D","0.087662337662337664","0.12562279387996544","14.611358937104594","0.90174270021447345","1","NA","NA"
3,"pairwise_t",FALSE,"two.sided","holm","C","D","-0.090909090909090884","-0.098917823531116306","12.722610264057588","0.92274506557143865","1","NA","NA"
3,"pairwise_t",FALSE,"two.sided","BH","A","B","0.071428571428571452","0.19615160296729878","21.034293970642977","0.84637418886245286","0.92274506557143865","NA","NA"
3,"pairwise_t",FALSE,"two.sided","BH","A","C","0.25","0.35704166919433433","5.9088198071842779","0.7334650789556123","0.92274506557143865","NA","NA"
3,"pairwise_t",FALSE,"two.sided","BH","A","D","0.15909090909090912","0.24123911431347517","12.006503487814182","0.8134403555386297","0.92274506557143865","NA","NA"
3,"pairwise_t",FALSE,"two.sided","BH","B","C","0.17857142857142855","0.24248296477117515","7.1464897690529199","0.81521822676795253","0.92274506557143865","NA","NA"
3,"pairwise_t",FALSE,"two.sided","BH","B","D","0.087662337662337664","0.12562279387996544","14.611358937104594","0.90174270021447345","0.92274506557143865","NA","NA"
3,"pairwise_t",FALSE,"two.sided","BH","C","D","-0.090909090909090884","-0.098917823531116306","12.722610264057588","0.92274506557143865","0.92274506557143865","NA","NA"
3,"pairwise_t",FALSE,"two.sided","none","A","B","0.071428571428571452","0.19615160296729878","21.034293970642977","0.84637418886245286","0.84637418886245286","NA","NA"
3,"pairwise_t",FALSE,"two.sided","none","A","C","0.25","0.35704166919433433","5.9088198071842779","0.7334650789556123","0.7334650789556123","NA","NA"
3,"pairwise_t",FALSE,"two.sided","none","A","D","0.15909090909090912","0.24123911431347517","12.006503487814182","0.8134403555386297","0.8134403555386297","NA","NA"
3,"pairwise_t",FALSE,"two.sided","none","B","C","0.17857142857142855","0.24248296477117515","7.1464897690529199","0.81521822676795253","0.81521822676795253","NA","NA"
3,"pairwise_t",FALSE,"two.sided","none","B","D","0.087662337662337664","0.12562279387996544","14.611358937104594","0.90174270021447345","0.90174270021447345","NA","NA"
3,"pairwise_t",FALSE,"two.sided","none","C","D","-0.090909090909090884","-0.098917823531116306","12.722610264057588","0.92274506557143865","0.92274506557143865","NA","NA"
3,"pairwise_t",FALSE,"two.sided","bonferroni","A","B","0.071428571428571452","0.19615160296729878","21.034293970642977","0.84637418886245286","1","NA","NA"
3,"pairwise_t",FALSE,"two.sided","bonferroni","A","C","0.25","0.35704166919433433","5.9088198071842779","0.7334650789556123","1","NA","NA"
3,"pairwise_t",FALSE,"two.sided","bonferroni","A","D","0.15909090909090912","0.24123911431347517","12.006503487814182","0.8134403555386297","1","NA","NA"
3,"pairwise_t",FALSE,"two.sided","bonferroni","B","C","0.17857142857142855","0.24248296477117515","7.1464897690529199","0.81521822676795253","1","NA","NA"
3,"pairwise_t",FALSE,"two.sided","bonferroni","B","D","0.087662337662337664","0.12562279387996544","14.611358937104594","0.90174270021447345","1","NA","NA"
3,"pairwise_t",FALSE,"two.sided","bonferroni","C","D","-0.090909090909090884","-0.098917823531116306","12.722610264057588","0.92274506557143865","1","NA","NA"
3,"pairwise_t",FALSE,"two.sided","hommel","A","B","0.071428571428571452","0.19615160296729878","21.034293970642977","0.84637418886245286","0.92274506557143865","NA","NA"
3,"pairwise_t",FALSE,"two.sided","hommel","A","C","0.25","0.35704166919433433","5.9088198071842779","0.7334650789556123","0.92274506557143865","NA","NA"
3,"pairwise_t",FALSE,"two.sided","hommel","A","D","0.15909090909090912","0.24123911431347517","12.006503487814182","0.8134403555386297","0.92274506557143865","NA","NA"
3,"pairwise_t",FALSE,"two.sided","hommel","B","C","0.17857142857142855","0.24248296477117515","7.1464897690529199","0.81521822676795253","0.92274506557143865","NA","NA"
3,"pairwise_t",FALSE,"two.sided","hommel","B","D","0.087662337662337664","0.12562279387996544","14.611358937104594","0.90174270021447345","0.92274506557143865","NA","NA"
3,"pairwise_t",FALSE,"two.sided","hommel","C","D","-0.090909090909090884","-0.098917823531116306","12.722610264057588","0.92274506557143865","0.92274506557143865","NA","NA"
3,"pairwise_t",FALSE,"less","holm","A","B","0.071428571428571452","0.19615160296729878","21.034293970642977","0.57681290556877363","1","NA","NA"
3,"pairwise_t",FALSE,"less","holm","A","C","0.25","0.35704166919433433","5.9088198071842779","0.63326746052219385","1","NA","NA"
3,"pairwise_t",FALSE,"less","holm","A","D","0.15909090909090912","0.24123911431347517","12.006503487814182","0.59327982223068521","1","NA","NA"
3,"pairwise_t",FALSE,"less","holm","B","C","0.17857142857142855","0.24248296477117515","7.1464897690529199","0.59239088661602368","1","NA","NA"
3,"pairwise_t",FALSE,"less","holm","B","D","0.087662337662337664","0.12562279387996544","14.611358937104594","0.54912864989276322","1","NA","NA"
3,"pairwise_t",FALSE,"less","holm","C","D","-0.090909090909090884","-0.098917823531116306","12.722610264057588","0.46137253278571932","1","NA","NA"
3,"pairwise_t",FALSE,"less","BH","A","B","0.071428571428571452","0.19615160296729878","21.034293970642977","0.57681290556877363","0.63326746052219385","NA","NA"
3,"pairwise_t",FALSE,"less","BH","A","C","0.25","0.35704166919433433","5.9088198071842779","0.63326746052219385","0.63326746052219385","NA","NA"
3,"pairwise_t",FALSE,"less","BH","A","D","0.15909090909090912","0.24123911431347517","12.006503487814182","0.59327982223068521","0.63326746052219385","NA","NA"
3,"pairwise_t",FALSE,"less","BH","B","C","0.17857142857142855","0.24248296477117515","7.1464897690529199","0.59239088661602368","0.63326746052219385","NA","NA"
3,"pairwise_t",FALSE,"less","BH","B","D","0.087662337662337664","0.12562279387996544","14.611358937104594","0.54912864989276322","0.63326746052219385","NA","NA"
3,"pairwise_t",FALSE,"less","BH","C","D","-0.090909090909090884","-0.098917823531116306","12.722610264057588","0.46137253278571932","0.63326746052219385","NA","NA"
3,"pairwise_t",FALSE,"less","none","A","B","0.071428571428571452","0.19615160296729878","21.034293970642977","0.57681290556877363","0.57681290556877363","NA","NA"
3,"pairwise_t",FALSE,"less","none","A","C","0.25","0.35704166919433433","5.9088198071842779","0.63326746052219385","0.63326746052219385","NA","NA"
3,"pairwise_t",FALSE,"less","none","A","D","0.15909090909090912","0.24123911431347517","12.006503487814182","0.59327982223068521","0.59327982223068521","NA","NA"
3,"pairwise_t",FALSE,"less","none","B","C","0.17857142857142855","0.24248296477117515","7.1464897690529199","0.59239088661602368","0.59239088661602368","NA","NA"
3,"pairwise_t",FALSE,"less","none","B","D","0.087662337662337664","0.12562279387996544","14.611358937104594","0.54912864989276322","0.54912864989276322","NA","NA"
3,"pairwise_t",FALSE,"less","none","C","D","-0.090909090909090884","-0.098917823531116306","12.722610264057588","0.46137253278571932","0.46137253278571932","NA","NA"
3,"pairwise_t",FALSE,"less","bonferroni","A","B","0.071428571428571452","0.19615160296729878","21.034293970642977","0.57681290556877363","1","NA","NA"
3,"pairwise_t",FALSE,"less","bonferroni","A","C","0.25","0.35704166919433433","5.9088198071842779","0.63326746052219385","1","NA","NA"
3,"pairwise_t",FALSE,"less","bonferroni","A","D","0.15909090909090912","0.24123911431347517","12.006503487814182","0.59327982223068521","1","NA","NA"
3,"pairwise_t",FALSE,"less","bonferroni","B","C","0.17857142857142855","0.24248296477117515","7.1464897690529199","0.59239088661602368","1","NA","NA"
3,"pairwise_t",FALSE,"less","bonferroni","B","D","0.087662337662337664","0.12562279387996544","14.611358937104594","0.54912864989276322","1","NA","NA"
3,"pairwise_t",FALSE,"less","bonferroni","C","D","-0.090909090909090884","-0.098917823531116306","12.722610264057588","0.46137253278571932","1","NA","NA"
3,"pairwise_t",FALSE,"less","hommel","A","B","0.071428571428571452","0.19615160296729878","21.034293970642977","0.57681290556877363","0.63326746052219385","NA","NA"
3,"pairwise_t",FALSE,"less","hommel","A","C","0.25","0.35704166919433433","5.9088198071842779","0.63326746052219385","0.63326746052219385","NA","NA"
3,"pairwise_t",FALSE,"less","hommel","A","D","0.15909090909090912","0.24123911431347517","12.006503487814182","0.59327982223068521","0.63326746052219385","NA","NA"
3,"pairwise_t",FALSE,"less","hommel","B","C","0.17857142857142855","0.24248296477117515","7.1464897690529199","0.59239088661602368","0.63326746052219385","NA","NA"
3,"pairwise_t",FALSE,"less","hommel","B","D","0.087662337662337664","0.12562279387996544","14.611358937104594","0.54912864989276322","0.63326746052219385","NA","NA"
3,"pairwise_t",FALSE,"less","hommel","C","D","-0.090909090909090884","-0.098917823531116306","12.722610264057588","0.46137253278571932","0.63326746052219385","NA","NA"
3,"pairwise_t",FALSE,"greater","holm","A","B","0.071428571428571452","0.19615160296729878","21.034293970642977","0.42318709443122643","1","NA","NA"
3,"pairwise_t",FALSE,"greater","holm","A","C","0.25","0.35704166919433433","5.9088198071842779","0.36673253947780615","1","NA","NA"
3,"pairwise_t",FALSE,"greater","holm","A","D","0.15909090909090912","0.24123911431347517","12.006503487814182","0.40672017776931485","1","NA","NA"
3,"pairwise_t",FALSE,"greater","holm","B","C","0.17857142857142855","0.24248296477117515","7.1464897690529199","0.40760911338397626","1","NA","NA"
3,"pairwise_t",FALSE,"greater","holm","B","D","0.087662337662337664","0.12562279387996544","14.611358937104594","0.45087135010723672","1","NA","NA"
3,"pairwise_t",FALSE,"greater","holm","C","D","-0.090909090909090884","-0.098917823531116306","12.722610264057588","0.53862746721428068","1","NA","NA"
3,"pairwise_t",FALSE,"greater","BH","A","B","0.071428571428571452","0.19615160296729878","21.034293970642977","0.42318709443122643","0.53862746721428068","NA","NA"
3,"pairwise_t",FALSE,"greater","BH","A","C","0.25","0.35704166919433433","5.9088198071842779","0.36673253947780615","0.53862746721428068","NA","NA"
3,"pairwise_t",FALSE,"greater","BH","A","D","0.15909090909090912","0.24123911431347517","12.006503487814182","0.40672017776931485","0.53862746721428068","NA","NA"
3,"pairwise_t",FALSE,"greater","BH","B","C","0.17857142857142855","0.24248296477117515","7.1464897690529199","0.40760911338397626","0.53862746721428068","NA","NA"
3,"pairwise_t",FALSE,"greater","BH","B","D","0.087662337662337664","0.12562279387996544","14.611358937104594","0.45087135010723672","0.53862746721428068","NA","NA"
3,"pairwise_t",FALSE,"greater","BH","C","D","-0.090909090909090884","-0.098917823531116306","12.722610264057588","0.53862746721428068","0.53862746721428068","NA","NA"
3,"pairwise_t",FALSE,"greater","none","A","B","0.071428571428571452","0.19615160296729878","21.034293970642977","0.42318709443122643","0.42318709443122643","NA","NA"
3,"pairwise_t",FALSE,"greater","none","A","C","0.25","0.35704166919433433","5.9088198071842779","0.36673253947780615","0.36673253947780615","NA","NA"
3,"pairwise_t",FALSE,"greater","none","A","D","0.15909090909090912","0.24123911431347517","12.006503487814182","0.40672017776931485","0.40672017776931485","NA","NA"
3,"pairwise_t",FALSE,"greater","none","B","C","0.17857142857142855","0.24248296477117515","7.1464897690529199","0.40760911338397626","0.40760911338397626","NA","NA"
3,"pairwise_t",FALSE,"greater","none","B","D","0.087662337662337664","0.12562279387996544","14.611358937104594","0.45087135010723672","0.45087135010723672","NA","NA"
3,"pairwise_t",FALSE,"greater","none","C","D","-0.090909090909090884","-0.098917823531116306","12.722610264057588","0.53862746721428068","0.53862746721428068","NA","NA"
3,"pairwise_t",FALSE,"greater","bonferroni","A","B","0.071428571428571452","0.19615160296729878","21.034293970642977","0.42318709443122643","1","NA","NA"
3,"pairwise_t",FALSE,"greater","bonferroni","A","C","0.25","0.35704166919433433","5.9088198071842779","0.36673253947780615","1","NA","NA"
3,"pairwise_t",FALSE,"greater","bonferroni","A","D","0.15909090909090912","0.24123911431347517","12.006503487814182","0.40672017776931485","1","NA","NA"
3,"pairwise_t",FALSE,"greater","bonferroni","B","C","0.17857142857142855","0.24248296477117515","7.1464897690529199","0.40760911338397626","1","NA","NA"
3,"pairwise_t",FALSE,"greater","bonferroni","B","D","0.087662337662337664","0.12562279387996544","14.611358937104594","0.45087135010723672","1","NA","NA"
3,"pairwise_t",FALSE,"greater","bonferroni","C","D","-0.090909090909090884","-0.098917823531116306","12.722610264057588","0.53862746721428068","1","NA","NA"
3,"pairwise_t",FALSE,"greater","hommel","A","B","0.071428571428571452","0.19615160296729878","21.034293970642977","0.42318709443122643","0.53862746721428068","NA","NA"
3,"pairwise_t",FALSE,"greater","hommel","A","C","0.25","0.35704166919433433","5.9088198071842779","0.36673253947780615","0.53862746721428068","NA","NA"
3,"pairwise_t",FALSE,"greater","hommel","A","D","0.15909090909090912","0.24123911431347517","12.006503487814182","0.40672017776931485","0.53862746721428068","NA","NA"
3,"pairwise_t",FALSE,"greater","hommel","B","C","0.17857142857142855","0.24248296477117515","7.1464897690529199","0.40760911338397626","0.53862746721428068","NA","NA"
3,"pairwise_t",FALSE,"greater","hommel","B","D","0.087662337662337664","0.12562279387996544","14.611358937104594","0.45087135010723672","0.53862746721428068","NA","NA"
3,"pairwise_t",FALSE,"greater","hommel","C","D","-0.090909090909090884","-0.098917823531116306","12.722610264057588","0.53862746721428068","0.53862746721428068","NA","NA"
3,"tukey",NA,"two.sided","0.95","A","B","0.071428571428571341","NA","37","0.99938105059726579","0.99938105059726579","-1.5386582207956621","1.6815153636528049"
3,"tukey",NA,"two.sided","0.95","A","C","0.24999999999999978","NA","37","0.98685026792919617","0.98685026792919617","-1.7581310464909878","2.2581310464909876"
3,"tukey",NA,"two.sided","0.95","A","D","0.15909090909090889","NA","37","0.99429524024124527","0.99429524024124527","-1.5400171085455854","1.8581989267274033"
3,"tukey",NA,"two.sided","0.95","B","C","0.17857142857142844","NA","37","0.99420920894339604","0.99420920894339604","-1.7189340532296571","2.0760769103725139"
3,"tukey",NA,"two.sided","0.95","B","D","0.087662337662337553","NA","37","0.99876263776704599","0.99876263776704599","-1.4791512470313863","1.6544759223560614"
3,"tukey",NA,"two.sided","0.95","C","D","-0.090909090909090884","NA","37","0.99930747871900993","0.99930747871900993","-2.0645138209821785","1.8826956391639968"
3,"tukey",NA,"two.sided","0.9","A","B","0.071428571428571341","NA","37","0.99938105059726579","0.99938105059726579","-1.3496851335834603","1.4925422764406031"
3,"tukey",NA,"two.sided","0.9","A","C","0.24999999999999978","NA","37","0.98685026792919617","0.98685026792919617","-1.5224401972679842","2.0224401972679837"
3,"tukey",NA,"two.sided","0.9","A","D","0.15909090909090889","NA","37","0.99429524024124527","0.99429524024124527","-1.3405957548953187","1.6587775730771366"
3,"tukey",NA,"two.sided","0.9","B","C","0.17857142857142844","NA","37","0.99420920894339604","0.99420920894339604","-1.4962271341804825","1.8533699913233392"
3,"tukey",NA,"two.sided","0.9","B","D","0.087662337662337553","NA","37","0.99876263776704599","0.99876263776704599","-1.2952570609443332","1.4705817362690083"
3,"tukey",NA,"two.sided","0.9","C","D","-0.090909090909090884","NA","37","0.99930747871900993","0.99930747871900993","-1.83287526548338","1.6510570836651983"
3,"tukey",NA,"two.sided","0.99","A","B","0.071428571428571341","NA","37","0.99938105059726579","0.99938105059726579","-1.9264802829795686","2.0693374258367112"
3,"tukey",NA,"two.sided","0.99","A","C","0.24999999999999978","NA","37","0.98685026792919617","0.98685026792919617","-2.2418301410657602","2.7418301410657602"
3,"tukey",NA,"two.sided","0.99","A","D","0.15909090909090889","NA","37","0.99429524024124527","0.99429524024124527","-1.9492817385365531","2.2674635567183707"
3,"tukey",NA,"two.sided","0.99","B","C","0.17857142857142844","NA","37","0.99420920894339604","0.99420920894339604","-2.1759867366696426","2.5331295938124994"
3,"tukey",NA,"two.sided","0.99","B","D","0.087662337662337553","NA","37","0.99876263776704599","0.99876263776704599","-1.8565500794472813","2.0318747547719562"
3,"tukey",NA,"two.sided","0.99","C","D","-0.090909090909090884","NA","37","0.99930747871900993","0.99930747871900993","-2.5398965519314185","2.3580783701132368"
3,"dunn",NA,"two.sided","holm","A","B","NA","-0.36932693049881593","NA","0.71188405463509175","1","NA","NA"
3,"dunn",NA,"two.sided","holm","A","C","NA","-0.75649183799410502","NA","0.4493543641833046","1","NA","NA"
3,"dunn",NA,"two.sided","holm","B","C","NA","-0.48721141643639548","NA","0.6261085157553492","1","NA","NA"
3,"dunn",NA,"two.sided","holm","A","D","NA","0.066901784305646195","NA","0.94665989255262473","1","NA","NA"
3,"dunn",NA,"two.sided","holm","B","D","NA","0.45207788459099457","NA","0.65121287507084347","1","NA","NA"
3,"dunn",NA,"two.sided","holm","C","D","NA","0.8273227559301789","NA","0.40805414913097676","1","NA","NA"
3,"dunn",NA,"two.sided","BH","A","B","NA","-0.36932693049881593","NA","0.71188405463509175","0.85426086556211012","NA","NA"
3,"dunn",NA,"two.sided","BH","A","C","NA","-0.75649183799410502","NA","0.4493543641833046","0.85426086556211012","NA","NA"
3,"dunn",NA,"two.sided","BH","B","C","NA","-0.48721141643639548","NA","0.6261085157553492","0.85426086556211012","NA","NA"
3,"dunn",NA,"two.sided","BH","A","D","NA","0.066901784305646195","NA","0.94665989255262473","0.94665989255262473","NA","NA"
3,"dunn",NA,"two.sided","BH","B","D","NA","0.45207788459099457","NA","0.65121287507084347","0.85426086556211012","NA","NA"
3,"dunn",NA,"two.sided","BH","C","D","NA","0.8273227559301789","NA","0.40805414913097676","0.85426086556211012","NA","NA"
3,"dunn",NA,"two.sided","none","A","B","NA","-0.36932693049881593","NA","0.71188405463509175","0.71188405463509175","NA","NA"
3,"dunn",NA,"two.sided","none","A","C","NA","-0.75649183799410502","NA","0.4493543641833046","0.4493543641833046","NA","NA"
3,"dunn",NA,"two.sided","none","B","C","NA","-0.48721141643639548","NA","0.6261085157553492","0.6261085157553492","NA","NA"
3,"dunn",NA,"two.sided","none","A","D","NA","0.066901784305646195","NA","0.94665989255262473","0.94665989255262473","NA","NA"
3,"dunn",NA,"two.sided","none","B","D","NA","0.45207788459099457","NA","0.65121287507084347","0.65121287507084347","NA","NA"
3,"dunn",NA,"two.sided","none","C","D","NA","0.8273227559301789","NA","0.40805414913097676","0.40805414913097676","NA","NA"
3,"dunn",NA,"two.sided","bonferroni","A","B","NA","-0.36932693049881593","NA","0.71188405463509175","1","NA","NA"
3,"dunn",NA,"two.sided","bonferroni","A","C","NA","-0.75649183799410502","NA","0.4493543641833046","1","NA","NA"
3,"dunn",NA,"two.sided","bonferroni","B","C","NA","-0.48721141643639548","NA","0.6261085157553492","1","NA","NA"
3,"dunn",NA,"two.sided","bonferroni","A","D","NA","0.066901784305646195","NA","0.94665989255262473","1","NA","NA"
3,"dunn",NA,"two.sided","bonferroni","B","D","NA","0.45207788459099457","NA","0.65121287507084347","1","NA","NA"
3,"dunn",NA,"two.sided","bonferroni","C","D","NA","0.8273227559301789","NA","0.40805414913097676","1","NA","NA"
3,"dunn",NA,"two.sided","hochberg","A","B","NA","-0.36932693049881593","NA","0.71188405463509175","0.94665989255262473","NA","NA"
3,"dunn",NA,"two.sided","hochberg","A","C","NA","-0.75649183799410502","NA","0.4493543641833046","0.94665989255262473","NA","NA"
3,"dunn",NA,"two.sided","hochberg","B","C","NA","-0.48721141643639548","NA","0.6261085157553492","0.94665989255262473","NA","NA"
3,"dunn",NA,"two.sided","hochberg","A","D","NA","0.066901784305646195","NA","0.94665989255262473","0.94665989255262473","NA","NA"
3,"dunn",NA,"two.sided","hochberg","B","D","NA","0.45207788459099457","NA","0.65121287507084347","0.94665989255262473","NA","NA"
3,"dunn",NA,"two.sided","hochberg","C","D","NA","0.8273227559301789","NA","0.40805414913097676","0.94665989255262473","NA","NA"
3,"dunn",NA,"two.sided","BY","A","B","NA","-0.36932693049881593","NA","0.71188405463509175","1","NA","NA"
3,"dunn",NA,"two.sided","BY","A","C","NA","-0.75649183799410502","NA","0.4493543641833046","1","NA","NA"
3,"dunn",NA,"two.sided","BY","B","C","NA","-0.48721141643639548","NA","0.6261085157553492","1","NA","NA"
3,"dunn",NA,"two.sided","BY","A","D","NA","0.066901784305646195","NA","0.94665989255262473","1","NA","NA"
3,"dunn",NA,"two.sided","BY","B","D","NA","0.45207788459099457","NA","0.65121287507084347","1","NA","NA"
3,"dunn",NA,"two.sided","BY","C","D","NA","0.8273227559301789","NA","0.40805414913097676","1","NA","NA"
4,"pairwise_t",TRUE,"two.sided","holm","A","B","0.77887075468027633","2.579745511787221","43","0.013388282241498408","0.013388282241498408","NA","NA"
4,"pairwise_t",TRUE,"two.sided","BH","A","B","0.77887075468027633","2.579745511787221","43","0.013388282241498408","0.013388282241498408","NA","NA"
4,"pairwise_t",TRUE,"two.sided","none","A","B","0.77887075468027633","2.579745511787221","43","0.013388282241498408","0.013388282241498408","NA","NA"
4,"pairwise_t",TRUE,"two.sided","bonferroni","A","B","0.77887075468027633","2.579745511787221","43","0.013388282241498408","0.013388282241498408","NA","NA"
4,"pairwise_t",TRUE,"two.sided","hommel","A","B","0.77887075468027633","2.579745511787221","43","0.013388282241498408","0.013388282241498408","NA","NA"
4,"pairwise_t",TRUE,"less","holm","A","B","0.77887075468027633","2.579745511787221","43","0.99330585887925071","0.99330585887925071","NA","NA"
4,"pairwise_t",TRUE,"less","BH","A","B","0.77887075468027633","2.579745511787221","43","0.99330585887925071","0.99330585887925071","NA","NA"
4,"pairwise_t",TRUE,"less","none","A","B","0.77887075468027633","2.579745511787221","43","0.99330585887925071","0.99330585887925071","NA","NA"
4,"pairwise_t",TRUE,"less","bonferroni","A","B","0.77887075468027633","2.579745511787221","43","0.99330585887925071","0.99330585887925071","NA","NA"
4,"pairwise_t",TRUE,"less","hommel","A","B","0.77887075468027633","2.579745511787221","43","0.99330585887925071","0.99330585887925071","NA","NA"
4,"pairwise_t",TRUE,"greater","holm","A","B","0.77887075468027633","2.579745511787221","43","0.0066941411207492038","0.0066941411207492038","NA","NA"
4,"pairwise_t",TRUE,"greater","BH","A","B","0.77887075468027633","2.579745511787221","43","0.0066941411207492038","0.0066941411207492038","NA","NA"
4,"pairwise_t",TRUE,"greater","none","A","B","0.77887075468027633","2.579745511787221","43","0.0066941411207492038","0.0066941411207492038","NA","NA"
4,"pairwise_t",TRUE,"greater","bonferroni","A","B","0.77887075468027633","2.579745511787221","43","0.0066941411207492038","0.0066941411207492038","NA","NA"
4,"pairwise_t",TRUE,"greater","hommel","A","B","0.77887075468027633","2.579745511787221","43","0.0066941411207492038","0.0066941411207492038","NA","NA"
4,"pairwise_t",FALSE,"two.sided","holm","A","B","0.77887075468027633","2.7958402360186061","33.44855007430106","0.0085129754732350526","0.0085129754732350526","NA","NA"
4,"pairwise_t",FALSE,"two.sided","BH","A","B","0.77887075468027633","2.7958402360186061","33.44855007430106","0.0085129754732350526","0.0085129754732350526","NA","NA"
4,"pairwise_t",FALSE,"two.sided","none","A","B","0.77887075468027633","2.7958402360186061","33.44855007430106","0.0085129754732350526","0.0085129754732350526","NA","NA"
4,"pairwise_t",FALSE,"two.sided","bonferroni","A","B","0.77887075468027633","2.7958402360186061","33.44855007430106","0.0085129754732350526","0.0085129754732350526","NA","NA"
4,"pairwise_t",FALSE,"two.sided","hommel","A","B","0.77887075468027633","2.7958402360186061","33.44855007430106","0.0085129754732350526","0.0085129754732350526","NA","NA"
4,"pairwise_t",FALSE,"less","holm","A","B","0.77887075468027633","2.7958402360186061","33.44855007430106","0.99574351226338242","0.99574351226338242","NA","NA"
4,"pairwise_t",FALSE,"less","BH","A","B","0.77887075468027633","2.7958402360186061","33.44855007430106","0.99574351226338242","0.99574351226338242","NA","NA"
4,"pairwise_t",FALSE,"less","none","A","B","0.77887075468027633","2.7958402360186061","33.44855007430106","0.99574351226338242","0.99574351226338242","NA","NA"
4,"pairwise_t",FALSE,"less","bonferroni","A","B","0.77887075468027633","2.7958402360186061","33.44855007430106","0.99574351226338242","0.99574351226338242","NA","NA"
4,"pairwise_t",FALSE,"less","hommel","A","B","0.77887075468027633","2.7958402360186061","33.44855007430106","0.99574351226338242","0.99574351226338242","NA","NA"
4,"pairwise_t",FALSE,"greater","holm","A","B","0.77887075468027633","2.7958402360186061","33.44855007430106","0.0042564877366175263","0.0042564877366175263","NA","NA"
4,"pairwise_t",FALSE,"greater","BH","A","B","0.77887075468027633","2.7958402360186061","33.44855007430106","0.0042564877366175263","0.0042564877366175263","NA","NA"
4,"pairwise_t",FALSE,"greater","none","A","B","0.77887075468027633","2.7958402360186061","33.44855007430106","0.0042564877366175263","0.0042564877366175263","NA","NA"
4,"pairwise_t",FALSE,"greater","bonferroni","A","B","0.77887075468027633","2.7958402360186061","33.44855007430106","0.0042564877366175263","0.0042564877366175263","NA","NA"
4,"pairwise_t",FALSE,"greater","hommel","A","B","0.77887075468027633","2.7958402360186061","33.44855007430106","0.0042564877366175263","0.0042564877366175263","NA","NA"
4,"tukey",NA,"two.sided","0.95","A","B","0.77887075468027578","NA","43","0.013388282242712046","0.013388282242712046","0.16999574432187692","1.3877457650386746"
4,"tukey",NA,"two.sided","0.9","A","B","0.77887075468027578","NA","43","0.013388282242712046","0.013388282242712046","0.27132580448839361","1.2864157048721578"
4,"tukey",NA,"two.sided","0.99","A","B","0.77887075468027578","NA","43","0.013388282242712046","0.013388282242712046","-0.034828160115263018","1.5925696694758145"
4,"dunn",NA,"two.sided","holm","A","B","NA","-2.62678510731274","NA","0.0086195749606017124","0.0086195749606017124","NA","NA"
4,"dunn",NA,"two.sided","BH","A","B","NA","-2.62678510731274","NA","0.0086195749606017124","0.0086195749606017124","NA","NA"
4,"dunn",NA,"two.sided","none","A","B","NA","-2.62678510731274","NA","0.0086195749606017124","0.0086195749606017124","NA","NA"
4,"dunn",NA,"two.sided","bonferroni","A","B","NA","-2.62678510731274","NA","0.0086195749606017124","0.0086195749606017124","NA","NA"
4,"dunn",NA,"two.sided","hochberg","A","B","NA","-2.62678510731274","NA","0.0086195749606017124","0.0086195749606017124","NA","NA"
4,"dunn",NA,"two.sided","BY","A","B","NA","-2.62678510731274","NA","0.0086195749606017124","0.0086195749606017124","NA","NA"
5,"pairwise_t",TRUE,"two.sided","holm","A","B","2.2480194495754473","1.9963376960611459","88","0.048988324308560219","0.44089491877704196","NA","NA"
5,"pairwise_t",TRUE,"two.sided","holm","A","C","1.5026210995944729","2.3656241565620246","88","0.020196140989185558","0.20196140989185557","NA","NA"
5,"pairwise_t",TRUE,"two.sided","holm","A","D","1.8434903230225084","3.3249627311607362","88","0.0012907559250474045","0.01677982702561626","NA","NA"
5,"pairwise_t",TRUE,"two.sided","holm","A","E","0.75865692372916771","1.0734075917691015","88","0.28602293709790994","1","NA","NA"
5,"pairwise_t",TRUE,"two.sided","holm","A","F","-1.0282785136647534","-1.9699296429186373","88","0.051991053789273704","0.44089491877704196","NA","NA"
5,"pairwise_t",TRUE,"two.sided","holm","B","C","-0.74539834998097443","-0.62096011556495045","88","0.53623095391656372","1","NA","NA"
5,"pairwise_t",TRUE,"two.sided","holm","B","D","-0.40452912655293893","-0.34882426484151097","88","0.72805447062834194","1","NA","NA"
5,"pairwise_t",TRUE,"two.sided","holm","B","E","-1.4893625258462797","-1.2013272810883213","88","0.23284756572111615","1","NA","NA"
5,"pairwise_t",TRUE,"two.sided","holm","B","F","-3.2762979632402009","-2.8625627367647959","88","0.0052511810215485144","0.063014172258582177","NA","NA"
5,"pairwise_t",TRUE,"two.sided","holm","C","D","0.34086922342803549","0.49183983227628003","88","0.62405723405174207","1","NA","NA"
5,"pairwise_t",TRUE,"two.sided","holm","C","E","-0.74396417586530517","-0.90724359771567331","88","0.36675566698670869","1","NA","NA"
5,"pairwise_t",TRUE,"two.sided","holm","C","F","-2.5308996132592263","-3.7923383918744942","88","0.00027312431350919638","0.0038237403891287491","NA","NA"
5,"pairwise_t",TRUE,"two.sided","holm","D","E","-1.0848333992933408","-1.4289213692097822","88","0.15656694525520765","1","NA","NA"
5,"pairwise_t",TRUE,"two.sided","holm","D","F","-2.871768836687262","-4.8588862719871742","88","5.1031106525235811e-06","7.6546659787853714e-05","NA","NA"
5,"pairwise_t",TRUE,"two.sided","holm","E","F","-1.7869354373939212","-2.4284561620586675","88","0.017198219900322363","0.18918041890354598","NA","NA"
5,"pairwise_t",TRUE,"two.sided","BH","A","B","2.2480194495754473","1.9963376960611459","88","0.048988324308560219","0.097483225854888195","NA","NA"
5,"pairwise_t",TRUE,"two.sided","BH","A","C","1.5026210995944729","2.3656241565620246","88","0.020196140989185558","0.050490352472963893","NA","NA"
5,"pairwise_t",TRUE,"two.sided","BH","A","D","1.8434903230225084","3.3249627311607362","88","0.0012907559250474045","0.0064537796252370225","NA","NA"
5,"pairwise_t",TRUE,"two.sided","BH","A","E","0.75865692372916771","1.0734075917691015","88","0.28602293709790994","0.39003127786078623","NA","NA"
5,"pairwise_t",TRUE,"two.sided","BH","A","F","-1.0282785136647534","-1.9699296429186373","88","0.051991053789273704","0.097483225854888195","NA","NA"
5,"pairwise_t",TRUE,"two.sided","BH","B","C","-0.74539834998097443","-0.62096011556495045","88","0.53623095391656372","0.61872802374988112","NA","NA"
5,"pairwise_t",TRUE,"two.sided","BH","B","D","-0.40452912655293893","-0.34882426484151097","88","0.72805447062834194","0.72805447062834194","NA","NA"
5,"pairwise_t",TRUE,"two.sided","BH","B","E","-1.4893625258462797","-1.2013272810883213","88","0.23284756572111615","0.34927134858167419","NA","NA"
5,"pairwise_t",TRUE,"two.sided","BH","B","F","-3.2762979632402009","-2.8625627367647959","88","0.0052511810215485144","0.019691928830806928","NA","NA"
5,"pairwise_t",TRUE,"two.sided","BH","C","D","0.34086922342803549","0.49183983227628003","88","0.62405723405174207","0.66863275076972362","NA","NA"
5,"pairwise_t",TRUE,"two.sided","BH","C","E","-0.74396417586530517","-0.90724359771567331","88","0.36675566698670869","0.45844458373338587","NA","NA"
5,"pairwise_t",TRUE,"two.sided","BH","C","F","-2.5308996132592263","-3.7923383918744942","88","0.00027312431350919638","0.0020484323513189728","NA","NA"
5,"pairwise_t",TRUE,"two.sided","BH","D","E","-1.0848333992933408","-1.4289213692097822","88","0.15656694525520765","0.26094490875867943","NA","NA"
5,"pairwise_t",TRUE,"two.sided","BH","D","F","-2.871768836687262","-4.8588862719871742","88","5.1031106525235811e-06","7.6546659787853714e-05","NA","NA"
5,"pairwise_t",TRUE,"two.sided","BH","E","F","-1.7869354373939212","-2.4284561620586675","88","0.017198219900322363","0.050490352472963893","NA","NA"
5,"pairwise_t",TRUE,"two.sided","none","A","B","2.2480194495754473","1.9963376960611459","88","0.048988324308560219","0.048988324308560219","NA","NA"
5,"pairwise_t",TRUE,"two.sided","none","A","C","1.5026210995944729","2.3656241565620246","88","0.020196140989185558","0.020196140989185558","NA","NA"
5,"pairwise_t",TRUE,"two.sided","none","A","D","1.8434903230225084","3.3249627311607362","88","0.0012907559250474045","0.0012907559250474045","NA","NA"
5,"pairwise_t",TRUE,"two.sided","none","A","E","0.75865692372916771","1.0734075917691015","88","0.28602293709790994","0.28602293709790994","NA","NA"
5,"pairwise_t",TRUE,"two.sided","none","A","F","-1.0282785136647534","-1.9699296429186373","88","0.051991053789273704","0.051991053789273704","NA","NA"
5,"pairwise_t",TRUE,"two.sided","none","B","C","-0.74539834998097443","-0.62096011556495045","88","0.53623095391656372","0.53623095391656372","NA","NA"
5,"pairwise_t",TRUE,"two.sided","none","B","D","-0.40452912655293893","-0.34882426484151097","88","0.72805447062834194","0.72805447062834194","NA","NA"
5,"pairwise_t",TRUE,"two.sided","none","B","E","-1.4893625258462797","-1.2013272810883213","88","0.23284756572111615","0.23284756572111615","NA","NA"
5,"pairwise_t",TRUE,"two.sided","none","B","F","-3.2762979632402009","-2.8625627367647959","88","0.0052511810215485144","0.0052511810215485144","NA","NA"
5,"pairwise_t",TRUE,"two.sided","none","C","D","0.34086922342803549","0.49183983227628003","88","0.62405723405174207","0.62405723405174207","NA","NA"
5,"pairwise_t",TRUE,"two.sided","none","C","E","-0.74396417586530517","-0.90724359771567331","88","0.36675566698670869","0.36675566698670869","NA","NA"
5,"pairwise_t",TRUE,"two.sided","none","C","F","-2.5308996132592263","-3.7923383918744942","88","0.00027312431350919638","0.00027312431350919638","NA","NA"
5,"pairwise_t",TRUE,"two.sided","none","D","E","-1.0848333992933408","-1.4289213692097822","88","0.15656694525520765","0.15656694525520765","NA","NA"
5,"pairwise_t",TRUE,"two.sided","none","D","F","-2.871768836687262","-4.8588862719871742","88","5.1031106525235811e-06","5.1031106525235811e-06","NA","NA"
5,"pairwise_t",TRUE,"two.sided","none","E","F","-1.7869354373939212","-2.4284561620586675","88","0.017198219900322363","0.017198219900322363","NA","NA"
5,"pairwise_t",TRUE,"two.sided","bonferroni","A","B","2.2480194495754473","1.9963376960611459","88","0.048988324308560219","0.73482486462840324","NA","NA"
5,"pairwise_t",TRUE,"two.sided","bonferroni","A","C","1.5026210995944729","2.3656241565620246","88","0.020196140989185558","0.30294211483778338","NA","NA"
5,"pairwise_t",TRUE,"two.sided","bonferroni","A","D","1.8434903230225084","3.3249627311607362","88","0.0012907559250474045","0.019361338875711068","NA","NA"
5,"pairwise_t",TRUE,"two.sided","bonferroni","A","E","0.75865692372916771","1.0734075917691015","88","0.28602293709790994","1","NA","NA"
5,"pairwise_t",TRUE,"two.sided","bonferroni","A","F","-1.0282785136647534","-1.9699296429186373","88","0.051991053789273704","0.77986580683910556","NA","NA"
5,"pairwise_t",TRUE,"two.sided","bonferroni","B","C","-0.74539834998097443","-0.62096011556495045","88","0.53623095391656372","1","NA","NA"
5,"pairwise_t",TRUE,"two.sided","bonferroni","B","D","-0.40452912655293893","-0.34882426484151097","88","0.72805447062834194","1","NA","NA"
5,"pairwise_t",TRUE,"two.sided","bonferroni","B","E","-1.4893625258462797","-1.2013272810883213","88","0.23284756572111615","1","NA","NA"
5,"pairwise_t",TRUE,"two.sided","bonferroni","B","F","-3.2762979632402009","-2.8625627367647959","88","0.0052511810215485144","0.078767715323227711","NA","NA"
5,"pairwise_t",TRUE,"two.sided","bonferroni","C","D","0.34086922342803549","0.49183983227628003","88","0.62405723405174207","1","NA","NA"
5,"pairwise_t",TRUE,"two.sided","bonferroni","C","E","-0.74396417586530517","-0.90724359771567331","88","0.36675566698670869","1","NA","NA"
5,"pairwise_t",TRUE,"two.sided","bonferroni","C","F","-2.5308996132592263","-3.7923383918744942","88","0.00027312431350919638","0.0040968647026379456","NA","NA"
5,"pairwise_t",TRUE,"two.sided","bonferroni","D","E","-1.0848333992933408","-1.4289213692097822","88","0.15656694525520765","1","NA","NA"
5,"pairwise_t",TRUE,"two.sided","bonferroni","D","F","-2.871768836687262","-4.8588862719871742","88","5.1031106525235811e-06","7.6546659787853714e-05","NA","NA"
5,"pairwise_t",TRUE,"two.sided","bonferroni","E","F","-1.7869354373939212","-2.4284561620586675","88","0.017198219900322363","0.25797329850483541","NA","NA"
5,"pairwise_t",TRUE,"two.sided","hommel","A","B","2.2480194495754473","1.9963376960611459","88","0.048988324308560219","0.39190659446848175","NA","NA"
5,"pairwise_t",TRUE,"two.sided","hommel","A","C","1.5026210995944729","2.3656241565620246","88","0.020196140989185558","0.18176526890267003","NA","NA"
5,"pairwise_t",TRUE,"two.sided","hommel","A","D","1.8434903230225084","3.3249627311607362","88","0.0012907559250474045","0.01677982702561626","NA","NA"
5,"pairwise_t",TRUE,"two.sided","hommel","A","E","0.75865692372916771","1.0734075917691015","88","0.28602293709790994","0.72805447062834194","NA","NA"
5,"pairwise_t",TRUE,"two.sided","hommel","A","F","-1.0282785136647534","-1.9699296429186373","88","0.051991053789273704","0.41592843031418963","NA","NA"
5,"pairwise_t",TRUE,"two.sided","hommel","B","C","-0.74539834998097443","-0.62096011556495045","88","0.53623095391656372","0.72805447062834194","NA","NA"
5,"pairwise_t",TRUE,"two.sided","hommel","B","D","-0.40452912655293893","-0.34882426484151097","88","0.72805447062834194","0.72805447062834194","NA","NA"
5,"pairwise_t",TRUE,"two.sided","hommel","B","E","-1.4893625258462797","-1.2013272810883213","88","0.23284756572111615","0.72805447062834194","NA","NA"
5,"pairwise_t",TRUE,"two.sided","hommel","B","F","-3.2762979632402009","-2.8625627367647959","88","0.0052511810215485144","0.063014172258582177","NA","NA"
5,"pairwise_t",TRUE,"two.sided","hommel","C","D","0.34086922342803549","0.49183983227628003","88","0.62405723405174207","0.72805447062834194","NA","NA"
5,"pairwise_t",TRUE,"two.sided","hommel","C","E","-0.74396417586530517","-0.90724359771567331","88","0.36675566698670869","0.72805447062834194","NA","NA"
5,"pairwise_t",TRUE,"two.sided","hommel","C","F","-2.5308996132592263","-3.7923383918744942","88","0.00027312431350919638","0.0038237403891287491","NA","NA"
5,"pairwise_t",TRUE,"two.sided","hommel","D","E","-1.0848333992933408","-1.4289213692097822","88","0.15656694525520765","0.72805447062834194","NA","NA"
5,"pairwise_t",TRUE,"two.sided","hommel","D","F","-2.871768836687262","-4.8588862719871742","88","5.1031106525235811e-06","7.6546659787853714e-05","NA","NA"
5,"pairwise_t",TRUE,"two.sided","hommel","E","F","-1.7869354373939212","-2.4284561620586675","88","0.017198219900322363","0.17198219900322362","NA","NA"
5,"pairwise_t",TRUE,"less","holm","A","B","2.2480194495754473","1.9963376960611459","88","0.97550583784571987","1","NA","NA"
5,"pairwise_t",TRUE,"less","holm","A","C","1.5026210995944729","2.3656241565620246","88","0.98990192950540723","1","NA","NA"
5,"pairwise_t",TRUE,"less","holm","A","D","1.8434903230225084","3.3249627311607362","88","0.99935462203747627","1","NA","NA"
5,"pairwise_t",TRUE,"less","holm","A","E","0.75865692372916771","1.0734075917691015","88","0.85698853145104503","1","NA","NA"
5,"pairwise_t",TRUE,"less","holm","A","F","-1.0282785136647534","-1.9699296429186373","88","0.025995526894636852","0.28595079584100536","NA","NA"
5,"pairwise_t",TRUE,"less","holm","B","C","-0.74539834998097443","-0.62096011556495045","88","0.26811547695828186","1","NA","NA"
5,"pairwise_t",TRUE,"less","holm","B","D","-0.40452912655293893","-0.34882426484151097","88","0.36402723531417097","1","NA","NA"
5,"pairwise_t",TRUE,"less","holm","B","E","-1.4893625258462797","-1.2013272810883213","88","0.11642378286055807","1","NA","NA"
5,"pairwise_t",TRUE,"less","holm","B","F","-3.2762979632402009","-2.8625627367647959","88","0.0026255905107742572","0.034132676640065342","NA","NA"
5,"pairwise_t",TRUE,"less","holm","C","D","0.34086922342803549","0.49183983227628003","88","0.68797138297412896","1","NA","NA"
5,"pairwise_t",TRUE,"less","holm","C","E","-0.74396417586530517","-0.90724359771567331","88","0.18337783349335435","1","NA","NA"
5,"pairwise_t",TRUE,"less","holm","C","F","-2.5308996132592263","-3.7923383918744942","88","0.00013656215675459819","0.0019118701945643746","NA","NA"
5,"pairwise_t",TRUE,"less","holm","D","E","-1.0848333992933408","-1.4289213692097822","88","0.078283472627603823","0.78283472627603823","NA","NA"
5,"pairwise_t",TRUE,"less","holm","D","F","-2.871768836687262","-4.8588862719871742","88","2.5515553262617906e-06","3.8273329893926857e-05","NA","NA"
5,"pairwise_t",TRUE,"less","holm","E","F","-1.7869354373939212","-2.4284561620586675","88","0.0085991099501611813","0.10318931940193418","NA","NA"
5,"pairwise_t",TRUE,"less","BH","A","B","2.2480194495754473","1.9963376960611459","88","0.97550583784571987","0.99935462203747627","NA","NA"
5,"pairwise_t",TRUE,"less","BH","A","C","1.5026210995944729","2.3656241565620246","88","0.98990192950540723","0.99935462203747627","NA","NA"
5,"pairwise_t",TRUE,"less","BH","A","D","1.8434903230225084","3.3249627311607362","88","0.99935462203747627","0.99935462203747627","NA","NA"
5,"pairwise_t",TRUE,"less","BH","A","E","0.75865692372916771","1.0734075917691015","88","0.85698853145104503","0.99935462203747627","NA","NA"
5,"pairwise_t",TRUE,"less","BH","A","F","-1.0282785136647534","-1.9699296429186373","88","0.025995526894636852","0.077986580683910553","NA","NA"
5,"pairwise_t",TRUE,"less","BH","B","C","-0.74539834998097443","-0.62096011556495045","88","0.26811547695828186","0.44685912826380314","NA","NA"
5,"pairwise_t",TRUE,"less","BH","B","D","-0.40452912655293893","-0.34882426484151097","88","0.36402723531417097","0.54604085297125649","NA","NA"
5,"pairwise_t",TRUE,"less","BH","B","E","-1.4893625258462797","-1.2013272810883213","88","0.11642378286055807","0.24947953470119585","NA","NA"
5,"pairwise_t",TRUE,"less","BH","B","F","-3.2762979632402009","-2.8625627367647959","88","0.0026255905107742572","0.013127952553871286","NA","NA"
5,"pairwise_t",TRUE,"less","BH","C","D","0.34086922342803549","0.49183983227628003","88","0.68797138297412896","0.93814279496472119","NA","NA"
5,"pairwise_t",TRUE,"less","BH","C","E","-0.74396417586530517","-0.90724359771567331","88","0.18337783349335435","0.34383343780003939","NA","NA"
5,"pairwise_t",TRUE,"less","BH","C","F","-2.5308996132592263","-3.7923383918744942","88","0.00013656215675459819","0.0010242161756594864","NA","NA"
5,"pairwise_t",TRUE,"less","BH","D","E","-1.0848333992933408","-1.4289213692097822","88","0.078283472627603823","0.19570868156900956","NA","NA"
5,"pairwise_t",TRUE,"less","BH","D","F","-2.871768836687262","-4.8588862719871742","88","2.5515553262617906e-06","3.8273329893926857e-05","NA","NA"
5,"pairwise_t",TRUE,"less","BH","E","F","-1.7869354373939212","-2.4284561620586675","88","0.0085991099501611813","0.032246662313104427","NA","NA"
5,"pairwise_t",TRUE,"less","none","A","B","2.2480194495754473","1.9963376960611459","88","0.97550583784571987","0.97550583784571987","NA","NA"
5,"pairwise_t",TRUE,"less","none","A","C","1.5026210995944729","2.3656241565620246","88","0.98990192950540723","0.98990192950540723","NA","NA"
5,"pairwise_t",TRUE,"less","none","A","D","1.8434903230225084","3.3249627311607362","88","0.99935462203747627","0.99935462203747627","NA","NA"
5,"pairwise_t",TRUE,"less","none","A","E","0.75865692372916771","1.0734075917691015","88","0.85698853145104503","0.85698853145104503","NA","NA"
5,"pairwise_t",TRUE,"less","none","A","F","-1.0282785136647534","-1.9699296429186373","88","0.025995526894636852","0.025995526894636852","NA","NA"
5,"pairwise_t",TRUE,"less","none","B","C","-0.74539834998097443","-0.62096011556495045","88","0.26811547695828186","0.26811547695828186","NA","NA"
5,"pairwise_t",TRUE,"less","none","B","D","-0.40452912655293893","-0.34882426484151097","88","0.36402723531417097","0.36402723531417097","NA","NA"
5,"pairwise_t",TRUE,"less","none","B","E","-1.4893625258462797","-1.2013272810883213","88","0.11642378286055807","0.11642378286055807","NA","NA"
5,"pairwise_t",TRUE,"less","none","B","F","-3.2762979632402009","-2.8625627367647959","88","0.0026255905107742572","0.0026255905107742572","NA","NA"
5,"pairwise_t",TRUE,"less","none","C","D","0.34086922342803549","0.49183983227628003","88","0.68797138297412896","0.68797138297412896","NA","NA"
5,"pairwise_t",TRUE,"less","none","C","E","-0.74396417586530517","-0.90724359771567331","88","0.18337783349335435","0.18337783349335435","NA","NA"
5,"pairwise_t",TRUE,"less","none","C","F","-2.5308996132592263","-3.7923383918744942","88","0.00013656215675459819","0.00013656215675459819","NA","NA"
5,"pairwise_t",TRUE,"less","none","D","E","-1.0848333992933408","-1.4289213692097822","88","0.078283472627603823","0.078283472627603823","NA","NA"
5,"pairwise_t",TRUE,"less","none","D","F","-2.871768836687262","-4.8588862719871742","88","2.5515553262617906e-06","2.5515553262617906e-06","NA","NA"
5,"pairwise_t",TRUE,"less","none","E","F","-1.7869354373939212","-2.4284561620586675","88","0.0085991099501611813","0.0085991099501611813","NA","NA"
5,"pairwise_t",TRUE,"less","bonferroni","A","B","2.2480194495754473","1.9963376960611459","88","0.97550583784571987","1","NA","NA"
5,"pairwise_t",TRUE,"less","bonferroni","A","C","1.5026210995944729","2.3656241565620246","88","0.98990192950540723","1","NA","NA"
5,"pairwise_t",TRUE,"less","bonferroni","A","D","1.8434903230225084","3.3249627311607362","88","0.99935462203747627","1","NA","NA"
5,"pairwise_t",TRUE,"less","bonferroni","A","E","0.75865692372916771","1.0734075917691015","88","0.85698853145104503","1","NA","NA"
5,"pairwise_t",TRUE,"less","bonferroni","A","F","-1.0282785136647534","-1.9699296429186373","88","0.025995526894636852","0.38993290341955278","NA","NA"
5,"pairwise_t",TRUE,"less","bonferroni","B","C","-0.74539834998097443","-0.62096011556495045","88","0.26811547695828186","1","NA","NA"
5,"pairwise_t",TRUE,"less","bonferroni","B","D","-0.40452912655293893","-0.34882426484151097","88","0.36402723531417097","1","NA","NA"
5,"pairwise_t",TRUE,"less","bonferroni","B","E","-1.4893625258462797","-1.2013272810883213","88","0.11642378286055807","1","NA","NA"
5,"pairwise_t",TRUE,"less","bonferroni","B","F","-3.2762979632402009","-2.8625627367647959","88","0.0026255905107742572","0.039383857661613855","NA","NA"
5,"pairwise_t",TRUE,"less","bonferroni","C","D","0.34086922342803549","0.49183983227628003","88","0.68797138297412896","1","NA","NA"
5,"pairwise_t",TRUE,"less","bonferroni","C","E","-0.74396417586530517","-0.90724359771567331","88","0.18337783349335435","1","NA","NA"
5,"pairwise_t",TRUE,"less","bonferroni","C","F","-2.5308996132592263","-3.7923383918744942","88","0.00013656215675459819","0.0020484323513189728","NA","NA"
5,"pairwise_t",TRUE,"less","bonferroni","D","E","-1.0848333992933408","-1.4289213692097822","88","0.078283472627603823","1","NA","NA"
5,"pairwise_t",TRUE,"less","bonferroni","D","F","-2.871768836687262","-4.8588862719871742","88","2.5515553262617906e-06","3.8273329893926857e-05","NA","NA"
5,"pairwise_t",TRUE,"less","bonferroni","E","F","-1.7869354373939212","-2.4284561620586675","88","0.0085991099501611813","0.12898664925241771","NA","NA"
5,"pairwise_t",TRUE,"less","hommel","A","B","2.2480194495754473","1.9963376960611459","88","0.97550583784571987","0.99935462203747638","NA","NA"
5,"pairwise_t",TRUE,"less","hommel","A","C","1.5026210995944729","2.3656241565620246","88","0.98990192950540723","0.99935462203747638","NA","NA"
5,"pairwise_t",TRUE,"less","hommel","A","D","1.8434903230225084","3.3249627311607362","88","0.99935462203747627","0.99935462203747638","NA","NA"
5,"pairwise_t",TRUE,"less","hommel","A","E","0.75865692372916771","1.0734075917691015","88","0.85698853145104503","0.99935462203747638","NA","NA"
5,"pairwise_t",TRUE,"less","hommel","A","F","-1.0282785136647534","-1.9699296429186373","88","0.025995526894636852","0.28595079584100536","NA","NA"
5,"pairwise_t",TRUE,"less","hommel","B","C","-0.74539834998097443","-0.62096011556495045","88","0.26811547695828186","0.99935462203747638","NA","NA"
5,"pairwise_t",TRUE,"less","hommel","B","D","-0.40452912655293893","-0.34882426484151097","88","0.36402723531417097","0.99935462203747638","NA","NA"
5,"pairwise_t",TRUE,"less","hommel","B","E","-1.4893625258462797","-1.2013272810883213","88","0.11642378286055807","0.93139026288446458","NA","NA"
5,"pairwise_t",TRUE,"less","hommel","B","F","-3.2762979632402009","-2.8625627367647959","88","0.0026255905107742572","0.034132676640065342","NA","NA"
5,"pairwise_t",TRUE,"less","hommel","C","D","0.34086922342803549","0.49183983227628003","88","0.68797138297412896","0.99935462203747638","NA","NA"
5,"pairwise_t",TRUE,"less","hommel","C","E","-0.74396417586530517","-0.90724359771567331","88","0.18337783349335435","0.99935462203747638","NA","NA"
5,"pairwise_t",TRUE,"less","hommel","C","F","-2.5308996132592263","-3.7923383918744942","88","0.00013656215675459819","0.0019118701945643746","NA","NA"
5,"pairwise_t",TRUE,"less","hommel","D","E","-1.0848333992933408","-1.4289213692097822","88","0.078283472627603823","0.70455125364843441","NA","NA"
5,"pairwise_t",TRUE,"less","hommel","D","F","-2.871768836687262","-4.8588862719871742","88","2.5515553262617906e-06","3.8273329893926857e-05","NA","NA"
5,"pairwise_t",TRUE,"less","hommel","E","F","-1.7869354373939212","-2.4284561620586675","88","0.0085991099501611813","0.10318931940193418","NA","NA"
5,"pairwise_t",TRUE,"greater","holm","A","B","2.2480194495754473","1.9963376960611459","88","0.024494162154280109","0.31842410800564142","NA","NA"
5,"pairwise_t",TRUE,"greater","holm","A","C","1.5026210995944729","2.3656241565620246","88","0.010098070494592779","0.14137298692429889","NA","NA"
5,"pairwise_t",TRUE,"greater","holm","A","D","1.8434903230225084","3.3249627311607362","88","0.00064537796252370227","0.0096806694378555342","NA","NA"
5,"pairwise_t",TRUE,"greater","holm","A","E","0.75865692372916771","1.0734075917691015","88","0.14301146854895497","1","NA","NA"
5,"pairwise_t",TRUE,"greater","holm","A","F","-1.0282785136647534","-1.9699296429186373","88","0.9740044731053632","1","NA","NA"
5,"pairwise_t",TRUE,"greater","holm","B","C","-0.74539834998097443","-0.62096011556495045","88","0.73188452304171814","1","NA","NA"
5,"pairwise_t",TRUE,"greater","holm","B","D","-0.40452912655293893","-0.34882426484151097","88","0.63597276468582908","1","NA","NA"
5,"pairwise_t",TRUE,"greater","holm","B","E","-1.4893625258462797","-1.2013272810883213","88","0.8835762171394419","1","NA","NA"
5,"pairwise_t",TRUE,"greater","holm","B","F","-3.2762979632402009","-2.8625627367647959","88","0.99737440948922573","1","NA","NA"
5,"pairwise_t",TRUE,"greater","holm","C","D","0.34086922342803549","0.49183983227628003","88","0.31202861702587104","1","NA","NA"
5,"pairwise_t",TRUE,"greater","holm","C","E","-0.74396417586530517","-0.90724359771567331","88","0.81662216650664565","1","NA","NA"
5,"pairwise_t",TRUE,"greater","holm","C","F","-2.5308996132592263","-3.7923383918744942","88","0.99986343784324538","1","NA","NA"
5,"pairwise_t",TRUE,"greater","holm","D","E","-1.0848333992933408","-1.4289213692097822","88","0.92171652737239618","1","NA","NA"
5,"pairwise_t",TRUE,"greater","holm","D","F","-2.871768836687262","-4.8588862719871742","88","0.99999744844467375","1","NA","NA"
5,"pairwise_t",TRUE,"greater","holm","E","F","-1.7869354373939212","-2.4284561620586675","88","0.99140089004983878","1","NA","NA"
5,"pairwise_t",TRUE,"greater","BH","A","B","2.2480194495754473","1.9963376960611459","88","0.024494162154280109","0.12247081077140054","NA","NA"
5,"pairwise_t",TRUE,"greater","BH","A","C","1.5026210995944729","2.3656241565620246","88","0.010098070494592779","0.075735528709445846","NA","NA"
5,"pairwise_t",TRUE,"greater","BH","A","D","1.8434903230225084","3.3249627311607362","88","0.00064537796252370227","0.0096806694378555342","NA","NA"
5,"pairwise_t",TRUE,"greater","BH","A","E","0.75865692372916771","1.0734075917691015","88","0.14301146854895497","0.53629300705858118","NA","NA"
5,"pairwise_t",TRUE,"greater","BH","A","F","-1.0282785136647534","-1.9699296429186373","88","0.9740044731053632","0.99999744844467375","NA","NA"
5,"pairwise_t",TRUE,"greater","BH","B","C","-0.74539834998097443","-0.62096011556495045","88","0.73188452304171814","0.99999744844467375","NA","NA"
5,"pairwise_t",TRUE,"greater","BH","B","D","-0.40452912655293893","-0.34882426484151097","88","0.63597276468582908","0.99999744844467375","NA","NA"
5,"pairwise_t",TRUE,"greater","BH","B","E","-1.4893625258462797","-1.2013272810883213","88","0.8835762171394419","0.99999744844467375","NA","NA"
5,"pairwise_t",TRUE,"greater","BH","B","F","-3.2762979632402009","-2.8625627367647959","88","0.99737440948922573","0.99999744844467375","NA","NA"
5,"pairwise_t",TRUE,"greater","BH","C","D","0.34086922342803549","0.49183983227628003","88","0.31202861702587104","0.93608585107761311","NA","NA"
5,"pairwise_t",TRUE,"greater","BH","C","E","-0.74396417586530517","-0.90724359771567331","88","0.81662216650664565","0.99999744844467375","NA","NA"
5,"pairwise_t",TRUE,"greater","BH","C","F","-2.5308996132592263","-3.7923383918744942","88","0.99986343784324538","0.99999744844467375","NA","NA"
5,"pairwise_t",TRUE,"greater","BH","D","E","-1.0848333992933408","-1.4289213692097822","88","0.92171652737239618","0.99999744844467375","NA","NA"
5,"pairwise_t",TRUE,"greater","BH","D","F","-2.871768836687262","-4.8588862719871742","88","0.99999744844467375","0.99999744844467375","NA","NA"
5,"pairwise_t",TRUE,"greater","BH","E","F","-1.7869354373939212","-2.4284561620586675","88","0.99140089004983878","0.99999744844467375","NA","NA"
5,"pairwise_t",TRUE,"greater","none","A","B","2.2480194495754473","1.9963376960611459","88","0.024494162154280109","0.024494162154280109","NA","NA"
5,"pairwise_t",TRUE,"greater","none","A","C","1.5026210995944729","2.3656241565620246","88","0.010098070494592779","0.010098070494592779","NA","NA"
5,"pairwise_t",TRUE,"greater","none","A","D","1.8434903230225084","3.3249627311607362","88","0.00064537796252370227","0.00064537796252370227","NA","NA"
5,"pairwise_t",TRUE,"greater","none","A","E","0.75865692372916771","1.0734075917691015","88","0.14301146854895497","0.14301146854895497","NA","NA"
5,"pairwise_t",TRUE,"greater","none","A","F","-1.0282785136647534","-1.9699296429186373","88","0.9740044731053632","0.9740044731053632","NA","NA"
5,"pairwise_t",TRUE,"greater","none","B","C","-0.74539834998097443","-0.62096011556495045","88","0.73188452304171814","0.73188452304171814","NA","NA"
5,"pairwise_t",TRUE,"greater","none","B","D","-0.40452912655293893","-0.34882426484151097","88","0.63597276468582908","0.63597276468582908","NA","NA"
5,"pairwise_t",TRUE,"greater","none","B","E","-1.4893625258462797","-1.2013272810883213","88","0.8835762171394419","0.8835762171394419","NA","NA"
5,"pairwise_t",TRUE,"greater","none","B","F","-3.2762979632402009","-2.8625627367647959","88","0.99737440948922573","0.99737440948922573","NA","NA"
5,"pairwise_t",TRUE,"greater","none","C","D","0.34086922342803549","0.49183983227628003","88","0.31202861702587104","0.31202861702587104","NA","NA"
5,"pairwise_t",TRUE,"greater","none","C","E","-0.74396417586530517","-0.90724359771567331","88","0.81662216650664565","0.81662216650664565","NA","NA"
5,"pairwise_t",TRUE,"greater","none","C","F","-2.5308996132592263","-3.7923383918744942","88","0.99986343784324538","0.99986343784324538","NA","NA"
5,"pairwise_t",TRUE,"greater","none","D","E","-1.0848333992933408","-1.4289213692097822","88","0.92171652737239618","0.92171652737239618","NA","NA"
5,"pairwise_t",TRUE,"greater","none","D","F","-2.871768836687262","-4.8588862719871742","88","0.99999744844467375","0.99999744844467375","NA","NA"
5,"pairwise_t",TRUE,"greater","none","E","F","-1.7869354373939212","-2.4284561620586675","88","0.99140089004983878","0.99140089004983878","NA","NA"
5,"pairwise_t",TRUE,"greater","bonferroni","A","B","2.2480194495754473","1.9963376960611459","88","0.024494162154280109","0.36741243231420162","NA","NA"
5,"pairwise_t",TRUE,"greater","bonferroni","A","C","1.5026210995944729","2.3656241565620246","88","0.010098070494592779","0.15147105741889169","NA","NA"
5,"pairwise_t",TRUE,"greater","bonferroni","A","D","1.8434903230225084","3.3249627311607362","88","0.00064537796252370227","0.0096806694378555342","NA","NA"
5,"pairwise_t",TRUE,"greater","bonferroni","A","E","0.75865692372916771","1.0734075917691015","88","0.14301146854895497","1","NA","NA"
5,"pairwise_t",TRUE,"greater","bonferroni","A","F","-1.0282785136647534","-1.9699296429186373","88","0.9740044731053632","1","NA","NA"
5,"pairwise_t",TRUE,"greater","bonferroni","B","C","-0.74539834998097443","-0.62096011556495045","88","0.73188452304171814","1","NA","NA"
5,"pairwise_t",TRUE,"greater","bonferroni","B","D","-0.40452912655293893","-0.34882426484151097","88","0.63597276468582908","1","NA","NA"
5,"pairwise_t",TRUE,"greater","bonferroni","B","E","-1.4893625258462797","-1.2013272810883213","88","0.8835762171394419","1","NA","NA"
5,"pairwise_t",TRUE,"greater","bonferroni","B","F","-3.2762979632402009","-2.8625627367647959","88","0.99737440948922573","1","NA","NA"
5,"pairwise_t",TRUE,"greater","bonferroni","C","D","0.34086922342803549","0.49183983227628003","88","0.31202861702587104","1","NA","NA"
5,"pairwise_t",TRUE,"greater","bonferroni","C","E","-0.74396417586530517","-0.90724359771567331","88","0.81662216650664565","1","NA","NA"
5,"pairwise_t",TRUE,"greater","bonferroni","C","F","-2.5308996132592263","-3.7923383918744942","88","0.99986343784324538","1","NA","NA"
5,"pairwise_t",TRUE,"greater","bonferroni","D","E","-1.0848333992933408","-1.4289213692097822","88","0.92171652737239618","1","NA","NA"
5,"pairwise_t",TRUE,"greater","bonferroni","D","F","-2.871768836687262","-4.8588862719871742","88","0.99999744844467375","1","NA","NA"
5,"pairwise_t",TRUE,"greater","bonferroni","E","F","-1.7869354373939212","-2.4284561620586675","88","0.99140089004983878","1","NA","NA"
5,"pairwise_t",TRUE,"greater","hommel","A","B","2.2480194495754473","1.9963376960611459","88","0.024494162154280109","0.31842410800564142","NA","NA"
5,"pairwise_t",TRUE,"greater","hommel","A","C","1.5026210995944729","2.3656241565620246","88","0.010098070494592779","0.14137298692429889","NA","NA"
5,"pairwise_t",TRUE,"greater","hommel","A","D","1.8434903230225084","3.3249627311607362","88","0.00064537796252370227","0.0096806694378555342","NA","NA"
5,"pairwise_t",TRUE,"greater","hommel","A","E","0.75865692372916771","1.0734075917691015","88","0.14301146854895497","0.99999744844467375","NA","NA"
5,"pairwise_t",TRUE,"greater","hommel","A","F","-1.0282785136647534","-1.9699296429186373","88","0.9740044731053632","0.99999744844467375","NA","NA"
5,"pairwise_t",TRUE,"greater","hommel","B","C","-0.74539834998097443","-0.62096011556495045","88","0.73188452304171814","0.99999744844467375","NA","NA"
5,"pairwise_t",TRUE,"greater","hommel","B","D","-0.40452912655293893","-0.34882426484151097","88","0.63597276468582908","0.99999744844467375","NA","NA"
5,"pairwise_t",TRUE,"greater","hommel","B","E","-1.4893625258462797","-1.2013272810883213","88","0.8835762171394419","0.99999744844467375","NA","NA"
5,"pairwise_t",TRUE,"greater","hommel","B","F","-3.2762979632402009","-2.8625627367647959","88","0.99737440948922573","0.99999744844467375","NA","NA"
5,"pairwise_t",TRUE,"greater","hommel","C","D","0.34086922342803549","0.49183983227628003","88","0.31202861702587104","0.99999744844467375","NA","NA"
5,"pairwise_t",TRUE,"greater","hommel","C","E","-0.74396417586530517","-0.90724359771567331","88","0.81662216650664565","0.99999744844467375","NA","NA"
5,"pairwise_t",TRUE,"greater","hommel","C","F","-2.5308996132592263","-3.7923383918744942","88","0.99986343784324538","0.99999744844467375","NA","NA"
5,"pairwise_t",TRUE,"greater","hommel","D","E","-1.0848333992933408","-1.4289213692097822","88","0.92171652737239618","0.99999744844467375","NA","NA"
5,"pairwise_t",TRUE,"greater","hommel","D","F","-2.871768836687262","-4.8588862719871742","88","0.99999744844467375","0.99999744844467375","NA","NA"
5,"pairwise_t",TRUE,"greater","hommel","E","F","-1.7869354373939212","-2.4284561620586675","88","0.99140089004983878","0.99999744844467375","NA","NA"
5,"pairwise_t",FALSE,"two.sided","holm","A","B","2.2480194495754473","6.3404926221336941","2.2878530955883396","0.017019034340984472","0.17019034340984474","NA","NA"
5,"pairwise_t",FALSE,"two.sided","holm","A","C","1.5026210995944729","4.150200430963884","12.494587542437094","0.0012378559621595245","0.014854271545914295","NA","NA"
5,"pairwise_t",FALSE,"two.sided","holm","A","D","1.8434903230225084","4.0334321851871531","18.398359869061355","0.00075039453203694601","0.010505523448517243","NA","NA"
5,"pairwise_t",FALSE,"two.sided","holm","A","E","0.75865692372916771","1.4056332916221439","8.4677962817726176","0.19544633224016433","0.94191198813978516","NA","NA"
5,"pairwise_t",FALSE,"two.sided","holm","A","F","-1.0282785136647534","-1.5540930319455968","21.80293397490124","0.13455885544854074","0.94191198813978516","NA","NA"
5,"pairwise_t",FALSE,"two.sided","holm","B","C","-0.74539834998097443","-1.5202528893387033","6.98215771715748","0.17235899242053052","0.94191198813978516","NA","NA"
5,"pairwise_t",FALSE,"two.sided","holm","B","D","-0.40452912655293893","-0.71711545661939224","10.918749386198707","0.48836006327652559","0.97672012655305118","NA","NA"
5,"pairwise_t",FALSE,"two.sided","holm","B","E","-1.4893625258462797","-2.3530577967027537","9.4837719614196558","0.041727766189823955","0.37554989570841557","NA","NA"
5,"pairwise_t",FALSE,"two.sided","holm","B","F","-3.2762979632402009","-4.4294108938890195","19.074264118902974","0.00028540637050561651","0.0042810955575842474","NA","NA"
5,"pairwise_t",FALSE,"two.sided","holm","C","D","0.34086922342803549","0.59921851974554408","27.979920961339026","0.55384857097419837","0.97672012655305118","NA","NA"
5,"pairwise_t",FALSE,"two.sided","holm","C","E","-0.74396417586530517","-1.1675795847945527","14.469842391221503","0.26185642600263881","0.94191198813978516","NA","NA"
5,"pairwise_t",FALSE,"two.sided","holm","C","F","-2.5308996132592263","-3.404958822678732","30.04018391683617","0.0018964875412019115","0.020861362953221028","NA","NA"
5,"pairwise_t",FALSE,"two.sided","holm","D","E","-1.0848333992933408","-1.5596375382143715","18.89466236196586","0.13543834350967479","0.94191198813978516","NA","NA"
5,"pairwise_t",FALSE,"two.sided","holm","D","F","-2.871768836687262","-3.6172223782371606","35.605486139869726","0.00091499360346243639","0.011894916845011674","NA","NA"
5,"pairwise_t",FALSE,"two.sided","holm","E","F","-1.7869354373939212","-2.1166679645087285","27.008377714460821","0.043645584782043292","0.37554989570841557","NA","NA"
5,"pairwise_t",FALSE,"two.sided","BH","A","B","2.2480194495754473","6.3404926221336941","2.2878530955883396","0.017019034340984472","0.042547585852461184","NA","NA"
5,"pairwise_t",FALSE,"two.sided","BH","A","C","1.5026210995944729","4.150200430963884","12.494587542437094","0.0012378559621595245","0.0046419598580982168","NA","NA"
5,"pairwise_t",FALSE,"two.sided","BH","A","D","1.8434903230225084","4.0334321851871531","18.398359869061355","0.00075039453203694601","0.0045749680173121816","NA","NA"
5,"pairwise_t",FALSE,"two.sided","BH","A","E","0.75865692372916771","1.4056332916221439","8.4677962817726176","0.19544633224016433","0.2443079153002054","NA","NA"
5,"pairwise_t",FALSE,"two.sided","BH","A","F","-1.0282785136647534","-1.5540930319455968","21.80293397490124","0.13455885544854074","0.2031575152645122","NA","NA"
5,"pairwise_t",FALSE,"two.sided","BH","B","C","-0.74539834998097443","-1.5202528893387033","6.98215771715748","0.17235899242053052","0.23503498966435979","NA","NA"
5,"pairwise_t",FALSE,"two.sided","BH","B","D","-0.40452912655293893","-0.71711545661939224","10.918749386198707","0.48836006327652559","0.5232429249391346","NA","NA"
5,"pairwise_t",FALSE,"two.sided","BH","B","E","-1.4893625258462797","-2.3530577967027537","9.4837719614196558","0.041727766189823955","0.081835471466331175","NA","NA"
5,"pairwise_t",FALSE,"two.sided","BH","B","F","-3.2762979632402009","-4.4294108938890195","19.074264118902974","0.00028540637050561651","0.0042810955575842474","NA","NA"
5,"pairwise_t",FALSE,"two.sided","BH","C","D","0.34086922342803549","0.59921851974554408","27.979920961339026","0.55384857097419837","0.55384857097419837","NA","NA"
5,"pairwise_t",FALSE,"two.sided","BH","C","E","-0.74396417586530517","-1.1675795847945527","14.469842391221503","0.26185642600263881","0.30214203000304474","NA","NA"
5,"pairwise_t",FALSE,"two.sided","BH","C","F","-2.5308996132592263","-3.404958822678732","30.04018391683617","0.0018964875412019115","0.0056894626236057341","NA","NA"
5,"pairwise_t",FALSE,"two.sided","BH","D","E","-1.0848333992933408","-1.5596375382143715","18.89466236196586","0.13543834350967479","0.2031575152645122","NA","NA"
5,"pairwise_t",FALSE,"two.sided","BH","D","F","-2.871768836687262","-3.6172223782371606","35.605486139869726","0.00091499360346243639","0.0045749680173121816","NA","NA"
5,"pairwise_t",FALSE,"two.sided","BH","E","F","-1.7869354373939212","-2.1166679645087285","27.008377714460821","0.043645584782043292","0.081835471466331175","NA","NA"
5,"pairwise_t",FALSE,"two.sided","none","A","B","2.2480194495754473","6.3404926221336941","2.2878530955883396","0.017019034340984472","0.017019034340984472","NA","NA"
5,"pairwise_t",FALSE,"two.sided","none","A","C","1.5026210995944729","4.150200430963884","12.494587542437094","0.0012378559621595245","0.0012378559621595245","NA","NA"
5,"pairwise_t",FALSE,"two.sided","none","A","D","1.8434903230225084","4.0334321851871531","18.398359869061355","0.00075039453203694601","0.00075039453203694601","NA","NA"
5,"pairwise_t",FALSE,"two.sided","none","A","E","0.75865692372916771","1.4056332916221439","8.4677962817726176","0.19544633224016433","0.19544633224016433","NA","NA"
5,"pairwise_t",FALSE,"two.sided","none","A","F","-1.0282785136647534","-1.5540930319455968","21.80293397490124","0.13455885544854074","0.13455885544854074","NA","NA"
5,"pairwise_t",FALSE,"two.sided","none","B","C","-0.74539834998097443","-1.5202528893387033","6.98215771715748","0.17235899242053052","0.17235899242053052","NA","NA"
5,"pairwise_t",FALSE,"two.sided","none","B","D","-0.40452912655293893","-0.71711545661939224","10.918749386198707","0.48836006327652559","0.48836006327652559","NA","NA"
5,"pairwise_t",FALSE,"two.sided","none","B","E","-1.4893625258462797","-2.3530577967027537","9.4837719614196558","0.041727766189823955","0.041727766189823955","NA","NA"
5,"pairwise_t",FALSE,"two.sided","none","B","F","-3.2762979632402009","-4.4294108938890195","19.074264118902974","0.00028540637050561651","0.00028540637050561651","NA","NA"
5,"pairwise_t",FALSE,"two.sided","none","C","D","0.34086922342803549","0.59921851974554408","27.979920961339026","0.55384857097419837","0.55384857097419837","NA","NA"
5,"pairwise_t",FALSE,"two.sided","none","C","E","-0.74396417586530517","-1.1675795847945527","14.469842391221503","0.26185642600263881","0.26185642600263881","NA","NA"
5,"pairwise_t",FALSE,"two.sided","none","C","F","-2.5308996132592263","-3.404958822678732","30.04018391683617","0.0018964875412019115","0.0018964875412019115","NA","NA"
5,"pairwise_t",FALSE,"two.sided","none","D","E","-1.0848333992933408","-1.5596375382143715","18.89466236196586","0.13543834350967479","0.13543834350967479","NA","NA"
5,"pairwise_t",FALSE,"two.sided","none","D","F","-2.871768836687262","-3.6172223782371606","35.605486139869726","0.00091499360346243639","0.00091499360346243639","NA","NA"
5,"pairwise_t",FALSE,"two.sided","none","E","F","-1.7869354373939212","-2.1166679645087285","27.008377714460821","0.043645584782043292","0.043645584782043292","NA","NA"
5,"pairwise_t",FALSE,"two.sided","bonferroni","A","B","2.2480194495754473","6.3404926221336941","2.2878530955883396","0.017019034340984472","0.2552855151147671","NA","NA"
5,"pairwise_t",FALSE,"two.sided","bonferroni","A","C","1.5026210995944729","4.150200430963884","12.494587542437094","0.0012378559621595245","0.018567839432392867","NA","NA"
5,"pairwise_t",FALSE,"two.sided","bonferroni","A","D","1.8434903230225084","4.0334321851871531","18.398359869061355","0.00075039453203694601","0.011255917980554191","NA","NA"
5,"pairwise_t",FALSE,"two.sided","bonferroni","A","E","0.75865692372916771","1.4056332916221439","8.4677962817726176","0.19544633224016433","1","NA","NA"
5,"pairwise_t",FALSE,"two.sided","bonferroni","A","F","-1.0282785136647534","-1.5540930319455968","21.80293397490124","0.13455885544854074","1","NA","NA"
5,"pairwise_t",FALSE,"two.sided","bonferroni","B","C","-0.74539834998097443","-1.5202528893387033","6.98215771715748","0.17235899242053052","1","NA","NA"
5,"pairwise_t",FALSE,"two.sided","bonferroni","B","D","-0.40452912655293893","-0.71711545661939224","10.918749386198707","0.48836006327652559","1","NA","NA"
5,"pairwise_t",FALSE,"two.sided","bonferroni","B","E","-1.4893625258462797","-2.3530577967027537","9.4837719614196558","0.041727766189823955","0.62591649284735928","NA","NA"
5,"pairwise_t",FALSE,"two.sided","bonferroni","B","F","-3.2762979632402009","-4.4294108938890195","19.074264118902974","0.00028540637050561651","0.0042810955575842474","NA","NA"
5,"pairwise_t",FALSE,"two.sided","bonferroni","C","D","0.34086922342803549","0.59921851974554408","27.979920961339026","0.55384857097419837","1","NA","NA"
5,"pairwise_t",FALSE,"two.sided","bonferroni","C","E","-0.74396417586530517","-1.1675795847945527","14.469842391221503","0.26185642600263881","1","NA","NA"
5,"pairwise_t",FALSE,"two.sided","bonferroni","C","F","-2.5308996132592263","-3.404958822678732","30.04018391683617","0.0018964875412019115","0.028447313118028672","NA","NA"
5,"pairwise_t",FALSE,"two.sided","bonferroni","D","E","-1.0848333992933408","-1.5596375382143715","18.89466236196586","0.13543834350967479","1","NA","NA"
5,"pairwise_t",FALSE,"two.sided","bonferroni","D","F","-2.871768836687262","-3.6172223782371606","35.605486139869726","0.00091499360346243639","0.013724904051936547","NA","NA"
5,"pairwise_t",FALSE,"two.sided","bonferroni","E","F","-1.7869354373939212","-2.1166679645087285","27.008377714460821","0.043645584782043292","0.6546837717306494","NA","NA"
5,"pairwise_t",FALSE,"two.sided","hommel","A","B","2.2480194495754473","6.3404926221336941","2.2878530955883396","0.017019034340984472","0.15317130906886026","NA","NA"
5,"pairwise_t",FALSE,"two.sided","hommel","A","C","1.5026210995944729","4.150200430963884","12.494587542437094","0.0012378559621595245","0.01361641558375477","NA","NA"
5,"pairwise_t",FALSE,"two.sided","hommel","A","D","1.8434903230225084","4.0334321851871531","18.398359869061355","0.00075039453203694601","0.0090047343844433525","NA","NA"
5,"pairwise_t",FALSE,"two.sided","hommel","A","E","0.75865692372916771","1.4056332916221439","8.4677962817726176","0.19544633224016433","0.55384857097419837","NA","NA"
5,"pairwise_t",FALSE,"two.sided","hommel","A","F","-1.0282785136647534","-1.5540930319455968","21.80293397490124","0.13455885544854074","0.52371285200527762","NA","NA"
5,"pairwise_t",FALSE,"two.sided","hommel","B","C","-0.74539834998097443","-1.5202528893387033","6.98215771715748","0.17235899242053052","0.52371285200527762","NA","NA"
5,"pairwise_t",FALSE,"two.sided","hommel","B","D","-0.40452912655293893","-0.71711545661939224","10.918749386198707","0.48836006327652559","0.55384857097419837","NA","NA"
5,"pairwise_t",FALSE,"two.sided","hommel","B","E","-1.4893625258462797","-2.3530577967027537","9.4837719614196558","0.041727766189823955","0.31271413158426292","NA","NA"
5,"pairwise_t",FALSE,"two.sided","hommel","B","F","-3.2762979632402009","-4.4294108938890195","19.074264118902974","0.00028540637050561651","0.0042810955575842474","NA","NA"
5,"pairwise_t",FALSE,"two.sided","hommel","C","D","0.34086922342803549","0.59921851974554408","27.979920961339026","0.55384857097419837","0.55384857097419837","NA","NA"
5,"pairwise_t",FALSE,"two.sided","hommel","C","E","-0.74396417586530517","-1.1675795847945527","14.469842391221503","0.26185642600263881","0.55384857097419837","NA","NA"
5,"pairwise_t",FALSE,"two.sided","hommel","C","F","-2.5308996132592263","-3.404958822678732","30.04018391683617","0.0018964875412019115","0.020861362953221028","NA","NA"
5,"pairwise_t",FALSE,"two.sided","hommel","D","E","-1.0848333992933408","-1.5596375382143715","18.89466236196586","0.13543834350967479","0.52371285200527762","NA","NA"
5,"pairwise_t",FALSE,"two.sided","hommel","D","F","-2.871768836687262","-3.6172223782371606","35.605486139869726","0.00091499360346243639","0.010979923241549236","NA","NA"
5,"pairwise_t",FALSE,"two.sided","hommel","E","F","-1.7869354373939212","-2.1166679645087285","27.008377714460821","0.043645584782043292","0.31271413158426292","NA","NA"
5,"pairwise_t",FALSE,"less","holm","A","B","2.2480194495754473","6.3404926221336941","2.2878530955883396","0.99149048282950769","1","NA","NA"
5,"pairwise_t",FALSE,"less","holm","A","C","1.5026210995944729","4.150200430963884","12.494587542437094","0.99938107201892024","1","NA","NA"
5,"pairwise_t",FALSE,"less","holm","A","D","1.8434903230225084","4.0334321851871531","18.398359869061355","0.99962480273398158","1","NA","NA"
5,"pairwise_t",FALSE,"less","holm","A","E","0.75865692372916771","1.4056332916221439","8.4677962817726176","0.90227683387991786","1","NA","NA"
5,"pairwise_t",FALSE,"less","holm","A","F","-1.0282785136647534","-1.5540930319455968","21.80293397490124","0.067279427724270369","0.67279427724270369","NA","NA"
5,"pairwise_t",FALSE,"less","holm","B","C","-0.74539834998097443","-1.5202528893387033","6.98215771715748","0.086179496210265258","0.68943596968212206","NA","NA"
5,"pairwise_t",FALSE,"less","holm","B","D","-0.40452912655293893","-0.71711545661939224","10.918749386198707","0.2441800316382628","1","NA","NA"
5,"pairwise_t",FALSE,"less","holm","B","E","-1.4893625258462797","-2.3530577967027537","9.4837719614196558","0.020863883094911977","0.25036659713894371","NA","NA"
5,"pairwise_t",FALSE,"less","holm","B","F","-3.2762979632402009","-4.4294108938890195","19.074264118902974","0.00014270318525280826","0.0021405477787921237","NA","NA"
5,"pairwise_t",FALSE,"less","holm","C","D","0.34086922342803549","0.59921851974554408","27.979920961339026","0.72307571451290076","1","NA","NA"
5,"pairwise_t",FALSE,"less","holm","C","E","-0.74396417586530517","-1.1675795847945527","14.469842391221503","0.1309282130013194","0.91649749100923583","NA","NA"
5,"pairwise_t",FALSE,"less","holm","C","F","-2.5308996132592263","-3.404958822678732","30.04018391683617","0.00094824377060095575","0.012327169017812424","NA","NA"
5,"pairwise_t",FALSE,"less","holm","D","E","-1.0848333992933408","-1.5596375382143715","18.89466236196586","0.067719171754837396","0.67279427724270369","NA","NA"
5,"pairwise_t",FALSE,"less","holm","D","F","-2.871768836687262","-3.6172223782371606","35.605486139869726","0.0004574968017312182","0.0064049552242370546","NA","NA"
5,"pairwise_t",FALSE,"less","holm","E","F","-1.7869354373939212","-2.1166679645087285","27.008377714460821","0.021822792391021646","0.25036659713894371","NA","NA"
5,"pairwise_t",FALSE,"less","BH","A","B","2.2480194495754473","6.3404926221336941","2.2878530955883396","0.99149048282950769","0.99962480273398158","NA","NA"
5,"pairwise_t",FALSE,"less","BH","A","C","1.5026210995944729","4.150200430963884","12.494587542437094","0.99938107201892024","0.99962480273398158","NA","NA"
5,"pairwise_t",FALSE,"less","BH","A","D","1.8434903230225084","4.0334321851871531","18.398359869061355","0.99962480273398158","0.99962480273398158","NA","NA"
5,"pairwise_t",FALSE,"less","BH","A","E","0.75865692372916771","1.4056332916221439","8.4677962817726176","0.90227683387991786","0.99962480273398158","NA","NA"
5,"pairwise_t",FALSE,"less","BH","A","F","-1.0282785136647534","-1.5540930319455968","21.80293397490124","0.067279427724270369","0.145112510903223","NA","NA"
5,"pairwise_t",FALSE,"less","BH","B","C","-0.74539834998097443","-1.5202528893387033","6.98215771715748","0.086179496210265258","0.16158655539424735","NA","NA"
5,"pairwise_t",FALSE,"less","BH","B","D","-0.40452912655293893","-0.71711545661939224","10.918749386198707","0.2441800316382628","0.36627004745739422","NA","NA"
5,"pairwise_t",FALSE,"less","BH","B","E","-1.4893625258462797","-2.3530577967027537","9.4837719614196558","0.020863883094911977","0.065468377173064946","NA","NA"
5,"pairwise_t",FALSE,"less","BH","B","F","-3.2762979632402009","-4.4294108938890195","19.074264118902974","0.00014270318525280826","0.0021405477787921237","NA","NA"
5,"pairwise_t",FALSE,"less","BH","C","D","0.34086922342803549","0.59921851974554408","27.979920961339026","0.72307571451290076","0.98601233797213728","NA","NA"
5,"pairwise_t",FALSE,"less","BH","C","E","-0.74396417586530517","-1.1675795847945527","14.469842391221503","0.1309282130013194","0.21821368833553234","NA","NA"
5,"pairwise_t",FALSE,"less","BH","C","F","-2.5308996132592263","-3.404958822678732","30.04018391683617","0.00094824377060095575","0.004741218853004779","NA","NA"
5,"pairwise_t",FALSE,"less","BH","D","E","-1.0848333992933408","-1.5596375382143715","18.89466236196586","0.067719171754837396","0.145112510903223","NA","NA"
5,"pairwise_t",FALSE,"less","BH","D","F","-2.871768836687262","-3.6172223782371606","35.605486139869726","0.0004574968017312182","0.0034312260129841367","NA","NA"
5,"pairwise_t",FALSE,"less","BH","E","F","-1.7869354373939212","-2.1166679645087285","27.008377714460821","0.021822792391021646","0.065468377173064946","NA","NA"
5,"pairwise_t",FALSE,"less","none","A","B","2.2480194495754473","6.3404926221336941","2.2878530955883396","0.99149048282950769","0.99149048282950769","NA","NA"
5,"pairwise_t",FALSE,"less","none","A","C","1.5026210995944729","4.150200430963884","12.494587542437094","0.99938107201892024","0.99938107201892024","NA","NA"
5,"pairwise_t",FALSE,"less","none","A","D","1.8434903230225084","4.0334321851871531","18.398359869061355","0.99962480273398158","0.99962480273398158","NA","NA"
5,"pairwise_t",FALSE,"less","none","A","E","0.75865692372916771","1.4056332916221439","8.4677962817726176","0.90227683387991786","0.90227683387991786","NA","NA"
5,"pairwise_t",FALSE,"less","none","A","F","-1.0282785136647534","-1.5540930319455968","21.80293397490124","0.067279427724270369","0.067279427724270369","NA","NA"
5,"pairwise_t",FALSE,"less","none","B","C","-0.74539834998097443","-1.5202528893387033","6.98215771715748","0.086179496210265258","0.086179496210265258","NA","NA"
5,"pairwise_t",FALSE,"less","none","B","D","-0.40452912655293893","-0.71711545661939224","10.918749386198707","0.2441800316382628","0.2441800316382628","NA","NA"
5,"pairwise_t",FALSE,"less","none","B","E","-1.4893625258462797","-2.3530577967027537","9.4837719614196558","0.020863883094911977","0.020863883094911977","NA","NA"
5,"pairwise_t",FALSE,"less","none","B","F","-3.2762979632402009","-4.4294108938890195","19.074264118902974","0.00014270318525280826","0.00014270318525280826","NA","NA"
5,"pairwise_t",FALSE,"less","none","C","D","0.34086922342803549","0.59921851974554408","27.979920961339026","0.72307571451290076","0.72307571451290076","NA","NA"
5,"pairwise_t",FALSE,"less","none","C","E","-0.74396417586530517","-1.1675795847945527","14.469842391221503","0.1309282130013194","0.1309282130013194","NA","NA"
5,"pairwise_t",FALSE,"less","none","C","F","-2.5308996132592263","-3.404958822678732","30.04018391683617","0.00094824377060095575","0.00094824377060095575","NA","NA"
5,"pairwise_t",FALSE,"less","none","D","E","-1.0848333992933408","-1.5596375382143715","18.89466236196586","0.067719171754837396","0.067719171754837396","NA","NA"
5,"pairwise_t",FALSE,"less","none","D","F","-2.871768836687262","-3.6172223782371606","35.605486139869726","0.0004574968017312182","0.0004574968017312182","NA","NA"
5,"pairwise_t",FALSE,"less","none","E","F","-1.7869354373939212","-2.1166679645087285","27.008377714460821","0.021822792391021646","0.021822792391021646","NA","NA"
5,"pairwise_t",FALSE,"less","bonferroni","A","B","2.2480194495754473","6.3404926221336941","2.2878530955883396","0.99149048282950769","1","NA","NA"
5,"pairwise_t",FALSE,"less","bonferroni","A","C","1.5026210995944729","4.150200430963884","12.494587542437094","0.99938107201892024","1","NA","NA"
5,"pairwise_t",FALSE,"less","bonferroni","A","D","1.8434903230225084","4.0334321851871531","18.398359869061355","0.99962480273398158","1","NA","NA"
5,"pairwise_t",FALSE,"less","bonferroni","A","E","0.75865692372916771","1.4056332916221439","8.4677962817726176","0.90227683387991786","1","NA","NA"
5,"pairwise_t",FALSE,"less","bonferroni","A","F","-1.0282785136647534","-1.5540930319455968","21.80293397490124","0.067279427724270369","1","NA","NA"
5,"pairwise_t",FALSE,"less","bonferroni","B","C","-0.74539834998097443","-1.5202528893387033","6.98215771715748","0.086179496210265258","1","NA","NA"
5,"pairwise_t",FALSE,"less","bonferroni","B","D","-0.40452912655293893","-0.71711545661939224","10.918749386198707","0.2441800316382628","1","NA","NA"
5,"pairwise_t",FALSE,"less","bonferroni","B","E","-1.4893625258462797","-2.3530577967027537","9.4837719614196558","0.020863883094911977","0.31295824642367964","NA","NA"
5,"pairwise_t",FALSE,"less","bonferroni","B","F","-3.2762979632402009","-4.4294108938890195","19.074264118902974","0.00014270318525280826","0.0021405477787921237","NA","NA"
5,"pairwise_t",FALSE,"less","bonferroni","C","D","0.34086922342803549","0.59921851974554408","27.979920961339026","0.72307571451290076","1","NA","NA"
5,"pairwise_t",FALSE,"less","bonferroni","C","E","-0.74396417586530517","-1.1675795847945527","14.469842391221503","0.1309282130013194","1","NA","NA"
5,"pairwise_t",FALSE,"less","bonferroni","C","F","-2.5308996132592263","-3.404958822678732","30.04018391683617","0.00094824377060095575","0.014223656559014336","NA","NA"
5,"pairwise_t",FALSE,"less","bonferroni","D","E","-1.0848333992933408","-1.5596375382143715","18.89466236196586","0.067719171754837396","1","NA","NA"
5,"pairwise_t",FALSE,"less","bonferroni","D","F","-2.871768836687262","-3.6172223782371606","35.605486139869726","0.0004574968017312182","0.0068624520259682733","NA","NA"
5,"pairwise_t",FALSE,"less","bonferroni","E","F","-1.7869354373939212","-2.1166679645087285","27.008377714460821","0.021822792391021646","0.3273418858653247","NA","NA"
5,"pairwise_t",FALSE,"less","hommel","A","B","2.2480194495754473","6.3404926221336941","2.2878530955883396","0.99149048282950769","0.99962480273398169","NA","NA"
5,"pairwise_t",FALSE,"less","hommel","A","C","1.5026210995944729","4.150200430963884","12.494587542437094","0.99938107201892024","0.99962480273398169","NA","NA"
5,"pairwise_t",FALSE,"less","hommel","A","D","1.8434903230225084","4.0334321851871531","18.398359869061355","0.99962480273398158","0.99962480273398169","NA","NA"
5,"pairwise_t",FALSE,"less","hommel","A","E","0.75865692372916771","1.4056332916221439","8.4677962817726176","0.90227683387991786","0.99962480273398169","NA","NA"
5,"pairwise_t",FALSE,"less","hommel","A","F","-1.0282785136647534","-1.5540930319455968","21.80293397490124","0.067279427724270369","0.52371285200527762","NA","NA"
5,"pairwise_t",FALSE,"less","hommel","B","C","-0.74539834998097443","-1.5202528893387033","6.98215771715748","0.086179496210265258","0.60325647347185685","NA","NA"
5,"pairwise_t",FALSE,"less","hommel","B","D","-0.40452912655293893","-0.71711545661939224","10.918749386198707","0.2441800316382628","0.99962480273398169","NA","NA"
5,"pairwise_t",FALSE,"less","hommel","B","E","-1.4893625258462797","-2.3530577967027537","9.4837719614196558","0.020863883094911977","0.22950271404403175","NA","NA"
5,"pairwise_t",FALSE,"less","hommel","B","F","-3.2762979632402009","-4.4294108938890195","19.074264118902974","0.00014270318525280826","0.0021405477787921237","NA","NA"
5,"pairwise_t",FALSE,"less","hommel","C","D","0.34086922342803549","0.59921851974554408","27.979920961339026","0.72307571451290076","0.99962480273398169","NA","NA"
5,"pairwise_t",FALSE,"less","hommel","C","E","-0.74396417586530517","-1.1675795847945527","14.469842391221503","0.1309282130013194","0.85463011073391981","NA","NA"
5,"pairwise_t",FALSE,"less","hommel","C","F","-2.5308996132592263","-3.404958822678732","30.04018391683617","0.00094824377060095575","0.012327169017812424","NA","NA"
5,"pairwise_t",FALSE,"less","hommel","D","E","-1.0848333992933408","-1.5596375382143715","18.89466236196586","0.067719171754837396","0.52371285200527762","NA","NA"
5,"pairwise_t",FALSE,"less","hommel","D","F","-2.871768836687262","-3.6172223782371606","35.605486139869726","0.0004574968017312182","0.0064049552242370546","NA","NA"
5,"pairwise_t",FALSE,"less","hommel","E","F","-1.7869354373939212","-2.1166679645087285","27.008377714460821","0.021822792391021646","0.23699361457822946","NA","NA"
5,"pairwise_t",FALSE,"greater","holm","A","B","2.2480194495754473","6.3404926221336941","2.2878530955883396","0.0085095171704922361","0.11062372321639907","NA","NA"
5,"pairwise_t",FALSE,"greater","holm","A","C","1.5026210995944729","4.150200430963884","12.494587542437094","0.00061892798107976226","0.008664991735116671","NA","NA"
5,"pairwise_t",FALSE,"greater","holm","A","D","1.8434903230225084","4.0334321851871531","18.398359869061355","0.000375197266018473","0.0056279589902770953","NA","NA"
5,"pairwise_t",FALSE,"greater","holm","A","E","0.75865692372916771","1.4056332916221439","8.4677962817726176","0.097723166120082167","1","NA","NA"
5,"pairwise_t",FALSE,"greater","holm","A","F","-1.0282785136647534","-1.5540930319455968","21.80293397490124","0.93272057227572969","1","NA","NA"
5,"pairwise_t",FALSE,"greater","holm","B","C","-0.74539834998097443","-1.5202528893387033","6.98215771715748","0.91382050378973467","1","NA","NA"
5,"pairwise_t",FALSE,"greater","holm","B","D","-0.40452912655293893","-0.71711545661939224","10.918749386198707","0.75581996836173726","1","NA","NA"
5,"pairwise_t",FALSE,"greater","holm","B","E","-1.4893625258462797","-2.3530577967027537","9.4837719614196558","0.97913611690508806","1","NA","NA"
5,"pairwise_t",FALSE,"greater","holm","B","F","-3.2762979632402009","-4.4294108938890195","19.074264118902974","0.99985729681474722","1","NA","NA"
5,"pairwise_t",FALSE,"greater","holm","C","D","0.34086922342803549","0.59921851974554408","27.979920961339026","0.27692428548709919","1","NA","NA"
5,"pairwise_t",FALSE,"greater","holm","C","E","-0.74396417586530517","-1.1675795847945527","14.469842391221503","0.8690717869986806","1","NA","NA"
5,"pairwise_t",FALSE,"greater","holm","C","F","-2.5308996132592263","-3.404958822678732","30.04018391683617","0.99905175622939901","1","NA","NA"
5,"pairwise_t",FALSE,"greater","holm","D","E","-1.0848333992933408","-1.5596375382143715","18.89466236196586","0.93228082824516267","1","NA","NA"
5,"pairwise_t",FALSE,"greater","holm","D","F","-2.871768836687262","-3.6172223782371606","35.605486139869726","0.99954250319826876","1","NA","NA"
5,"pairwise_t",FALSE,"greater","holm","E","F","-1.7869354373939212","-2.1166679645087285","27.008377714460821","0.97817720760897831","1","NA","NA"
5,"pairwise_t",FALSE,"greater","BH","A","B","2.2480194495754473","6.3404926221336941","2.2878530955883396","0.0085095171704922361","0.042547585852461184","NA","NA"
5,"pairwise_t",FALSE,"greater","BH","A","C","1.5026210995944729","4.150200430963884","12.494587542437094","0.00061892798107976226","0.0046419598580982168","NA","NA"
5,"pairwise_t",FALSE,"greater","BH","A","D","1.8434903230225084","4.0334321851871531","18.398359869061355","0.000375197266018473","0.0046419598580982168","NA","NA"
5,"pairwise_t",FALSE,"greater","BH","A","E","0.75865692372916771","1.4056332916221439","8.4677962817726176","0.097723166120082167","0.36646187295030813","NA","NA"
5,"pairwise_t",FALSE,"greater","BH","A","F","-1.0282785136647534","-1.5540930319455968","21.80293397490124","0.93272057227572969","0.99985729681474722","NA","NA"
5,"pairwise_t",FALSE,"greater","BH","B","C","-0.74539834998097443","-1.5202528893387033","6.98215771715748","0.91382050378973467","0.99985729681474722","NA","NA"
5,"pairwise_t",FALSE,"greater","BH","B","D","-0.40452912655293893","-0.71711545661939224","10.918749386198707","0.75581996836173726","0.99985729681474722","NA","NA"
5,"pairwise_t",FALSE,"greater","BH","B","E","-1.4893625258462797","-2.3530577967027537","9.4837719614196558","0.97913611690508806","0.99985729681474722","NA","NA"
5,"pairwise_t",FALSE,"greater","BH","B","F","-3.2762979632402009","-4.4294108938890195","19.074264118902974","0.99985729681474722","0.99985729681474722","NA","NA"
5,"pairwise_t",FALSE,"greater","BH","C","D","0.34086922342803549","0.59921851974554408","27.979920961339026","0.27692428548709919","0.8307728564612975","NA","NA"
5,"pairwise_t",FALSE,"greater","BH","C","E","-0.74396417586530517","-1.1675795847945527","14.469842391221503","0.8690717869986806","0.99985729681474722","NA","NA"
5,"pairwise_t",FALSE,"greater","BH","C","F","-2.5308996132592263","-3.404958822678732","30.04018391683617","0.99905175622939901","0.99985729681474722","NA","NA"
5,"pairwise_t",FALSE,"greater","BH","D","E","-1.0848333992933408","-1.5596375382143715","18.89466236196586","0.93228082824516267","0.99985729681474722","NA","NA"
5,"pairwise_t",FALSE,"greater","BH","D","F","-2.871768836687262","-3.6172223782371606","35.605486139869726","0.99954250319826876","0.99985729681474722","NA","NA"
5,"pairwise_t",FALSE,"greater","BH","E","F","-1.7869354373939212","-2.1166679645087285","27.008377714460821","0.97817720760897831","0.99985729681474722","NA","NA"
5,"pairwise_t",FALSE,"greater","none","A","B","2.2480194495754473","6.3404926221336941","2.2878530955883396","0.0085095171704922361","0.0085095171704922361","NA","NA"
5,"pairwise_t",FALSE,"greater","none","A","C","1.5026210995944729","4.150200430963884","12.494587542437094","0.00061892798107976226","0.00061892798107976226","NA","NA"
5,"pairwise_t",FALSE,"greater","none","A","D","1.8434903230225084","4.0334321851871531","18.398359869061355","0.000375197266018473","0.000375197266018473","NA","NA"
5,"pairwise_t",FALSE,"greater","none","A","E","0.75865692372916771","1.4056332916221439","8.4677962817726176","0.097723166120082167","0.097723166120082167","NA","NA"
5,"pairwise_t",FALSE,"greater","none","A","F","-1.0282785136647534","-1.5540930319455968","21.80293397490124","0.93272057227572969","0.93272057227572969","NA","NA"
5,"pairwise_t",FALSE,"greater","none","B","C","-0.74539834998097443","-1.5202528893387033","6.98215771715748","0.91382050378973467","0.91382050378973467","NA","NA"
5,"pairwise_t",FALSE,"greater","none","B","D","-0.40452912655293893","-0.71711545661939224","10.918749386198707","0.75581996836173726","0.75581996836173726","NA","NA"
5,"pairwise_t",FALSE,"greater","none","B","E","-1.4893625258462797","-2.3530577967027537","9.4837719614196558","0.97913611690508806","0.97913611690508806","NA","NA"
5,"pairwise_t",FALSE,"greater","none","B","F","-3.2762979632402009","-4.4294108938890195","19.074264118902974","0.99985729681474722","0.99985729681474722","NA","NA"
5,"pairwise_t",FALSE,"greater","none","C","D","0.34086922342803549","0.59921851974554408","27.979920961339026","0.27692428548709919","0.27692428548709919","NA","NA"
5,"pairwise_t",FALSE,"greater","none","C","E","-0.74396417586530517","-1.1675795847945527","14.469842391221503","0.8690717869986806","0.8690717869986806","NA","NA"
5,"pairwise_t",FALSE,"greater","none","C","F","-2.5308996132592263","-3.404958822678732","30.04018391683617","0.99905175622939901","0.99905175622939901","NA","NA"
5,"pairwise_t",FALSE,"greater","none","D","E","-1.0848333992933408","-1.5596375382143715","18.89466236196586","0.93228082824516267","0.93228082824516267","NA","NA"
5,"pairwise_t",FALSE,"greater","none","D","F","-2.871768836687262","-3.6172223782371606","35.605486139869726","0.99954250319826876","0.99954250319826876","NA","NA"
5,"pairwise_t",FALSE,"greater","none","E","F","-1.7869354373939212","-2.1166679645087285","27.008377714460821","0.97817720760897831","0.97817720760897831","NA","NA"
5,"pairwise_t",FALSE,"greater","bonferroni","A","B","2.2480194495754473","6.3404926221336941","2.2878530955883396","0.0085095171704922361","0.12764275755738355","NA","NA"
5,"pairwise_t",FALSE,"greater","bonferroni","A","C","1.5026210995944729","4.150200430963884","12.494587542437094","0.00061892798107976226","0.0092839197161964336","NA","NA"
5,"pairwise_t",FALSE,"greater","bonferroni","A","D","1.8434903230225084","4.0334321851871531","18.398359869061355","0.000375197266018473","0.0056279589902770953","NA","NA"
5,"pairwise_t",FALSE,"greater","bonferroni","A","E","0.75865692372916771","1.4056332916221439","8.4677962817726176","0.097723166120082167","1","NA","NA"
5,"pairwise_t",FALSE,"greater","bonferroni","A","F","-1.0282785136647534","-1.5540930319455968","21.80293397490124","0.93272057227572969","1","NA","NA"
5,"pairwise_t",FALSE,"greater","bonferroni","B","C","-0.74539834998097443","-1.5202528893387033","6.98215771715748","0.91382050378973467","1","NA","NA"
5,"pairwise_t",FALSE,"greater","bonferroni","B","D","-0.40452912655293893","-0.71711545661939224","10.918749386198707","0.75581996836173726","1","NA","NA"
5,"pairwise_t",FALSE,"greater","bonferroni","B","E","-1.4893625258462797","-2.3530577967027537","9.4837719614196558","0.97913611690508806","1","NA","NA"
5,"pairwise_t",FALSE,"greater","bonferroni","B","F","-3.2762979632402009","-4.4294108938890195","19.074264118902974","0.99985729681474722","1","NA","NA"
5,"pairwise_t",FALSE,"greater","bonferroni","C","D","0.34086922342803549","0.59921851974554408","27.979920961339026","0.27692428548709919","1","NA","NA"
5,"pairwise_t",FALSE,"greater","bonferroni","C","E","-0.74396417586530517","-1.1675795847945527","14.469842391221503","0.8690717869986806","1","NA","NA"
5,"pairwise_t",FALSE,"greater","bonferroni","C","F","-2.5308996132592263","-3.404958822678732","30.04018391683617","0.99905175622939901","1","NA","NA"
5,"pairwise_t",FALSE,"greater","bonferroni","D","E","-1.0848333992933408","-1.5596375382143715","18.89466236196586","0.93228082824516267","1","NA","NA"
5,"pairwise_t",FALSE,"greater","bonferroni","D","F","-2.871768836687262","-3.6172223782371606","35.605486139869726","0.99954250319826876","1","NA","NA"
5,"pairwise_t",FALSE,"greater","bonferroni","E","F","-1.7869354373939212","-2.1166679645087285","27.008377714460821","0.97817720760897831","1","NA","NA"
5,"pairwise_t",FALSE,"greater","hommel","A","B","2.2480194495754473","6.3404926221336941","2.2878530955883396","0.0085095171704922361","0.11062372321639907","NA","NA"
5,"pairwise_t",FALSE,"greater","hommel","A","C","1.5026210995944729","4.150200430963884","12.494587542437094","0.00061892798107976226","0.008664991735116671","NA","NA"
5,"pairwise_t",FALSE,"greater","hommel","A","D","1.8434903230225084","4.0334321851871531","18.398359869061355","0.000375197266018473","0.0052527617242586217","NA","NA"
5,"pairwise_t",FALSE,"greater","hommel","A","E","0.75865692372916771","1.4056332916221439","8.4677962817726176","0.097723166120082167","0.99985729681474733","NA","NA"
5,"pairwise_t",FALSE,"greater","hommel","A","F","-1.0282785136647534","-1.5540930319455968","21.80293397490124","0.93272057227572969","0.99985729681474733","NA","NA"
5,"pairwise_t",FALSE,"greater","hommel","B","C","-0.74539834998097443","-1.5202528893387033","6.98215771715748","0.91382050378973467","0.99985729681474733","NA","NA"
5,"pairwise_t",FALSE,"greater","hommel","B","D","-0.40452912655293893","-0.71711545661939224","10.918749386198707","0.75581996836173726","0.99985729681474733","NA","NA"
5,"pairwise_t",FALSE,"greater","hommel","B","E","-1.4893625258462797","-2.3530577967027537","9.4837719614196558","0.97913611690508806","0.99985729681474733","NA","NA"
5,"pairwise_t",FALSE,"greater","hommel","B","F","-3.2762979632402009","-4.4294108938890195","19.074264118902974","0.99985729681474722","0.99985729681474733","NA","NA"
5,"pairwise_t",FALSE,"greater","hommel","C","D","0.34086922342803549","0.59921851974554408","27.979920961339026","0.27692428548709919","0.99985729681474733","NA","NA"
5,"pairwise_t",FALSE,"greater","hommel","C","E","-0.74396417586530517","-1.1675795847945527","14.469842391221503","0.8690717869986806","0.99985729681474733","NA","NA"
5,"pairwise_t",FALSE,"greater","hommel","C","F","-2.5308996132592263","-3.404958822678732","30.04018391683617","0.99905175622939901","0.99985729681474733","NA","NA"
5,"pairwise_t",FALSE,"greater","hommel","D","E","-1.0848333992933408","-1.5596375382143715","18.89466236196586","0.93228082824516267","0.99985729681474733","NA","NA"
5,"pairwise_t",FALSE,"greater","hommel","D","F","-2.871768836687262","-3.6172223782371606","35.605486139869726","0.99954250319826876","0.99985729681474733","NA","NA"
5,"pairwise_t",FALSE,"greater","hommel","E","F","-1.7869354373939212","-2.1166679645087285","27.008377714460821","0.97817720760897831","0.99985729681474733","NA","NA"
5,"tukey",NA,"two.sided","0.95","A","B","2.2480194495754509","NA","88","0.35276796583036329","0.35276796583036329","-1.0327526329778056","5.5287915321287073"
5,"tukey",NA,"two.sided","0.95","A","C","1.5026210995944764","NA","88","0.17987319819511138","0.17987319819511138","-0.34798393910387304","3.3532261382928259"
5,"tukey",NA,"two.sided","0.95","A","D","1.8434903230225148","NA","88","0.015796688534186698","0.015796688534186698","0.22814981420311153","3.4588308318419179"
5,"tukey",NA,"two.sided","0.95","A","E","0.75865692372916782","NA","88","0.89063110556915215","0.89063110556915215","-1.3005062701625907","2.8178201176209265"
5,"tukey",NA,"two.sided","0.95","A","F","-1.0282785136647519","NA","88","0.36781544976312586","0.36781544976312586","-2.5490713199001602","0.49251429257065649"
5,"tukey",NA,"two.sided","0.95","B","C","-0.74539834998097421","NA","88","0.98920860438402336","0.98920860438402336","-4.242713140980185","2.7519164410182366"
5,"tukey",NA,"two.sided","0.95","B","D","-0.40452912655293582","NA","88","0.99929756594099084","0.99929756594099084","-3.7832562089789583","2.9741979558730867"
5,"tukey",NA,"two.sided","0.95","B","E","-1.4893625258462828","NA","88","0.83509338171980341","0.83509338171980341","-5.101373710375567","2.1226486586830013"
5,"tukey",NA,"two.sided","0.95","B","F","-3.2762979632402027","NA","88","0.057045509859629751","0.057045509859629751","-6.6108567792732176","0.058260852792812123"
5,"tukey",NA,"two.sided","0.95","C","D","0.34086922342803838","NA","88","0.99634809603728636","0.99634809603728636","-1.6783064125962159","2.3600448594522927"
5,"tukey",NA,"two.sided","0.95","C","E","-0.74396417586530861","NA","88","0.94368828825379203","0.94368828825379203","-3.133085007627388","1.6451566558967707"
5,"tukey",NA,"two.sided","0.95","C","F","-2.5308996132592281","NA","88","0.0036102652321645667","0.0036102652321645667","-4.4752648179413086","-0.58653440857714711"
5,"tukey",NA,"two.sided","0.95","D","E","-1.084833399293347","NA","88","0.70943797717420409","0.70943797717420409","-3.2967294861239966","1.1270626875373027"
5,"tukey",NA,"two.sided","0.95","D","F","-2.8717688366872665","NA","88","7.3391170684278251e-05","7.3391170684278251e-05","-4.5937276048799314","-1.1498100684946013"
5,"tukey",NA,"two.sided","0.95","E","F","-1.7869354373939197","NA","88","0.15785903115525346","0.15785903115525346","-3.9307568149814234","0.35688594019358377"
5,"tukey",NA,"two.sided","0.9","A","B","2.2480194495754509","NA","88","0.35276796583036329","0.35276796583036329","-0.71761342698527031","5.213652326136172"
5,"tukey",NA,"two.sided","0.9","A","C","1.5026210995944764","NA","88","0.17987319819511138","0.17987319819511138","-0.17022145276641631","3.1754636519553694"
5,"tukey",NA,"two.sided","0.9","A","D","1.8434903230225148","NA","88","0.015796688534186698","0.015796688534186698","0.38331363312976841","3.3036670129152612"
5,"tukey",NA,"two.sided","0.9","A","E","0.75865692372916782","NA","88","0.89063110556915215","0.89063110556915215","-1.1027104350349408","2.6200242824932767"
5,"tukey",NA,"two.sided","0.9","A","F","-1.0282785136647519","NA","88","0.36781544976312586","0.36781544976312586","-2.4029894143679718","0.34643238703846824"
5,"tukey",NA,"two.sided","0.9","B","C","-0.74539834998097421","NA","88","0.98920860438402336","0.98920860438402336","-3.9067736186334514","2.415976918671503"
5,"tukey",NA,"two.sided","0.9","B","D","-0.40452912655293582","NA","88","0.99929756594099084","0.99929756594099084","-3.4587077968281954","2.6496495437223238"
5,"tukey",NA,"two.sided","0.9","B","E","-1.4893625258462828","NA","88","0.83509338171980341","0.83509338171980341","-4.7544168636070943","1.7756918119145282"
5,"tukey",NA,"two.sided","0.9","B","F","-3.2762979632402027","NA","88","0.057045509859629751","0.057045509859629751","-6.2905510124665742","-0.26204491401383168"
5,"tukey",NA,"two.sided","0.9","C","D","0.34086922342803838","NA","88","0.99634809603728636","0.99634809603728636","-1.4843516389378948","2.1660900857939716"
5,"tukey",NA,"two.sided","0.9","C","E","-0.74396417586530861","NA","88","0.94368828825379203","0.94368828825379203","-2.903594624572257","1.4156662728416398"
5,"tukey",NA,"two.sided","0.9","C","F","-2.5308996132592281","NA","88","0.0036102652321645667","0.0036102652321645667","-4.2884960661522014","-0.77330316036625502"
5,"tukey",NA,"two.sided","0.9","D","E","-1.084833399293347","NA","88","0.70943797717420409","0.70943797717420409","-3.0842626767870542","0.91459587820036026"
5,"tukey",NA,"two.sided","0.9","D","F","-2.8717688366872665","NA","88","7.3391170684278251e-05","7.3391170684278251e-05","-4.4283224181417546","-1.3152152552327785"
5,"tukey",NA,"two.sided","0.9","E","F","-1.7869354373939197","NA","88","0.15785903115525346","0.15785903115525346","-3.7248290181937347","0.15095814340589531"
5,"tukey",NA,"two.sided","0.99","A","B","2.2480194495754509","NA","88","0.35276796583036329","0.35276796583036329","-1.6656164360028081","6.1616553351537098"
5,"tukey",NA,"two.sided","0.99","A","C","1.5026210995944764","NA","88","0.17987319819511138","0.17987319819511138","-0.70496726900846052","3.7102094681974132"
5,"tukey",NA,"two.sided","0.99","A","D","1.8434903230225148","NA","88","0.015796688534186698","0.015796688534186698","-0.083450782201681672","3.7704314282467113"
5,"tukey",NA,"two.sided","0.99","A","E","0.75865692372916782","NA","88","0.89063110556915215","0.89063110556915215","-1.6977206505413884","3.2150344979997243"
5,"tukey",NA,"two.sided","0.99","A","F","-1.0282785136647519","NA","88","0.36781544976312586","0.36781544976312586","-2.8424335818157083","0.78587655448620475"
5,"tukey",NA,"two.sided","0.99","B","C","-0.74539834998097421","NA","88","0.98920860438402336","0.98920860438402336","-4.9173482217825182","3.4265515218205693"
5,"tukey",NA,"two.sided","0.99","B","D","-0.40452912655293582","NA","88","0.99929756594099084","0.99929756594099084","-4.4350156171191291","3.625957364013257"
5,"tukey",NA,"two.sided","0.99","B","E","-1.4893625258462828","NA","88","0.83509338171980341","0.83509338171980341","-5.7981338257661612","2.8194087740735956"
5,"tukey",NA,"two.sided","0.99","B","F","-3.2762979632402027","NA","88","0.057045509859629751","0.057045509859629751","-7.2540960902109184","0.70150016373051338"
5,"tukey",NA,"two.sided","0.99","C","D","0.34086922342803838","NA","88","0.99634809603728636","0.99634809603728636","-2.0678071581022075","2.7495456049582843"
5,"tukey",NA,"two.sided","0.99","C","E","-0.74396417586530861","NA","88","0.94368828825379203","0.94368828825379203","-3.5939485048254332","2.1060201530948159"
5,"tukey",NA,"two.sided","0.99","C","F","-2.5308996132592281","NA","88","0.0036102652321645667","0.0036102652321645667","-4.8503345658364267","-0.21146466068202985"
5,"tukey",NA,"two.sided","0.99","D","E","-1.084833399293347","NA","88","0.70943797717420409","0.70943797717420409","-3.7234061750814176","1.5537393764947236"
5,"tukey",NA,"two.sided","0.99","D","F","-2.8717688366872665","NA","88","7.3391170684278251e-05","7.3391170684278251e-05","-4.9258949567316179","-0.81764271664291455"
5,"tukey",NA,"two.sided","0.99","E","F","-1.7869354373939197","NA","88","0.15785903115525346","0.15785903115525346","-4.3443018330097534","0.77043095822191376"
5,"dunn",NA,"two.sided","holm","A","B","NA","-2.6051585877703438","NA","0.0091831743848810304","0.091831743848810307","NA","NA"
5,"dunn",NA,"two.sided","holm","A","C","NA","-3.2143141896035123","NA","0.0013075651190795276","0.015690781428954331","NA","NA"
5,"dunn",NA,"two.sided","holm","B","C","NA","0.74300018312007243","NA","0.45748156956480573","1","NA","NA"
5,"dunn",NA,"two.sided","holm","A","D","NA","-3.7268594217762931","NA","0.00019388052273666738","0.0027143273183133435","NA","NA"
5,"dunn",NA,"two.sided","holm","B","D","NA","0.74785104243933342","NA","0.4545500104338942","1","NA","NA"
5,"dunn",NA,"two.sided","holm","C","D","NA","-0.035519921175287551","NA","0.97166516159658822","1","NA","NA"
5,"dunn",NA,"two.sided","holm","A","E","NA","-1.7822318964244608","NA","0.074711423350665843","0.59769138680532674","NA","NA"
5,"dunn",NA,"two.sided","holm","B","E","NA","1.3502242911574001","NA","0.17694404864231569","1","NA","NA"
5,"dunn",NA,"two.sided","holm","C","E","NA","0.95370635124477843","NA","0.34023230434736035","1","NA","NA"
5,"dunn",NA,"two.sided","holm","D","E","NA","1.0625456975878669","NA","0.28798802396465162","1","NA","NA"
5,"dunn",NA,"two.sided","holm","A","F","NA","0.31818323893034611","NA","0.75034594601278914","1","NA","NA"
5,"dunn",NA,"two.sided","holm","B","F","NA","2.7082510294283417","NA","0.0067638840198042567","0.074402724217846827","NA","NA"
5,"dunn",NA,"two.sided","holm","C","F","NA","3.3081834629526545","NA","0.00093903271525884067","0.012207425298364929","NA","NA"
5,"dunn",NA,"two.sided","holm","D","F","NA","3.7771158610998392","NA","0.00015865493790074181","0.0023798240685111273","NA","NA"
5,"dunn",NA,"two.sided","holm","E","F","NA","1.9375667900100351","NA","0.052676097455880685","0.47408487710292618","NA","NA"
5,"dunn",NA,"two.sided","BH","A","B","NA","-2.6051585877703438","NA","0.0091831743848810304","0.022957935962202577","NA","NA"
5,"dunn",NA,"two.sided","BH","A","C","NA","-3.2143141896035123","NA","0.0013075651190795276","0.0049033691965482285","NA","NA"
5,"dunn",NA,"two.sided","BH","B","C","NA","0.74300018312007243","NA","0.45748156956480573","0.52786334949785274","NA","NA"
5,"dunn",NA,"two.sided","BH","A","D","NA","-3.7268594217762931","NA","0.00019388052273666738","0.0014541039205250054","NA","NA"
5,"dunn",NA,"two.sided","BH","B","D","NA","0.74785104243933342","NA","0.4545500104338942","0.52786334949785274","NA","NA"
5,"dunn",NA,"two.sided","BH","C","D","NA","-0.035519921175287551","NA","0.97166516159658822","0.97166516159658822","NA","NA"
5,"dunn",NA,"two.sided","BH","A","E","NA","-1.7822318964244608","NA","0.074711423350665843","0.14008391878249846","NA","NA"
5,"dunn",NA,"two.sided","BH","B","E","NA","1.3502242911574001","NA","0.17694404864231569","0.29490674773719283","NA","NA"
5,"dunn",NA,"two.sided","BH","C","E","NA","0.95370635124477843","NA","0.34023230434736035","0.46395314229185497","NA","NA"
5,"dunn",NA,"two.sided","BH","D","E","NA","1.0625456975878669","NA","0.28798802396465162","0.43198203594697743","NA","NA"
5,"dunn",NA,"two.sided","BH","A","F","NA","0.31818323893034611","NA","0.75034594601278914","0.80394208501370268","NA","NA"
5,"dunn",NA,"two.sided","BH","B","F","NA","2.7082510294283417","NA","0.0067638840198042567","0.02029165205941277","NA","NA"
5,"dunn",NA,"two.sided","BH","C","F","NA","3.3081834629526545","NA","0.00093903271525884067","0.0046951635762942038","NA","NA"
5,"dunn",NA,"two.sided","BH","D","F","NA","3.7771158610998392","NA","0.00015865493790074181","0.0014541039205250054","NA","NA"
5,"dunn",NA,"two.sided","BH","E","F","NA","1.9375667900100351","NA","0.052676097455880685","0.1128773516911729","NA","NA"
5,"dunn",NA,"two.sided","none","A","B","NA","-2.6051585877703438","NA","0.0091831743848810304","0.0091831743848810304","NA","NA"
5,"dunn",NA,"two.sided","none","A","C","NA","-3.2143141896035123","NA","0.0013075651190795276","0.0013075651190795276","NA","NA"
5,"dunn",NA,"two.sided","none","B","C","NA","0.74300018312007243","NA","0.45748156956480573","0.45748156956480573","NA","NA"
5,"dunn",NA,"two.sided","none","A","D","NA","-3.7268594217762931","NA","0.00019388052273666738","0.00019388052273666738","NA","NA"
5,"dunn",NA,"two.sided","none","B","D","NA","0.74785104243933342","NA","0.4545500104338942","0.4545500104338942","NA","NA"
5,"dunn",NA,"two.sided","none","C","D","NA","-0.035519921175287551","NA","0.97166516159658822","0.97166516159658822","NA","NA"
5,"dunn",NA,"two.sided","none","A","E","NA","-1.7822318964244608","NA","0.074711423350665843","0.074711423350665843","NA","NA"
5,"dunn",NA,"two.sided","none","B","E","NA","1.3502242911574001","NA","0.17694404864231569","0.17694404864231569","NA","NA"
5,"dunn",NA,"two.sided","none","C","E","NA","0.95370635124477843","NA","0.34023230434736035","0.34023230434736035","NA","NA"
5,"dunn",NA,"two.sided","none","D","E","NA","1.0625456975878669","NA","0.28798802396465162","0.28798802396465162","NA","NA"
5,"dunn",NA,"two.sided","none","A","F","NA","0.31818323893034611","NA","0.75034594601278914","0.75034594601278914","NA","NA"
5,"dunn",NA,"two.sided","none","B","F","NA","2.7082510294283417","NA","0.0067638840198042567","0.0067638840198042567","NA","NA"
5,"dunn",NA,"two.sided","none","C","F","NA","3.3081834629526545","NA","0.00093903271525884067","0.00093903271525884067","NA","NA"
5,"dunn",NA,"two.sided","none","D","F","NA","3.7771158610998392","NA","0.00015865493790074181","0.00015865493790074181","NA","NA"
5,"dunn",NA,"two.sided","none","E","F","NA","1.9375667900100351","NA","0.052676097455880685","0.052676097455880685","NA","NA"
5,"dunn",NA,"two.sided","bonferroni","A","B","NA","-2.6051585877703438","NA","0.0091831743848810304","0.13774761577321545","NA","NA"
5,"dunn",NA,"two.sided","bonferroni","A","C","NA","-3.2143141896035123","NA","0.0013075651190795276","0.019613476786192914","NA","NA"
5,"dunn",NA,"two.sided","bonferroni","B","C","NA","0.74300018312007243","NA","0.45748156956480573","1","NA","NA"
5,"dunn",NA,"two.sided","bonferroni","A","D","NA","-3.7268594217762931","NA","0.00019388052273666738","0.0029082078410500108","NA","NA"
5,"dunn",NA,"two.sided","bonferroni","B","D","NA","0.74785104243933342","NA","0.4545500104338942","1","NA","NA"
5,"dunn",NA,"two.sided","bonferroni","C","D","NA","-0.035519921175287551","NA","0.97166516159658822","1","NA","NA"
5,"dunn",NA,"two.sided","bonferroni","A","E","NA","-1.7822318964244608","NA","0.074711423350665843","1","NA","NA"
5,"dunn",NA,"two.sided","bonferroni","B","E","NA","1.3502242911574001","NA","0.17694404864231569","1","NA","NA"
5,"dunn",NA,"two.sided","bonferroni","C","E","NA","0.95370635124477843","NA","0.34023230434736035","1","NA","NA"
5,"dunn",NA,"two.sided","bonferroni","D","E","NA","1.0625456975878669","NA","0.28798802396465162","1","NA","NA"
5,"dunn",NA,"two.sided","bonferroni","A","F","NA","0.31818323893034611","NA","0.75034594601278914","1","NA","NA"
5,"dunn",NA,"two.sided","bonferroni","B","F","NA","2.7082510294283417","NA","0.0067638840198042567","0.10145826029706385","NA","NA"
5,"dunn",NA,"two.sided","bonferroni","C","F","NA","3.3081834629526545","NA","0.00093903271525884067","0.01408549072888261","NA","NA"
5,"dunn",NA,"two.sided","bonferroni","D","F","NA","3.7771158610998392","NA","0.00015865493790074181","0.0023798240685111273","NA","NA"
5,"dunn",NA,"two.sided","bonferroni","E","F","NA","1.9375667900100351","NA","0.052676097455880685","0.79014146183821032","NA","NA"
5,"dunn",NA,"two.sided","hochberg","A","B","NA","-2.6051585877703438","NA","0.0091831743848810304","0.091831743848810307","NA","NA"
5,"dunn",NA,"two.sided","hochberg","A","C","NA","-3.2143141896035123","NA","0.0013075651190795276","0.015690781428954331","NA","NA"
5,"dunn",NA,"two.sided","hochberg","B","C","NA","0.74300018312007243","NA","0.45748156956480573","0.97166516159658822","NA","NA"
5,"dunn",NA,"two.sided","hochberg","A","D","NA","-3.7268594217762931","NA","0.00019388052273666738","0.0027143273183133435","NA","NA"
5,"dunn",NA,"two.sided","hochberg","B","D","NA","0.74785104243933342","NA","0.4545500104338942","0.97166516159658822","NA","NA"
5,"dunn",NA,"two.sided","hochberg","C","D","NA","-0.035519921175287551","NA","0.97166516159658822","0.97166516159658822","NA","NA"
5,"dunn",NA,"two.sided","hochberg","A","E","NA","-1.7822318964244608","NA","0.074711423350665843","0.59769138680532674","NA","NA"
5,"dunn",NA,"two.sided","hochberg","B","E","NA","1.3502242911574001","NA","0.17694404864231569","0.97166516159658822","NA","NA"
5,"dunn",NA,"two.sided","hochberg","C","E","NA","0.95370635124477843","NA","0.34023230434736035","0.97166516159658822","NA","NA"
5,"dunn",NA,"two.sided","hochberg","D","E","NA","1.0625456975878669","NA","0.28798802396465162","0.97166516159658822","NA","NA"
5,"dunn",NA,"two.sided","hochberg","A","F","NA","0.31818323893034611","NA","0.75034594601278914","0.97166516159658822","NA","NA"
5,"dunn",NA,"two.sided","hochberg","B","F","NA","2.7082510294283417","NA","0.0067638840198042567","0.074402724217846827","NA","NA"
5,"dunn",NA,"two.sided","hochberg","C","F","NA","3.3081834629526545","NA","0.00093903271525884067","0.012207425298364929","NA","NA"
5,"dunn",NA,"two.sided","hochberg","D","F","NA","3.7771158610998392","NA","0.00015865493790074181","0.0023798240685111273","NA","NA"
5,"dunn",NA,"two.sided","hochberg","E","F","NA","1.9375667900100351","NA","0.052676097455880685","0.47408487710292618","NA","NA"
5,"dunn",NA,"two.sided","BY","A","B","NA","-2.6051585877703438","NA","0.0091831743848810304","0.076179688734475157","NA","NA"
5,"dunn",NA,"two.sided","BY","A","C","NA","-3.2143141896035123","NA","0.0013075651190795276","0.016270501832492287","NA","NA"
5,"dunn",NA,"two.sided","BY","B","C","NA","0.74300018312007243","NA","0.45748156956480573","1","NA","NA"
5,"dunn",NA,"two.sided","BY","A","D","NA","-3.7268594217762931","NA","0.00019388052273666738","0.0048250497882540207","NA","NA"
5,"dunn",NA,"two.sided","BY","B","D","NA","0.74785104243933342","NA","0.4545500104338942","1","NA","NA"
5,"dunn",NA,"two.sided","BY","C","D","NA","-0.035519921175287551","NA","0.97166516159658822","1","NA","NA"
5,"dunn",NA,"two.sided","BY","A","E","NA","-1.7822318964244608","NA","0.074711423350665843","0.46483052078922193","NA","NA"
5,"dunn",NA,"two.sided","BY","B","E","NA","1.3502242911574001","NA","0.17694404864231569","0.97856812064042209","NA","NA"
5,"dunn",NA,"two.sided","BY","C","E","NA","0.95370635124477843","NA","0.34023230434736035","1","NA","NA"
5,"dunn",NA,"two.sided","BY","D","E","NA","1.0625456975878669","NA","0.28798802396465162","1","NA","NA"
5,"dunn",NA,"two.sided","BY","A","F","NA","0.31818323893034611","NA","0.75034594601278914","1","NA","NA"
5,"dunn",NA,"two.sided","BY","B","F","NA","2.7082510294283417","NA","0.0067638840198042567","0.067332348184058255","NA","NA"
5,"dunn",NA,"two.sided","BY","C","F","NA","3.3081834629526545","NA","0.00093903271525884067","0.015579627906812154","NA","NA"
5,"dunn",NA,"two.sided","BY","D","F","NA","3.7771158610998392","NA","0.00015865493790074181","0.0048250497882540207","NA","NA"
5,"dunn",NA,"two.sided","BY","E","F","NA","1.9375667900100351","NA","0.052676097455880685","0.37455290106055567","NA","NA"
