"subject","condition","value"
1,0,4.11287534144001
1,1,5.17721872289725
2,0,-0.766267931454838
2,1,2.50346626216886
3,0,1.13052514581568
3,1,3.62013230658319
4,0,2.77724720736102
4,1,4.17106617150898
5,0,2.82696036015904
5,1,3.74582254722958
6,0,1.09262062204052
6,1,5.07439636051814
7,0,1.63418329376554
7,1,5.74425522806051
8,0,-0.322639413219853
8,1,3.44663232124388
9,0,3.75259450633801
9,1,4.38039200684931
10,0,-2.56589512668036
10,1,4.19468514762535
