"ss_condition","ss_error","df_condition","df_error","f_statistic","p_value","grand_mean"
40.2878611089424,16.6438316215629,1,9,21.7852930878445,0.001172772410996,2.78651355401249
