"ss_condition","ss_error","df_condition","df_error","f_statistic","p_value","mauchly_w","mauchly_p","gg_epsilon","hf_epsilon","gg_p","hf_p","grand_mean","condition_mean_0","condition_mean_1","condition_mean_2"
51.3559375488209,23.9943557917973,2,18,19.2630067650075,3.36680003298895e-05,0.895658699720861,0.643532070065467,0.905517161902063,0.994531728088858,7.04997610115887e-05,3.51368665478802e-05,2.85944676049221,1.32244723914338,2.73574630206156,4.5201467402717
