"ss_condition","ss_error","df_condition","df_error","f_statistic","p_value","mauchly_w","mauchly_p","gg_epsilon","hf_epsilon","gg_p","hf_p","grand_mean"
142.130007219761,57.2113987144954,3,27,22.3586574305121,1.75105714594892e-07,0.0965349107090003,0.00288021680258999,0.505558515840139,0.518935133783734,0.00010931579072615,9.16501795269475e-05,3.31763313459454
