"w_normal_small","p_normal_small","w_normal_medium","p_normal_medium","w_normal_large","p_normal_large","w_uniform","p_uniform","w_exp","p_exp"
0.959103882351245,0.526105988714429,0.975200612896379,0.371427154487592,0.97439334961121,0.0483736370083287,0.878938489106749,0.00266555205482613,0.781825335757557,2.8925042789199e-06
