"w_normal_small","p_normal_small","w_normal_medium","p_normal_medium","w_normal_large","p_normal_large","w_uniform","p_uniform","w_exp","p_exp"
0.951121888926054,0.384441305270996,0.973362690217424,0.315419599442916,0.982950106751147,0.224045511884848,0.933452542857986,0.0606873469149495,0.800608001974559,6.97488838751792e-06
