"statistic","t1","t2","t3","best_idx","d1_bar","d2_bar","d3_bar"
187.648558478052,187.648558478052,-13.7512924088982,-137.0446297331,0,1.0953000241109,-0.0890235612226861,-1.02090965504295
