"estimate","statistic","p_value"
0.589051620648259,8558,1.02868415012455e-05
