"statistic_two","df_two","p_value_two","mean_x_two","mean_y_two","statistic_less","df_less","p_value_less","statistic_greater","df_greater","p_value_greater"
-0.0628859549886441,43,0.950148737081395,5.01533768967797,5.03745840727566,-0.0628859549886441,43,0.475074368540697,-0.0628859549886441,43,0.524925631459303
