"statistic_two","df_two","p_value_two","mean_diff_two","statistic_less","df_less","p_value_less","statistic_greater","df_greater","p_value_greater"
-4.71802850973276,14,0.000329759134214112,-0.581134636119613,-4.71802850973276,14,0.000164879567107056,-4.71802850973276,14,0.999835120432893
