"statistic_two","df_two","p_value_two","mean_x_two","mean_y_two","statistic_less","df_less","p_value_less","statistic_greater","df_greater","p_value_greater","statistic_mu","p_value_mu","conf_low_95","conf_high_95","conf_low_90","conf_high_90","conf_low_99","conf_high_99"
-0.0643125318393203,42.9656281823889,0.949019668509795,5.01533768967797,5.03745840727566,-0.0643125318393203,42.9656281823889,0.474509834254898,-0.0643125318393203,42.9656281823889,0.525490165745102,-1.51798444721249,0.136342773143488,-0.715791288772904,0.671549853577527,-0.600346207674187,0.556104772478811,-0.949152995584281,0.904911560388905
