"statistic","p_value","p_value_less","p_value_greater","p_value_corrected","estimate","conf_low","conf_high","p_value_mu","p_value_mu_less","p_value_mu_greater"
47,0.00188518543866155,0.000942592719330773,0.999057407280669,0.00197281316860762,-0.418681955123592,-0.769677953724405,-0.147357643479966,4.57388760554372e-05,2.28694380277186e-05,0.999977130561972
