"statistic","p_value","p_value_less","p_value_greater","p_value_corrected","estimate","conf_low","conf_high","p_value_mu","p_value_mu_less","p_value_mu_greater"
113,0.182895636830461,0.0914478184152305,0.908552181584769,0.187356840856879,-0.252301436943321,-0.674365396572058,0.156170551646847,0.00870508904746319,0.0043525445237316,0.995647455476268
