"kind","alternative","correct","exact","conf_level","mu","estimate","lower","upper","x","y"
"mw","two.sided",TRUE,FALSE,0.95,0,"0.91984901976414968","0.14703245293486841","1.5387019168739573","-0.82271494447570948 0.60461220482217071 -0.70794428722293501 0.3159855568657472 0.67026641089838679 -0.1971764835027181 1.4399329626413868 1.1410011718004267 1.2232227946856633 1.8474871795357042 -0.50059428196371247 -0.24624104497462274 0.0013838626048175984 0.89097121743606777 1.1883576386570525","-0.037141173774546989 -0.74605598115307736 -1.4777221249609955 -1.0597260939111941 -0.50179162799095889 1.340887394179769 -0.26577637635377721 -0.23134580251145001 -0.45937413432762297 -0.074937655610941192 -0.53241420047010002 -0.64767933900021468"
"mw","two.sided",TRUE,FALSE,0.9,0.25,"0.9999560549950105","0.49994858490853705","1.4999582457722924","-1 0.5 -0.5 0.5 0.5 -0 1.5 1 1 2 -0.5 -0 0 1 1","-0 -0.5 -1.5 -1 -0.5 1.5 -0.5 -0 -0.5 -0 -0.5 -0.5"
"mw","two.sided",FALSE,FALSE,0.95,0,"0.91984901976414968","0.1470891359603328","1.5385871685658348","-0.82271494447570948 0.60461220482217071 -0.70794428722293501 0.3159855568657472 0.67026641089838679 -0.1971764835027181 1.4399329626413868 1.1410011718004267 1.2232227946856633 1.8474871795357042 -0.50059428196371247 -0.24624104497462274 0.0013838626048175984 0.89097121743606777 1.1883576386570525","-0.037141173774546989 -0.74605598115307736 -1.4777221249609955 -1.0597260939111941 -0.50179162799095889 1.340887394179769 -0.26577637635377721 -0.23134580251145001 -0.45937413432762297 -0.074937655610941192 -0.53241420047010002 -0.64767933900021468"
"mw","two.sided",FALSE,FALSE,0.9,0.25,"0.9999560549950105","0.49999342094091204","1.49996771798545","-1 0.5 -0.5 0.5 0.5 -0 1.5 1 1 2 -0.5 -0 0 1 1","-0 -0.5 -1.5 -1 -0.5 1.5 -0.5 -0 -0.5 -0 -0.5 -0.5"
"mw","less",TRUE,FALSE,0.95,0,"0.91984901976414968","-Inf","1.4541104460487644","-0.82271494447570948 0.60461220482217071 -0.70794428722293501 0.3159855568657472 0.67026641089838679 -0.1971764835027181 1.4399329626413868 1.1410011718004267 1.2232227946856633 1.8474871795357042 -0.50059428196371247 -0.24624104497462274 0.0013838626048175984 0.89097121743606777 1.1883576386570525","-0.037141173774546989 -0.74605598115307736 -1.4777221249609955 -1.0597260939111941 -0.50179162799095889 1.340887394179769 -0.26577637635377721 -0.23134580251145001 -0.45937413432762297 -0.074937655610941192 -0.53241420047010002 -0.64767933900021468"
"mw","less",TRUE,FALSE,0.9,0.25,"0.9999560549950105","-Inf","1.0000113079474546","-1 0.5 -0.5 0.5 0.5 -0 1.5 1 1 2 -0.5 -0 0 1 1","-0 -0.5 -1.5 -1 -0.5 1.5 -0.5 -0 -0.5 -0 -0.5 -0.5"
"mw","less",FALSE,FALSE,0.95,0,"0.91984901976414968","-Inf","1.4234498527371466","-0.82271494447570948 0.60461220482217071 -0.70794428722293501 0.3159855568657472 0.67026641089838679 -0.1971764835027181 1.4399329626413868 1.1410011718004267 1.2232227946856633 1.8474871795357042 -0.50059428196371247 -0.24624104497462274 0.0013838626048175984 0.89097121743606777 1.1883576386570525","-0.037141173774546989 -0.74605598115307736 -1.4777221249609955 -1.0597260939111941 -0.50179162799095889 1.340887394179769 -0.26577637635377721 -0.23134580251145001 -0.45937413432762297 -0.074937655610941192 -0.53241420047010002 -0.64767933900021468"
"mw","less",FALSE,FALSE,0.9,0.25,"0.9999560549950105","-Inf","1.0000460449698223","-1 0.5 -0.5 0.5 0.5 -0 1.5 1 1 2 -0.5 -0 0 1 1","-0 -0.5 -1.5 -1 -0.5 1.5 -0.5 -0 -0.5 -0 -0.5 -0.5"
"mw","greater",TRUE,FALSE,0.95,0,"0.91984901976414968","0.26222474112713196","Inf","-0.82271494447570948 0.60461220482217071 -0.70794428722293501 0.3159855568657472 0.67026641089838679 -0.1971764835027181 1.4399329626413868 1.1410011718004267 1.2232227946856633 1.8474871795357042 -0.50059428196371247 -0.24624104497462274 0.0013838626048175984 0.89097121743606777 1.1883576386570525","-0.037141173774546989 -0.74605598115307736 -1.4777221249609955 -1.0597260939111941 -0.50179162799095889 1.340887394179769 -0.26577637635377721 -0.23134580251145001 -0.45937413432762297 -0.074937655610941192 -0.53241420047010002 -0.64767933900021468"
"mw","greater",TRUE,FALSE,0.9,0.25,"0.9999560549950105","0.49995135691648046","Inf","-1 0.5 -0.5 0.5 0.5 -0 1.5 1 1 2 -0.5 -0 0 1 1","-0 -0.5 -1.5 -1 -0.5 1.5 -0.5 -0 -0.5 -0 -0.5 -0.5"
"mw","greater",FALSE,FALSE,0.95,0,"0.91984901976414968","0.26714363381721351","Inf","-0.82271494447570948 0.60461220482217071 -0.70794428722293501 0.3159855568657472 0.67026641089838679 -0.1971764835027181 1.4399329626413868 1.1410011718004267 1.2232227946856633 1.8474871795357042 -0.50059428196371247 -0.24624104497462274 0.0013838626048175984 0.89097121743606777 1.1883576386570525","-0.037141173774546989 -0.74605598115307736 -1.4777221249609955 -1.0597260939111941 -0.50179162799095889 1.340887394179769 -0.26577637635377721 -0.23134580251145001 -0.45937413432762297 -0.074937655610941192 -0.53241420047010002 -0.64767933900021468"
"mw","greater",FALSE,FALSE,0.9,0.25,"0.9999560549950105","0.49998393512707079","Inf","-1 0.5 -0.5 0.5 0.5 -0 1.5 1 1 2 -0.5 -0 0 1 1","-0 -0.5 -1.5 -1 -0.5 1.5 -0.5 -0 -0.5 -0 -0.5 -0.5"
"mw","two.sided",TRUE,FALSE,0.95,0,"0.021933865082582205","-0.37151451996781665","0.41113036071779074","-1.1451789464589925 -0.39375612441586716 1.8223995714055476 0.65228065192688822 0.31156756608253394 0.6258836374107517 0.25954332411290387 -0.57418026107649334 -0.58751992467370573 0.14410871682917847 -0.20382154972817323 -0.4085388089476365 2.1188768068953205 1.6063384301305081 -0.32902900295976645 0.28272268526648986 -0.044156661024665034 -0.67895924380854356 0.84697915817480429 -0.46623220388092612 0.4302767884342808 2.7199481545998414 0.3230222419594605 -1.6500127799213478 -2.2185708955859345 1.0146494697091506 -0.37430802873233937 0.39690795094255399 -0.12689617648548357 0.19748158563376259 -0.050947689322186629 0.018044234244898927 0.48482789255545961 0.67284824551265932 0.018925644604127101 -0.75294923511923317 -0.2315534915961639 0.39133480519440067 -0.5873721308173212 1.5636657679637063 0.12766371437577889 0.20779539035814837 -0.050667601143154328 0.96178419284731032 1.5969228521056555 -1.1133595441469817 0.78390086524675451 0.38399617422301341 -1.785794023623728 -1.5484931965759112 0.55497070278147631 -0.97424874722520871 0.78091477758038641 -0.57486610112632819 1.2080829202676426 0.75984603886983193 0.84635121574126959 0.5327225403481648 0.35290703524965861 -0.61447963495517943","-0.20972960718242326 0.6106361162135433 -0.78786273963718456 0.23690592107787203 1.8487282102217368 0.8042240840843482 -1.0237464945360455 0.37557172749288159 -1.2230053668074907 0.34588313910402868 -1.1971035011456859 0.0098659737683021997 0.66893203692901548 -0.080184351636236134 -0.38137216585094108 1.3723346279305899 -1.2028020292145136 -0.57586768401802957 0.96239081428492035 1.160577161726011 -0.65772619015012779 1.1167329996498521 -1.0046277539115187 -0.34783950168434463 1.2738694870639737 -0.37132120482070702 -1.1137630910668803 -1.0685295849570469 -0.39308710196608376 0.17885611886679079 0.76743106721866761 0.36275919259825901 -0.22915203827418121 1.4484552820557641 -0.96495434860545437 0.15990127333973295 1.9055246553406113 -0.86006448386689538 2.4463558798072507 -0.6392589346509796 1.1905129147984752 0.64579539569588795 0.15581130822006076 0.28222287277369146 0.94268043213064756"
"mw","two.sided",TRUE,FALSE,0.9,0.25,"1.1239758073202687e-05","-0.49993301125085637","0.49999069380303035","-1 -0.5 2 0.5 0.5 0.5 0.5 -0.5 -0.5 0 -0 -0.5 2 1.5 -0.5 0.5 -0 -0.5 1 -0.5 0.5 2.5 0.5 -1.5 -2 1 -0.5 0.5 -0 0 -0 0 0.5 0.5 0 -1 -0 0.5 -0.5 1.5 0 0 -0 1 1.5 -1 1 0.5 -2 -1.5 0.5 -1 1 -0.5 1 1 1 0.5 0.5 -0.5","-0 0.5 -1 0 2 1 -1 0.5 -1 0.5 -1 0 0.5 -0 -0.5 1.5 -1 -0.5 1 1 -0.5 1 -1 -0.5 1.5 -0.5 -1 -1 -0.5 0 1 0.5 -0 1.5 -1 0 2 -1 2.5 -0.5 1 0.5 0 0.5 1"
"mw","two.sided",FALSE,FALSE,0.95,0,"0.021933865082582205","-0.37058687247422645","0.40926829208707716","-1.1451789464589925 -0.39375612441586716 1.8223995714055476 0.65228065192688822 0.31156756608253394 0.6258836374107517 0.25954332411290387 -0.57418026107649334 -0.58751992467370573 0.14410871682917847 -0.20382154972817323 -0.4085388089476365 2.1188768068953205 1.6063384301305081 -0.32902900295976645 0.28272268526648986 -0.044156661024665034 -0.67895924380854356 0.84697915817480429 -0.46623220388092612 0.4302767884342808 2.7199481545998414 0.3230222419594605 -1.6500127799213478 -2.2185708955859345 1.0146494697091506 -0.37430802873233937 0.39690795094255399 -0.12689617648548357 0.19748158563376259 -0.050947689322186629 0.018044234244898927 0.48482789255545961 0.67284824551265932 0.018925644604127101 -0.75294923511923317 -0.2315534915961639 0.39133480519440067 -0.5873721308173212 1.5636657679637063 0.12766371437577889 0.20779539035814837 -0.050667601143154328 0.96178419284731032 1.5969228521056555 -1.1133595441469817 0.78390086524675451 0.38399617422301341 -1.785794023623728 -1.5484931965759112 0.55497070278147631 -0.97424874722520871 0.78091477758038641 -0.57486610112632819 1.2080829202676426 0.75984603886983193 0.84635121574126959 0.5327225403481648 0.35290703524965861 -0.61447963495517943","-0.20972960718242326 0.6106361162135433 -0.78786273963718456 0.23690592107787203 1.8487282102217368 0.8042240840843482 -1.0237464945360455 0.37557172749288159 -1.2230053668074907 0.34588313910402868 -1.1971035011456859 0.0098659737683021997 0.66893203692901548 -0.080184351636236134 -0.38137216585094108 1.3723346279305899 -1.2028020292145136 -0.57586768401802957 0.96239081428492035 1.160577161726011 -0.65772619015012779 1.1167329996498521 -1.0046277539115187 -0.34783950168434463 1.2738694870639737 -0.37132120482070702 -1.1137630910668803 -1.0685295849570469 -0.39308710196608376 0.17885611886679079 0.76743106721866761 0.36275919259825901 -0.22915203827418121 1.4484552820557641 -0.96495434860545437 0.15990127333973295 1.9055246553406113 -0.86006448386689538 2.4463558798072507 -0.6392589346509796 1.1905129147984752 0.64579539569588795 0.15581130822006076 0.28222287277369146 0.94268043213064756"
"mw","two.sided",FALSE,FALSE,0.9,0.25,"1.1239758073202687e-05","-0.49997438428377367","0.49998935051486154","-1 -0.5 2 0.5 0.5 0.5 0.5 -0.5 -0.5 0 -0 -0.5 2 1.5 -0.5 0.5 -0 -0.5 1 -0.5 0.5 2.5 0.5 -1.5 -2 1 -0.5 0.5 -0 0 -0 0 0.5 0.5 0 -1 -0 0.5 -0.5 1.5 0 0 -0 1 1.5 -1 1 0.5 -2 -1.5 0.5 -1 1 -0.5 1 1 1 0.5 0.5 -0.5","-0 0.5 -1 0 2 1 -1 0.5 -1 0.5 -1 0 0.5 -0 -0.5 1.5 -1 -0.5 1 1 -0.5 1 -1 -0.5 1.5 -0.5 -1 -1 -0.5 0 1 0.5 -0 1.5 -1 0 2 -1 2.5 -0.5 1 0.5 0 0.5 1"
"mw","less",TRUE,FALSE,0.95,0,"0.021933865082582205","-Inf","0.35383284869936099","-1.1451789464589925 -0.39375612441586716 1.8223995714055476 0.65228065192688822 0.31156756608253394 0.6258836374107517 0.25954332411290387 -0.57418026107649334 -0.58751992467370573 0.14410871682917847 -0.20382154972817323 -0.4085388089476365 2.1188768068953205 1.6063384301305081 -0.32902900295976645 0.28272268526648986 -0.044156661024665034 -0.67895924380854356 0.84697915817480429 -0.46623220388092612 0.4302767884342808 2.7199481545998414 0.3230222419594605 -1.6500127799213478 -2.2185708955859345 1.0146494697091506 -0.37430802873233937 0.39690795094255399 -0.12689617648548357 0.19748158563376259 -0.050947689322186629 0.018044234244898927 0.48482789255545961 0.67284824551265932 0.018925644604127101 -0.75294923511923317 -0.2315534915961639 0.39133480519440067 -0.5873721308173212 1.5636657679637063 0.12766371437577889 0.20779539035814837 -0.050667601143154328 0.96178419284731032 1.5969228521056555 -1.1133595441469817 0.78390086524675451 0.38399617422301341 -1.785794023623728 -1.5484931965759112 0.55497070278147631 -0.97424874722520871 0.78091477758038641 -0.57486610112632819 1.2080829202676426 0.75984603886983193 0.84635121574126959 0.5327225403481648 0.35290703524965861 -0.61447963495517943","-0.20972960718242326 0.6106361162135433 -0.78786273963718456 0.23690592107787203 1.8487282102217368 0.8042240840843482 -1.0237464945360455 0.37557172749288159 -1.2230053668074907 0.34588313910402868 -1.1971035011456859 0.0098659737683021997 0.66893203692901548 -0.080184351636236134 -0.38137216585094108 1.3723346279305899 -1.2028020292145136 -0.57586768401802957 0.96239081428492035 1.160577161726011 -0.65772619015012779 1.1167329996498521 -1.0046277539115187 -0.34783950168434463 1.2738694870639737 -0.37132120482070702 -1.1137630910668803 -1.0685295849570469 -0.39308710196608376 0.17885611886679079 0.76743106721866761 0.36275919259825901 -0.22915203827418121 1.4484552820557641 -0.96495434860545437 0.15990127333973295 1.9055246553406113 -0.86006448386689538 2.4463558798072507 -0.6392589346509796 1.1905129147984752 0.64579539569588795 0.15581130822006076 0.28222287277369146 0.94268043213064756"
"mw","less",TRUE,FALSE,0.9,0.25,"1.1239758073202687e-05","-Inf","0.49994672289891751","-1 -0.5 2 0.5 0.5 0.5 0.5 -0.5 -0.5 0 -0 -0.5 2 1.5 -0.5 0.5 -0 -0.5 1 -0.5 0.5 2.5 0.5 -1.5 -2 1 -0.5 0.5 -0 0 -0 0 0.5 0.5 0 -1 -0 0.5 -0.5 1.5 0 0 -0 1 1.5 -1 1 0.5 -2 -1.5 0.5 -1 1 -0.5 1 1 1 0.5 0.5 -0.5","-0 0.5 -1 0 2 1 -1 0.5 -1 0.5 -1 0 0.5 -0 -0.5 1.5 -1 -0.5 1 1 -0.5 1 -1 -0.5 1.5 -0.5 -1 -1 -0.5 0 1 0.5 -0 1.5 -1 0 2 -1 2.5 -0.5 1 0.5 0 0.5 1"
"mw","less",FALSE,FALSE,0.95,0,"0.021933865082582205","-Inf","0.35378236874030328","-1.1451789464589925 -0.39375612441586716 1.8223995714055476 0.65228065192688822 0.31156756608253394 0.6258836374107517 0.25954332411290387 -0.57418026107649334 -0.58751992467370573 0.14410871682917847 -0.20382154972817323 -0.4085388089476365 2.1188768068953205 1.6063384301305081 -0.32902900295976645 0.28272268526648986 -0.044156661024665034 -0.67895924380854356 0.84697915817480429 -0.46623220388092612 0.4302767884342808 2.7199481545998414 0.3230222419594605 -1.6500127799213478 -2.2185708955859345 1.0146494697091506 -0.37430802873233937 0.39690795094255399 -0.12689617648548357 0.19748158563376259 -0.050947689322186629 0.018044234244898927 0.48482789255545961 0.67284824551265932 0.018925644604127101 -0.75294923511923317 -0.2315534915961639 0.39133480519440067 -0.5873721308173212 1.5636657679637063 0.12766371437577889 0.20779539035814837 -0.050667601143154328 0.96178419284731032 1.5969228521056555 -1.1133595441469817 0.78390086524675451 0.38399617422301341 -1.785794023623728 -1.5484931965759112 0.55497070278147631 -0.97424874722520871 0.78091477758038641 -0.57486610112632819 1.2080829202676426 0.75984603886983193 0.84635121574126959 0.5327225403481648 0.35290703524965861 -0.61447963495517943","-0.20972960718242326 0.6106361162135433 -0.78786273963718456 0.23690592107787203 1.8487282102217368 0.8042240840843482 -1.0237464945360455 0.37557172749288159 -1.2230053668074907 0.34588313910402868 -1.1971035011456859 0.0098659737683021997 0.66893203692901548 -0.080184351636236134 -0.38137216585094108 1.3723346279305899 -1.2028020292145136 -0.57586768401802957 0.96239081428492035 1.160577161726011 -0.65772619015012779 1.1167329996498521 -1.0046277539115187 -0.34783950168434463 1.2738694870639737 -0.37132120482070702 -1.1137630910668803 -1.0685295849570469 -0.39308710196608376 0.17885611886679079 0.76743106721866761 0.36275919259825901 -0.22915203827418121 1.4484552820557641 -0.96495434860545437 0.15990127333973295 1.9055246553406113 -0.86006448386689538 2.4463558798072507 -0.6392589346509796 1.1905129147984752 0.64579539569588795 0.15581130822006076 0.28222287277369146 0.94268043213064756"
"mw","less",FALSE,FALSE,0.9,0.25,"1.1239758073202687e-05","-Inf","0.49996134009626114","-1 -0.5 2 0.5 0.5 0.5 0.5 -0.5 -0.5 0 -0 -0.5 2 1.5 -0.5 0.5 -0 -0.5 1 -0.5 0.5 2.5 0.5 -1.5 -2 1 -0.5 0.5 -0 0 -0 0 0.5 0.5 0 -1 -0 0.5 -0.5 1.5 0 0 -0 1 1.5 -1 1 0.5 -2 -1.5 0.5 -1 1 -0.5 1 1 1 0.5 0.5 -0.5","-0 0.5 -1 0 2 1 -1 0.5 -1 0.5 -1 0 0.5 -0 -0.5 1.5 -1 -0.5 1 1 -0.5 1 -1 -0.5 1.5 -0.5 -1 -1 -0.5 0 1 0.5 -0 1.5 -1 0 2 -1 2.5 -0.5 1 0.5 0 0.5 1"
"mw","greater",TRUE,FALSE,0.95,0,"0.021933865082582205","-0.31659429146551538","Inf","-1.1451789464589925 -0.39375612441586716 1.8223995714055476 0.65228065192688822 0.31156756608253394 0.6258836374107517 0.25954332411290387 -0.57418026107649334 -0.58751992467370573 0.14410871682917847 -0.20382154972817323 -0.4085388089476365 2.1188768068953205 1.6063384301305081 -0.32902900295976645 0.28272268526648986 -0.044156661024665034 -0.67895924380854356 0.84697915817480429 -0.46623220388092612 0.4302767884342808 2.7199481545998414 0.3230222419594605 -1.6500127799213478 -2.2185708955859345 1.0146494697091506 -0.37430802873233937 0.39690795094255399 -0.12689617648548357 0.19748158563376259 -0.050947689322186629 0.018044234244898927 0.48482789255545961 0.67284824551265932 0.018925644604127101 -0.75294923511923317 -0.2315534915961639 0.39133480519440067 -0.5873721308173212 1.5636657679637063 0.12766371437577889 0.20779539035814837 -0.050667601143154328 0.96178419284731032 1.5969228521056555 -1.1133595441469817 0.78390086524675451 0.38399617422301341 -1.785794023623728 -1.5484931965759112 0.55497070278147631 -0.97424874722520871 0.78091477758038641 -0.57486610112632819 1.2080829202676426 0.75984603886983193 0.84635121574126959 0.5327225403481648 0.35290703524965861 -0.61447963495517943","-0.20972960718242326 0.6106361162135433 -0.78786273963718456 0.23690592107787203 1.8487282102217368 0.8042240840843482 -1.0237464945360455 0.37557172749288159 -1.2230053668074907 0.34588313910402868 -1.1971035011456859 0.0098659737683021997 0.66893203692901548 -0.080184351636236134 -0.38137216585094108 1.3723346279305899 -1.2028020292145136 -0.57586768401802957 0.96239081428492035 1.160577161726011 -0.65772619015012779 1.1167329996498521 -1.0046277539115187 -0.34783950168434463 1.2738694870639737 -0.37132120482070702 -1.1137630910668803 -1.0685295849570469 -0.39308710196608376 0.17885611886679079 0.76743106721866761 0.36275919259825901 -0.22915203827418121 1.4484552820557641 -0.96495434860545437 0.15990127333973295 1.9055246553406113 -0.86006448386689538 2.4463558798072507 -0.6392589346509796 1.1905129147984752 0.64579539569588795 0.15581130822006076 0.28222287277369146 0.94268043213064756"
"mw","greater",TRUE,FALSE,0.9,0.25,"1.1239758073202687e-05","-4.6843970628352051e-05","Inf","-1 -0.5 2 0.5 0.5 0.5 0.5 -0.5 -0.5 0 -0 -0.5 2 1.5 -0.5 0.5 -0 -0.5 1 -0.5 0.5 2.5 0.5 -1.5 -2 1 -0.5 0.5 -0 0 -0 0 0.5 0.5 0 -1 -0 0.5 -0.5 1.5 0 0 -0 1 1.5 -1 1 0.5 -2 -1.5 0.5 -1 1 -0.5 1 1 1 0.5 0.5 -0.5","-0 0.5 -1 0 2 1 -1 0.5 -1 0.5 -1 0 0.5 -0 -0.5 1.5 -1 -0.5 1 1 -0.5 1 -1 -0.5 1.5 -0.5 -1 -1 -0.5 0 1 0.5 -0 1.5 -1 0 2 -1 2.5 -0.5 1 0.5 0 0.5 1"
"mw","greater",FALSE,FALSE,0.95,0,"0.021933865082582205","-0.31647901770195219","Inf","-1.1451789464589925 -0.39375612441586716 1.8223995714055476 0.65228065192688822 0.31156756608253394 0.6258836374107517 0.25954332411290387 -0.57418026107649334 -0.58751992467370573 0.14410871682917847 -0.20382154972817323 -0.4085388089476365 2.1188768068953205 1.6063384301305081 -0.32902900295976645 0.28272268526648986 -0.044156661024665034 -0.67895924380854356 0.84697915817480429 -0.46623220388092612 0.4302767884342808 2.7199481545998414 0.3230222419594605 -1.6500127799213478 -2.2185708955859345 1.0146494697091506 -0.37430802873233937 0.39690795094255399 -0.12689617648548357 0.19748158563376259 -0.050947689322186629 0.018044234244898927 0.48482789255545961 0.67284824551265932 0.018925644604127101 -0.75294923511923317 -0.2315534915961639 0.39133480519440067 -0.5873721308173212 1.5636657679637063 0.12766371437577889 0.20779539035814837 -0.050667601143154328 0.96178419284731032 1.5969228521056555 -1.1133595441469817 0.78390086524675451 0.38399617422301341 -1.785794023623728 -1.5484931965759112 0.55497070278147631 -0.97424874722520871 0.78091477758038641 -0.57486610112632819 1.2080829202676426 0.75984603886983193 0.84635121574126959 0.5327225403481648 0.35290703524965861 -0.61447963495517943","-0.20972960718242326 0.6106361162135433 -0.78786273963718456 0.23690592107787203 1.8487282102217368 0.8042240840843482 -1.0237464945360455 0.37557172749288159 -1.2230053668074907 0.34588313910402868 -1.1971035011456859 0.0098659737683021997 0.66893203692901548 -0.080184351636236134 -0.38137216585094108 1.3723346279305899 -1.2028020292145136 -0.57586768401802957 0.96239081428492035 1.160577161726011 -0.65772619015012779 1.1167329996498521 -1.0046277539115187 -0.34783950168434463 1.2738694870639737 -0.37132120482070702 -1.1137630910668803 -1.0685295849570469 -0.39308710196608376 0.17885611886679079 0.76743106721866761 0.36275919259825901 -0.22915203827418121 1.4484552820557641 -0.96495434860545437 0.15990127333973295 1.9055246553406113 -0.86006448386689538 2.4463558798072507 -0.6392589346509796 1.1905129147984752 0.64579539569588795 0.15581130822006076 0.28222287277369146 0.94268043213064756"
"mw","greater",FALSE,FALSE,0.9,0.25,"1.1239758073202687e-05","-1.6786077955106093e-05","Inf","-1 -0.5 2 0.5 0.5 0.5 0.5 -0.5 -0.5 0 -0 -0.5 2 1.5 -0.5 0.5 -0 -0.5 1 -0.5 0.5 2.5 0.5 -1.5 -2 1 -0.5 0.5 -0 0 -0 0 0.5 0.5 0 -1 -0 0.5 -0.5 1.5 0 0 -0 1 1.5 -1 1 0.5 -2 -1.5 0.5 -1 1 -0.5 1 1 1 0.5 0.5 -0.5","-0 0.5 -1 0 2 1 -1 0.5 -1 0.5 -1 0 0.5 -0 -0.5 1.5 -1 -0.5 1 1 -0.5 1 -1 -0.5 1.5 -0.5 -1 -1 -0.5 0 1 0.5 -0 1.5 -1 0 2 -1 2.5 -0.5 1 0.5 0 0.5 1"
"mw","two.sided",TRUE,FALSE,0.95,0,"0.18378294348917545","-0.050929084806903252","0.41277928799611491","0.15176565593580216 -0.81587714014697543 1.5219852933527607 -1.1872366048008156 1.440186922130994 1.4344046264712933 -0.17787761874814989 0.90243657666831456 -0.41265927141933345 -0.069928005801924209 -2.0646883725731713 1.0575452572030439 0.60521634395050949 -0.69842396618985803 0.65831914775013534 -0.23750714899603309 -0.91984837086180027 1.2436355741817424 0.54246616259858316 1.2813276427675184 -0.074289946405201868 -0.5898097481119674 -0.35678839859211819 2.0026019565576876 -0.31527247740524567 -0.96625600753147889 0.58043114513623428 0.16772989525566578 2.1550128380331768 2.3572336912611149 0.42374754836581635 -0.22247631092727072 1.536562021143915 1.2015203204687444 0.80030750655545801 -1.6447724294649992 0.37582980233104091 0.95475679926705881 0.77862620183553766 0.58878899444674782 0.92442886306465732 1.0403471033594029 2.2784819345790384 -0.27632679960222251 0.93245450781469419 0.53300751925899281 0.14895951552783532 0.26371019176756472 -0.2687729705161781 0.072588932150848606 -0.25172272891950576 0.092815561710464567 0.37174496804195206 1.3873195208095359 0.31876495366498259 0.35020138984697502 1.3397174335029554 -0.76608654418964239 -0.96230759893944662 -0.045786421639626651 0.29305173678347951 0.62271009217568651 -1.9188699635067663 1.1051599041930853 0.95998217070784742 1.4451213574989006 2.0311958211144385 0.28672182434840982 -1.0710037529250029 0.89252938659155212 0.49957664135118512 1.8555553175329749 -0.95638949447695343 0.56267567120368767 0.052349738602183282 3.0816650378696195 -1.4947677015303547 1.2523227676444202 1.7180100032555048 -0.1553634152699932 -0.072043999832206773 -0.061345671853053341 0.49205711364445204 0.97995715656269999 -0.38946255979607391 -0.41149288198623768 2.8574570197911289 0.24791213201615678 0.25497134613599071 0.56727961680998829 0.081253324118883641 0.79602833676240692 -1.188398067327022 1.1193826017118329 2.4741064810511526 -0.46914378918662636 -0.39118566270901123 1.5385814861910108 0.46269242085100126 1.1638515144688864 -0.11464487872722207 -0.93234089696679867 0.022661325898309992 0.74129964860916098 0.4329014553139281 0.34449587653124564 0.17967446443085369 1.5794865325166705 -0.063838458748155358 1.5415187882235286 -0.6808468705139622 0.89484454986854245 1.1809098074387432 0.34950818507647108 -0.6709254972397839 0.59689079910352971 -1.1407429101366162 0.1961142162671414 -0.099347198317170204 -1.4597799796250439 1.5737014028232257 -0.68348779299340012 0.91581183078459538 0.68083397127517209 -0.025253072732349446 0.83619172929020902 0.24627558130814878 -0.62009556293066559 0.22514623338281831 2.4486852167026707 1.3003406106211353 0.84543195530833581 -0.079781411355068665 -1.0897041075967033 0.7263308898648495 0.28210520831650676 -1.1790517404358547 1.9346618389636183 2.0547211712097835 -0.023105104188028247 -0.38560236722745334 1.4303711971827089 -0.23163669302823564 1.2832824802742957 0.59319409926276279 -0.55769067527197247 -1.105553459760678 -0.35990393782630226 0.47062450678508982 0.7674447143906542 0.12364839291802587 0.98884655065526827 -0.97972823849628543 -0.78508636749768235 1.3363354045308831 -0.73842655301803217 0.048310778191033465 0.36823424010520905 -0.64769435444872692 -0.56143426753982961 -1.2722940511265901 2.020004341064003 -1.6367847854009416 2.0426358904692798 1.2182006699190577 0.93459038197628552 -0.83788479332314381 -0.94044515479180391 -0.27505699081638957 0.59787093382415279 1.9786654959558714 -0.35961592196652326 1.149036490714014 -0.87339440654615419 -0.66575665883683721 1.0158199580700429 0.99819045725489597 1.0806506409988341 1.3714880944082855 0.074627865879831723 -0.79904935347886441 1.1884645121780713 -0.26415375811360886 1.3974135168500226 0.92964197358719414 0.19111330777426425 -0.073997218275973886 2.0334522415592327 -1.5686526530843459 1.7345481226092621 0.40082922333884297 1.9465749753356429 -0.89000389336897523 0.99427137850748382 -0.28766152899090391 -0.024852788183777563 -1.032800310200753 -1.280708296972211 -1.0782167889397258 -1.1258488774611073","0.5280281913685545 -0.86879181540111838 -1.3501892014500043 0.18731268377309379 0.18252731969773162 0.59179128785449053 1.7405968644785568 0.075323664379842781 1.137247825523374 1.713779668173476 -1.0138783520767207 0.74527900399056846 0.85727047952994695 -0.58089328908522087 -1.1161206762544122 -0.25716719779487524 1.2121347539493426 -0.3917152950335166 -0.32865607894665766 -0.1046395237117335 1.3955508404564672 -0.50959188812061917 -0.047990970940885183 -0.32901376856524867 0.89632072084905834 -2.0711996989565633 -0.66794140147329872 1.2798091979071227 -1.6061499124501735 2.4477123864701911 -0.85149751812111996 0.71559957040763933 0.14539352359753363 -0.20363770625575275 -0.34170556760552379 0.65213642626414858 0.64671069928131664 0.50112658438724533 0.89182793203585964 1.0149545591139926 0.4461297164193968 -0.99554037481269908 -0.1826471007773828 -2.426105550138093 0.25817623729853889 -0.6110720588178572 1.5341867898271879 -0.24634972495352825 -1.3995403878237798 -0.7229002033902574 0.59056316173702172 1.3756349320152144 0.04908935746000765 -0.10084736307611299 1.2351713294332078 2.3497812262281332 -0.54584967065912859 -0.15975658441843796 -0.35741853557929448 -0.84230252724748378 1.9741218660875499 -1.589596146623012 -0.78379563010460551 0.36778719867605075 -0.3062116599681502 -1.0606275275704864 2.2307396538449544 1.9615279320713266 1.2604927010997669 -1.9888706891121637 1.2288700649189048 0.54849797059378214 -0.47780617619302712 0.0034678150887364084 1.4143633081453504 -0.92277851134211597 1.6649141262393958 0.14307240483183842 2.1030024536751775 -1.9775004709612214 -0.8850305385356243 0.31285546477922754 0.35668402377812608 -0.8887977207392358 2.1407794942651859 -0.41292588886468135 1.2487374474387531 0.31976804530986963 1.3177256870574012 -0.04170318461085884 0.39538920563496227 0.019465030432956647 1.5935094910891738 0.29801225824634769 -0.47056258509263976 0.306565617364225 -0.37090200799380985 -0.27775580999841981 -0.44737389083788759 -0.2365368249573862 -0.28768069553516024 0.91875218449189877 -0.3433489324478583 1.0419455756893057 -0.34865075648164406 1.7570537569710112 0.099472762372203302 -0.56447253629890504 2.1753920752443134 -0.52443264958207314 -0.81411813475572303 0.72314312397229885 0.86925299489569441 -0.58430466338305953 -0.81346365613262739 -0.075089821032290283 -0.61370074606277347 0.32545234719583044 1.6121168856426304 0.86721271534509026 1.9793188618991595 -1.5637018125664972 1.5376458581539894 -1.5471792937673721 -0.21739439408678884 1.5251679758631835 -0.15397032563704424 -0.20758965511740257 0.56232771629315037 0.64463173474878877 -0.46106896971849615 -0.59069094726250992 1.726188753060476 -0.2111941301186108 -1.5096655052102259 0.11796644013320999 0.6404650359528955 -0.39098148463960203 0.33260038648207518 0.82143577151760416 -1.7170314287443149 0.27579507919714669 1.0513356741245019 -0.49439440975852572 0.40338905827705135 0.39603725775463722 -0.65649598293490152 0.76158977107547587 -1.706129607030507 0.49503158683946069"
"mw","two.sided",TRUE,FALSE,0.9,0.25,"3.0440290859712753e-05","-1.587012329207205e-06","0.49997369130396885","0 -1 1.5 -1 1.5 1.5 -0 1 -0.5 -0 -2 1 0.5 -0.5 0.5 -0 -1 1 0.5 1.5 -0 -0.5 -0.5 2 -0.5 -1 0.5 0 2 2.5 0.5 -0 1.5 1 1 -1.5 0.5 1 1 0.5 1 1 2.5 -0.5 1 0.5 0 0.5 -0.5 0 -0.5 0 0.5 1.5 0.5 0.5 1.5 -1 -1 -0 0.5 0.5 -2 1 1 1.5 2 0.5 -1 1 0.5 2 -1 0.5 0 3 -1.5 1.5 1.5 -0 -0 -0 0.5 1 -0.5 -0.5 3 0 0.5 0.5 0 1 -1 1 2.5 -0.5 -0.5 1.5 0.5 1 -0 -1 0 0.5 0.5 0.5 0 1.5 -0 1.5 -0.5 1 1 0.5 -0.5 0.5 -1 0 -0 -1.5 1.5 -0.5 1 0.5 -0 1 0 -0.5 0 2.5 1.5 1 -0 -1 0.5 0.5 -1 2 2 -0 -0.5 1.5 -0 1.5 0.5 -0.5 -1 -0.5 0.5 1 0 1 -1 -1 1.5 -0.5 0 0.5 -0.5 -0.5 -1.5 2 -1.5 2 1 1 -1 -1 -0.5 0.5 2 -0.5 1 -1 -0.5 1 1 1 1.5 0 -1 1 -0.5 1.5 1 0 -0 2 -1.5 1.5 0.5 2 -1 1 -0.5 -0 -1 -1.5 -1 -1","0.5 -1 -1.5 0 0 0.5 1.5 0 1 1.5 -1 0.5 1 -0.5 -1 -0.5 1 -0.5 -0.5 -0 1.5 -0.5 -0 -0.5 1 -2 -0.5 1.5 -1.5 2.5 -1 0.5 0 -0 -0.5 0.5 0.5 0.5 1 1 0.5 -1 -0 -2.5 0.5 -0.5 1.5 -0 -1.5 -0.5 0.5 1.5 0 -0 1 2.5 -0.5 -0 -0.5 -1 2 -1.5 -1 0.5 -0.5 -1 2 2 1.5 -2 1 0.5 -0.5 0 1.5 -1 1.5 0 2 -2 -1 0.5 0.5 -1 2 -0.5 1 0.5 1.5 -0 0.5 0 1.5 0.5 -0.5 0.5 -0.5 -0.5 -0.5 -0 -0.5 1 -0.5 1 -0.5 2 0 -0.5 2 -0.5 -1 0.5 1 -0.5 -1 -0 -0.5 0.5 1.5 1 2 -1.5 1.5 -1.5 -0 1.5 -0 -0 0.5 0.5 -0.5 -0.5 1.5 -0 -1.5 0 0.5 -0.5 0.5 1 -1.5 0.5 1 -0.5 0.5 0.5 -0.5 1 -1.5 0.5"
"mw","two.sided",FALSE,FALSE,0.95,0,"0.18378294348917545","-0.050876016368821907","0.41242596022047912","0.15176565593580216 -0.81587714014697543 1.5219852933527607 -1.1872366048008156 1.440186922130994 1.4344046264712933 -0.17787761874814989 0.90243657666831456 -0.41265927141933345 -0.069928005801924209 -2.0646883725731713 1.0575452572030439 0.60521634395050949 -0.69842396618985803 0.65831914775013534 -0.23750714899603309 -0.91984837086180027 1.2436355741817424 0.54246616259858316 1.2813276427675184 -0.074289946405201868 -0.5898097481119674 -0.35678839859211819 2.0026019565576876 -0.31527247740524567 -0.96625600753147889 0.58043114513623428 0.16772989525566578 2.1550128380331768 2.3572336912611149 0.42374754836581635 -0.22247631092727072 1.536562021143915 1.2015203204687444 0.80030750655545801 -1.6447724294649992 0.37582980233104091 0.95475679926705881 0.77862620183553766 0.58878899444674782 0.92442886306465732 1.0403471033594029 2.2784819345790384 -0.27632679960222251 0.93245450781469419 0.53300751925899281 0.14895951552783532 0.26371019176756472 -0.2687729705161781 0.072588932150848606 -0.25172272891950576 0.092815561710464567 0.37174496804195206 1.3873195208095359 0.31876495366498259 0.35020138984697502 1.3397174335029554 -0.76608654418964239 -0.96230759893944662 -0.045786421639626651 0.29305173678347951 0.62271009217568651 -1.9188699635067663 1.1051599041930853 0.95998217070784742 1.4451213574989006 2.0311958211144385 0.28672182434840982 -1.0710037529250029 0.89252938659155212 0.49957664135118512 1.8555553175329749 -0.95638949447695343 0.56267567120368767 0.052349738602183282 3.0816650378696195 -1.4947677015303547 1.2523227676444202 1.7180100032555048 -0.1553634152699932 -0.072043999832206773 -0.061345671853053341 0.49205711364445204 0.97995715656269999 -0.38946255979607391 -0.41149288198623768 2.8574570197911289 0.24791213201615678 0.25497134613599071 0.56727961680998829 0.081253324118883641 0.79602833676240692 -1.188398067327022 1.1193826017118329 2.4741064810511526 -0.46914378918662636 -0.39118566270901123 1.5385814861910108 0.46269242085100126 1.1638515144688864 -0.11464487872722207 -0.93234089696679867 0.022661325898309992 0.74129964860916098 0.4329014553139281 0.34449587653124564 0.17967446443085369 1.5794865325166705 -0.063838458748155358 1.5415187882235286 -0.6808468705139622 0.89484454986854245 1.1809098074387432 0.34950818507647108 -0.6709254972397839 0.59689079910352971 -1.1407429101366162 0.1961142162671414 -0.099347198317170204 -1.4597799796250439 1.5737014028232257 -0.68348779299340012 0.91581183078459538 0.68083397127517209 -0.025253072732349446 0.83619172929020902 0.24627558130814878 -0.62009556293066559 0.22514623338281831 2.4486852167026707 1.3003406106211353 0.84543195530833581 -0.079781411355068665 -1.0897041075967033 0.7263308898648495 0.28210520831650676 -1.1790517404358547 1.9346618389636183 2.0547211712097835 -0.023105104188028247 -0.38560236722745334 1.4303711971827089 -0.23163669302823564 1.2832824802742957 0.59319409926276279 -0.55769067527197247 -1.105553459760678 -0.35990393782630226 0.47062450678508982 0.7674447143906542 0.12364839291802587 0.98884655065526827 -0.97972823849628543 -0.78508636749768235 1.3363354045308831 -0.73842655301803217 0.048310778191033465 0.36823424010520905 -0.64769435444872692 -0.56143426753982961 -1.2722940511265901 2.020004341064003 -1.6367847854009416 2.0426358904692798 1.2182006699190577 0.93459038197628552 -0.83788479332314381 -0.94044515479180391 -0.27505699081638957 0.59787093382415279 1.9786654959558714 -0.35961592196652326 1.149036490714014 -0.87339440654615419 -0.66575665883683721 1.0158199580700429 0.99819045725489597 1.0806506409988341 1.3714880944082855 0.074627865879831723 -0.79904935347886441 1.1884645121780713 -0.26415375811360886 1.3974135168500226 0.92964197358719414 0.19111330777426425 -0.073997218275973886 2.0334522415592327 -1.5686526530843459 1.7345481226092621 0.40082922333884297 1.9465749753356429 -0.89000389336897523 0.99427137850748382 -0.28766152899090391 -0.024852788183777563 -1.032800310200753 -1.280708296972211 -1.0782167889397258 -1.1258488774611073","0.5280281913685545 -0.86879181540111838 -1.3501892014500043 0.18731268377309379 0.18252731969773162 0.59179128785449053 1.7405968644785568 0.075323664379842781 1.137247825523374 1.713779668173476 -1.0138783520767207 0.74527900399056846 0.85727047952994695 -0.58089328908522087 -1.1161206762544122 -0.25716719779487524 1.2121347539493426 -0.3917152950335166 -0.32865607894665766 -0.1046395237117335 1.3955508404564672 -0.50959188812061917 -0.047990970940885183 -0.32901376856524867 0.89632072084905834 -2.0711996989565633 -0.66794140147329872 1.2798091979071227 -1.6061499124501735 2.4477123864701911 -0.85149751812111996 0.71559957040763933 0.14539352359753363 -0.20363770625575275 -0.34170556760552379 0.65213642626414858 0.64671069928131664 0.50112658438724533 0.89182793203585964 1.0149545591139926 0.4461297164193968 -0.99554037481269908 -0.1826471007773828 -2.426105550138093 0.25817623729853889 -0.6110720588178572 1.5341867898271879 -0.24634972495352825 -1.3995403878237798 -0.7229002033902574 0.59056316173702172 1.3756349320152144 0.04908935746000765 -0.10084736307611299 1.2351713294332078 2.3497812262281332 -0.54584967065912859 -0.15975658441843796 -0.35741853557929448 -0.84230252724748378 1.9741218660875499 -1.589596146623012 -0.78379563010460551 0.36778719867605075 -0.3062116599681502 -1.0606275275704864 2.2307396538449544 1.9615279320713266 1.2604927010997669 -1.9888706891121637 1.2288700649189048 0.54849797059378214 -0.47780617619302712 0.0034678150887364084 1.4143633081453504 -0.92277851134211597 1.6649141262393958 0.14307240483183842 2.1030024536751775 -1.9775004709612214 -0.8850305385356243 0.31285546477922754 0.35668402377812608 -0.8887977207392358 2.1407794942651859 -0.41292588886468135 1.2487374474387531 0.31976804530986963 1.3177256870574012 -0.04170318461085884 0.39538920563496227 0.019465030432956647 1.5935094910891738 0.29801225824634769 -0.47056258509263976 0.306565617364225 -0.37090200799380985 -0.27775580999841981 -0.44737389083788759 -0.2365368249573862 -0.28768069553516024 0.91875218449189877 -0.3433489324478583 1.0419455756893057 -0.34865075648164406 1.7570537569710112 0.099472762372203302 -0.56447253629890504 2.1753920752443134 -0.52443264958207314 -0.81411813475572303 0.72314312397229885 0.86925299489569441 -0.58430466338305953 -0.81346365613262739 -0.075089821032290283 -0.61370074606277347 0.32545234719583044 1.6121168856426304 0.86721271534509026 1.9793188618991595 -1.5637018125664972 1.5376458581539894 -1.5471792937673721 -0.21739439408678884 1.5251679758631835 -0.15397032563704424 -0.20758965511740257 0.56232771629315037 0.64463173474878877 -0.46106896971849615 -0.59069094726250992 1.726188753060476 -0.2111941301186108 -1.5096655052102259 0.11796644013320999 0.6404650359528955 -0.39098148463960203 0.33260038648207518 0.82143577151760416 -1.7170314287443149 0.27579507919714669 1.0513356741245019 -0.49439440975852572 0.40338905827705135 0.39603725775463722 -0.65649598293490152 0.76158977107547587 -1.706129607030507 0.49503158683946069"
"mw","two.sided",FALSE,FALSE,0.9,0.25,"3.0440290859712753e-05","-4.8266379918136679e-05","0.4999837682007286","0 -1 1.5 -1 1.5 1.5 -0 1 -0.5 -0 -2 1 0.5 -0.5 0.5 -0 -1 1 0.5 1.5 -0 -0.5 -0.5 2 -0.5 -1 0.5 0 2 2.5 0.5 -0 1.5 1 1 -1.5 0.5 1 1 0.5 1 1 2.5 -0.5 1 0.5 0 0.5 -0.5 0 -0.5 0 0.5 1.5 0.5 0.5 1.5 -1 -1 -0 0.5 0.5 -2 1 1 1.5 2 0.5 -1 1 0.5 2 -1 0.5 0 3 -1.5 1.5 1.5 -0 -0 -0 0.5 1 -0.5 -0.5 3 0 0.5 0.5 0 1 -1 1 2.5 -0.5 -0.5 1.5 0.5 1 -0 -1 0 0.5 0.5 0.5 0 1.5 -0 1.5 -0.5 1 1 0.5 -0.5 0.5 -1 0 -0 -1.5 1.5 -0.5 1 0.5 -0 1 0 -0.5 0 2.5 1.5 1 -0 -1 0.5 0.5 -1 2 2 -0 -0.5 1.5 -0 1.5 0.5 -0.5 -1 -0.5 0.5 1 0 1 -1 -1 1.5 -0.5 0 0.5 -0.5 -0.5 -1.5 2 -1.5 2 1 1 -1 -1 -0.5 0.5 2 -0.5 1 -1 -0.5 1 1 1 1.5 0 -1 1 -0.5 1.5 1 0 -0 2 -1.5 1.5 0.5 2 -1 1 -0.5 -0 -1 -1.5 -1 -1","0.5 -1 -1.5 0 0 0.5 1.5 0 1 1.5 -1 0.5 1 -0.5 -1 -0.5 1 -0.5 -0.5 -0 1.5 -0.5 -0 -0.5 1 -2 -0.5 1.5 -1.5 2.5 -1 0.5 0 -0 -0.5 0.5 0.5 0.5 1 1 0.5 -1 -0 -2.5 0.5 -0.5 1.5 -0 -1.5 -0.5 0.5 1.5 0 -0 1 2.5 -0.5 -0 -0.5 -1 2 -1.5 -1 0.5 -0.5 -1 2 2 1.5 -2 1 0.5 -0.5 0 1.5 -1 1.5 0 2 -2 -1 0.5 0.5 -1 2 -0.5 1 0.5 1.5 -0 0.5 0 1.5 0.5 -0.5 0.5 -0.5 -0.5 -0.5 -0 -0.5 1 -0.5 1 -0.5 2 0 -0.5 2 -0.5 -1 0.5 1 -0.5 -1 -0 -0.5 0.5 1.5 1 2 -1.5 1.5 -1.5 -0 1.5 -0 -0 0.5 0.5 -0.5 -0.5 1.5 -0 -1.5 0 0.5 -0.5 0.5 1 -1.5 0.5 1 -0.5 0.5 0.5 -0.5 1 -1.5 0.5"
"mw","less",TRUE,FALSE,0.95,0,"0.18378294348917545","-Inf","0.37422180743953593","0.15176565593580216 -0.81587714014697543 1.5219852933527607 -1.1872366048008156 1.440186922130994 1.4344046264712933 -0.17787761874814989 0.90243657666831456 -0.41265927141933345 -0.069928005801924209 -2.0646883725731713 1.0575452572030439 0.60521634395050949 -0.69842396618985803 0.65831914775013534 -0.23750714899603309 -0.91984837086180027 1.2436355741817424 0.54246616259858316 1.2813276427675184 -0.074289946405201868 -0.5898097481119674 -0.35678839859211819 2.0026019565576876 -0.31527247740524567 -0.96625600753147889 0.58043114513623428 0.16772989525566578 2.1550128380331768 2.3572336912611149 0.42374754836581635 -0.22247631092727072 1.536562021143915 1.2015203204687444 0.80030750655545801 -1.6447724294649992 0.37582980233104091 0.95475679926705881 0.77862620183553766 0.58878899444674782 0.92442886306465732 1.0403471033594029 2.2784819345790384 -0.27632679960222251 0.93245450781469419 0.53300751925899281 0.14895951552783532 0.26371019176756472 -0.2687729705161781 0.072588932150848606 -0.25172272891950576 0.092815561710464567 0.37174496804195206 1.3873195208095359 0.31876495366498259 0.35020138984697502 1.3397174335029554 -0.76608654418964239 -0.96230759893944662 -0.045786421639626651 0.29305173678347951 0.62271009217568651 -1.9188699635067663 1.1051599041930853 0.95998217070784742 1.4451213574989006 2.0311958211144385 0.28672182434840982 -1.0710037529250029 0.89252938659155212 0.49957664135118512 1.8555553175329749 -0.95638949447695343 0.56267567120368767 0.052349738602183282 3.0816650378696195 -1.4947677015303547 1.2523227676444202 1.7180100032555048 -0.1553634152699932 -0.072043999832206773 -0.061345671853053341 0.49205711364445204 0.97995715656269999 -0.38946255979607391 -0.41149288198623768 2.8574570197911289 0.24791213201615678 0.25497134613599071 0.56727961680998829 0.081253324118883641 0.79602833676240692 -1.188398067327022 1.1193826017118329 2.4741064810511526 -0.46914378918662636 -0.39118566270901123 1.5385814861910108 0.46269242085100126 1.1638515144688864 -0.11464487872722207 -0.93234089696679867 0.022661325898309992 0.74129964860916098 0.4329014553139281 0.34449587653124564 0.17967446443085369 1.5794865325166705 -0.063838458748155358 1.5415187882235286 -0.6808468705139622 0.89484454986854245 1.1809098074387432 0.34950818507647108 -0.6709254972397839 0.59689079910352971 -1.1407429101366162 0.1961142162671414 -0.099347198317170204 -1.4597799796250439 1.5737014028232257 -0.68348779299340012 0.91581183078459538 0.68083397127517209 -0.025253072732349446 0.83619172929020902 0.24627558130814878 -0.62009556293066559 0.22514623338281831 2.4486852167026707 1.3003406106211353 0.84543195530833581 -0.079781411355068665 -1.0897041075967033 0.7263308898648495 0.28210520831650676 -1.1790517404358547 1.9346618389636183 2.0547211712097835 -0.023105104188028247 -0.38560236722745334 1.4303711971827089 -0.23163669302823564 1.2832824802742957 0.59319409926276279 -0.55769067527197247 -1.105553459760678 -0.35990393782630226 0.47062450678508982 0.7674447143906542 0.12364839291802587 0.98884655065526827 -0.97972823849628543 -0.78508636749768235 1.3363354045308831 -0.73842655301803217 0.048310778191033465 0.36823424010520905 -0.64769435444872692 -0.56143426753982961 -1.2722940511265901 2.020004341064003 -1.6367847854009416 2.0426358904692798 1.2182006699190577 0.93459038197628552 -0.83788479332314381 -0.94044515479180391 -0.27505699081638957 0.59787093382415279 1.9786654959558714 -0.35961592196652326 1.149036490714014 -0.87339440654615419 -0.66575665883683721 1.0158199580700429 0.99819045725489597 1.0806506409988341 1.3714880944082855 0.074627865879831723 -0.79904935347886441 1.1884645121780713 -0.26415375811360886 1.3974135168500226 0.92964197358719414 0.19111330777426425 -0.073997218275973886 2.0334522415592327 -1.5686526530843459 1.7345481226092621 0.40082922333884297 1.9465749753356429 -0.89000389336897523 0.99427137850748382 -0.28766152899090391 -0.024852788183777563 -1.032800310200753 -1.280708296972211 -1.0782167889397258 -1.1258488774611073","0.5280281913685545 -0.86879181540111838 -1.3501892014500043 0.18731268377309379 0.18252731969773162 0.59179128785449053 1.7405968644785568 0.075323664379842781 1.137247825523374 1.713779668173476 -1.0138783520767207 0.74527900399056846 0.85727047952994695 -0.58089328908522087 -1.1161206762544122 -0.25716719779487524 1.2121347539493426 -0.3917152950335166 -0.32865607894665766 -0.1046395237117335 1.3955508404564672 -0.50959188812061917 -0.047990970940885183 -0.32901376856524867 0.89632072084905834 -2.0711996989565633 -0.66794140147329872 1.2798091979071227 -1.6061499124501735 2.4477123864701911 -0.85149751812111996 0.71559957040763933 0.14539352359753363 -0.20363770625575275 -0.34170556760552379 0.65213642626414858 0.64671069928131664 0.50112658438724533 0.89182793203585964 1.0149545591139926 0.4461297164193968 -0.99554037481269908 -0.1826471007773828 -2.426105550138093 0.25817623729853889 -0.6110720588178572 1.5341867898271879 -0.24634972495352825 -1.3995403878237798 -0.7229002033902574 0.59056316173702172 1.3756349320152144 0.04908935746000765 -0.10084736307611299 1.2351713294332078 2.3497812262281332 -0.54584967065912859 -0.15975658441843796 -0.35741853557929448 -0.84230252724748378 1.9741218660875499 -1.589596146623012 -0.78379563010460551 0.36778719867605075 -0.3062116599681502 -1.0606275275704864 2.2307396538449544 1.9615279320713266 1.2604927010997669 -1.9888706891121637 1.2288700649189048 0.54849797059378214 -0.47780617619302712 0.0034678150887364084 1.4143633081453504 -0.92277851134211597 1.6649141262393958 0.14307240483183842 2.1030024536751775 -1.9775004709612214 -0.8850305385356243 0.31285546477922754 0.35668402377812608 -0.8887977207392358 2.1407794942651859 -0.41292588886468135 1.2487374474387531 0.31976804530986963 1.3177256870574012 -0.04170318461085884 0.39538920563496227 0.019465030432956647 1.5935094910891738 0.29801225824634769 -0.47056258509263976 0.306565617364225 -0.37090200799380985 -0.27775580999841981 -0.44737389083788759 -0.2365368249573862 -0.28768069553516024 0.91875218449189877 -0.3433489324478583 1.0419455756893057 -0.34865075648164406 1.7570537569710112 0.099472762372203302 -0.56447253629890504 2.1753920752443134 -0.52443264958207314 -0.81411813475572303 0.72314312397229885 0.86925299489569441 -0.58430466338305953 -0.81346365613262739 -0.075089821032290283 -0.61370074606277347 0.32545234719583044 1.6121168856426304 0.86721271534509026 1.9793188618991595 -1.5637018125664972 1.5376458581539894 -1.5471792937673721 -0.21739439408678884 1.5251679758631835 -0.15397032563704424 -0.20758965511740257 0.56232771629315037 0.64463173474878877 -0.46106896971849615 -0.59069094726250992 1.726188753060476 -0.2111941301186108 -1.5096655052102259 0.11796644013320999 0.6404650359528955 -0.39098148463960203 0.33260038648207518 0.82143577151760416 -1.7170314287443149 0.27579507919714669 1.0513356741245019 -0.49439440975852572 0.40338905827705135 0.39603725775463722 -0.65649598293490152 0.76158977107547587 -1.706129607030507 0.49503158683946069"
"mw","less",TRUE,FALSE,0.9,0.25,"3.0440290859712753e-05","-Inf","0.49997419904448426","0 -1 1.5 -1 1.5 1.5 -0 1 -0.5 -0 -2 1 0.5 -0.5 0.5 -0 -1 1 0.5 1.5 -0 -0.5 -0.5 2 -0.5 -1 0.5 0 2 2.5 0.5 -0 1.5 1 1 -1.5 0.5 1 1 0.5 1 1 2.5 -0.5 1 0.5 0 0.5 -0.5 0 -0.5 0 0.5 1.5 0.5 0.5 1.5 -1 -1 -0 0.5 0.5 -2 1 1 1.5 2 0.5 -1 1 0.5 2 -1 0.5 0 3 -1.5 1.5 1.5 -0 -0 -0 0.5 1 -0.5 -0.5 3 0 0.5 0.5 0 1 -1 1 2.5 -0.5 -0.5 1.5 0.5 1 -0 -1 0 0.5 0.5 0.5 0 1.5 -0 1.5 -0.5 1 1 0.5 -0.5 0.5 -1 0 -0 -1.5 1.5 -0.5 1 0.5 -0 1 0 -0.5 0 2.5 1.5 1 -0 -1 0.5 0.5 -1 2 2 -0 -0.5 1.5 -0 1.5 0.5 -0.5 -1 -0.5 0.5 1 0 1 -1 -1 1.5 -0.5 0 0.5 -0.5 -0.5 -1.5 2 -1.5 2 1 1 -1 -1 -0.5 0.5 2 -0.5 1 -1 -0.5 1 1 1 1.5 0 -1 1 -0.5 1.5 1 0 -0 2 -1.5 1.5 0.5 2 -1 1 -0.5 -0 -1 -1.5 -1 -1","0.5 -1 -1.5 0 0 0.5 1.5 0 1 1.5 -1 0.5 1 -0.5 -1 -0.5 1 -0.5 -0.5 -0 1.5 -0.5 -0 -0.5 1 -2 -0.5 1.5 -1.5 2.5 -1 0.5 0 -0 -0.5 0.5 0.5 0.5 1 1 0.5 -1 -0 -2.5 0.5 -0.5 1.5 -0 -1.5 -0.5 0.5 1.5 0 -0 1 2.5 -0.5 -0 -0.5 -1 2 -1.5 -1 0.5 -0.5 -1 2 2 1.5 -2 1 0.5 -0.5 0 1.5 -1 1.5 0 2 -2 -1 0.5 0.5 -1 2 -0.5 1 0.5 1.5 -0 0.5 0 1.5 0.5 -0.5 0.5 -0.5 -0.5 -0.5 -0 -0.5 1 -0.5 1 -0.5 2 0 -0.5 2 -0.5 -1 0.5 1 -0.5 -1 -0 -0.5 0.5 1.5 1 2 -1.5 1.5 -1.5 -0 1.5 -0 -0 0.5 0.5 -0.5 -0.5 1.5 -0 -1.5 0 0.5 -0.5 0.5 1 -1.5 0.5 1 -0.5 0.5 0.5 -0.5 1 -1.5 0.5"
"mw","less",FALSE,FALSE,0.95,0,"0.18378294348917545","-Inf","0.37416997073161451","0.15176565593580216 -0.81587714014697543 1.5219852933527607 -1.1872366048008156 1.440186922130994 1.4344046264712933 -0.17787761874814989 0.90243657666831456 -0.41265927141933345 -0.069928005801924209 -2.0646883725731713 1.0575452572030439 0.60521634395050949 -0.69842396618985803 0.65831914775013534 -0.23750714899603309 -0.91984837086180027 1.2436355741817424 0.54246616259858316 1.2813276427675184 -0.074289946405201868 -0.5898097481119674 -0.35678839859211819 2.0026019565576876 -0.31527247740524567 -0.96625600753147889 0.58043114513623428 0.16772989525566578 2.1550128380331768 2.3572336912611149 0.42374754836581635 -0.22247631092727072 1.536562021143915 1.2015203204687444 0.80030750655545801 -1.6447724294649992 0.37582980233104091 0.95475679926705881 0.77862620183553766 0.58878899444674782 0.92442886306465732 1.0403471033594029 2.2784819345790384 -0.27632679960222251 0.93245450781469419 0.53300751925899281 0.14895951552783532 0.26371019176756472 -0.2687729705161781 0.072588932150848606 -0.25172272891950576 0.092815561710464567 0.37174496804195206 1.3873195208095359 0.31876495366498259 0.35020138984697502 1.3397174335029554 -0.76608654418964239 -0.96230759893944662 -0.045786421639626651 0.29305173678347951 0.62271009217568651 -1.9188699635067663 1.1051599041930853 0.95998217070784742 1.4451213574989006 2.0311958211144385 0.28672182434840982 -1.0710037529250029 0.89252938659155212 0.49957664135118512 1.8555553175329749 -0.95638949447695343 0.56267567120368767 0.052349738602183282 3.0816650378696195 -1.4947677015303547 1.2523227676444202 1.7180100032555048 -0.1553634152699932 -0.072043999832206773 -0.061345671853053341 0.49205711364445204 0.97995715656269999 -0.38946255979607391 -0.41149288198623768 2.8574570197911289 0.24791213201615678 0.25497134613599071 0.56727961680998829 0.081253324118883641 0.79602833676240692 -1.188398067327022 1.1193826017118329 2.4741064810511526 -0.46914378918662636 -0.39118566270901123 1.5385814861910108 0.46269242085100126 1.1638515144688864 -0.11464487872722207 -0.93234089696679867 0.022661325898309992 0.74129964860916098 0.4329014553139281 0.34449587653124564 0.17967446443085369 1.5794865325166705 -0.063838458748155358 1.5415187882235286 -0.6808468705139622 0.89484454986854245 1.1809098074387432 0.34950818507647108 -0.6709254972397839 0.59689079910352971 -1.1407429101366162 0.1961142162671414 -0.099347198317170204 -1.4597799796250439 1.5737014028232257 -0.68348779299340012 0.91581183078459538 0.68083397127517209 -0.025253072732349446 0.83619172929020902 0.24627558130814878 -0.62009556293066559 0.22514623338281831 2.4486852167026707 1.3003406106211353 0.84543195530833581 -0.079781411355068665 -1.0897041075967033 0.7263308898648495 0.28210520831650676 -1.1790517404358547 1.9346618389636183 2.0547211712097835 -0.023105104188028247 -0.38560236722745334 1.4303711971827089 -0.23163669302823564 1.2832824802742957 0.59319409926276279 -0.55769067527197247 -1.105553459760678 -0.35990393782630226 0.47062450678508982 0.7674447143906542 0.12364839291802587 0.98884655065526827 -0.97972823849628543 -0.78508636749768235 1.3363354045308831 -0.73842655301803217 0.048310778191033465 0.36823424010520905 -0.64769435444872692 -0.56143426753982961 -1.2722940511265901 2.020004341064003 -1.6367847854009416 2.0426358904692798 1.2182006699190577 0.93459038197628552 -0.83788479332314381 -0.94044515479180391 -0.27505699081638957 0.59787093382415279 1.9786654959558714 -0.35961592196652326 1.149036490714014 -0.87339440654615419 -0.66575665883683721 1.0158199580700429 0.99819045725489597 1.0806506409988341 1.3714880944082855 0.074627865879831723 -0.79904935347886441 1.1884645121780713 -0.26415375811360886 1.3974135168500226 0.92964197358719414 0.19111330777426425 -0.073997218275973886 2.0334522415592327 -1.5686526530843459 1.7345481226092621 0.40082922333884297 1.9465749753356429 -0.89000389336897523 0.99427137850748382 -0.28766152899090391 -0.024852788183777563 -1.032800310200753 -1.280708296972211 -1.0782167889397258 -1.1258488774611073","0.5280281913685545 -0.86879181540111838 -1.3501892014500043 0.18731268377309379 0.18252731969773162 0.59179128785449053 1.7405968644785568 0.075323664379842781 1.137247825523374 1.713779668173476 -1.0138783520767207 0.74527900399056846 0.85727047952994695 -0.58089328908522087 -1.1161206762544122 -0.25716719779487524 1.2121347539493426 -0.3917152950335166 -0.32865607894665766 -0.1046395237117335 1.3955508404564672 -0.50959188812061917 -0.047990970940885183 -0.32901376856524867 0.89632072084905834 -2.0711996989565633 -0.66794140147329872 1.2798091979071227 -1.6061499124501735 2.4477123864701911 -0.85149751812111996 0.71559957040763933 0.14539352359753363 -0.20363770625575275 -0.34170556760552379 0.65213642626414858 0.64671069928131664 0.50112658438724533 0.89182793203585964 1.0149545591139926 0.4461297164193968 -0.99554037481269908 -0.1826471007773828 -2.426105550138093 0.25817623729853889 -0.6110720588178572 1.5341867898271879 -0.24634972495352825 -1.3995403878237798 -0.7229002033902574 0.59056316173702172 1.3756349320152144 0.04908935746000765 -0.10084736307611299 1.2351713294332078 2.3497812262281332 -0.54584967065912859 -0.15975658441843796 -0.35741853557929448 -0.84230252724748378 1.9741218660875499 -1.589596146623012 -0.78379563010460551 0.36778719867605075 -0.3062116599681502 -1.0606275275704864 2.2307396538449544 1.9615279320713266 1.2604927010997669 -1.9888706891121637 1.2288700649189048 0.54849797059378214 -0.47780617619302712 0.0034678150887364084 1.4143633081453504 -0.92277851134211597 1.6649141262393958 0.14307240483183842 2.1030024536751775 -1.9775004709612214 -0.8850305385356243 0.31285546477922754 0.35668402377812608 -0.8887977207392358 2.1407794942651859 -0.41292588886468135 1.2487374474387531 0.31976804530986963 1.3177256870574012 -0.04170318461085884 0.39538920563496227 0.019465030432956647 1.5935094910891738 0.29801225824634769 -0.47056258509263976 0.306565617364225 -0.37090200799380985 -0.27775580999841981 -0.44737389083788759 -0.2365368249573862 -0.28768069553516024 0.91875218449189877 -0.3433489324478583 1.0419455756893057 -0.34865075648164406 1.7570537569710112 0.099472762372203302 -0.56447253629890504 2.1753920752443134 -0.52443264958207314 -0.81411813475572303 0.72314312397229885 0.86925299489569441 -0.58430466338305953 -0.81346365613262739 -0.075089821032290283 -0.61370074606277347 0.32545234719583044 1.6121168856426304 0.86721271534509026 1.9793188618991595 -1.5637018125664972 1.5376458581539894 -1.5471792937673721 -0.21739439408678884 1.5251679758631835 -0.15397032563704424 -0.20758965511740257 0.56232771629315037 0.64463173474878877 -0.46106896971849615 -0.59069094726250992 1.726188753060476 -0.2111941301186108 -1.5096655052102259 0.11796644013320999 0.6404650359528955 -0.39098148463960203 0.33260038648207518 0.82143577151760416 -1.7170314287443149 0.27579507919714669 1.0513356741245019 -0.49439440975852572 0.40338905827705135 0.39603725775463722 -0.65649598293490152 0.76158977107547587 -1.706129607030507 0.49503158683946069"
"mw","less",FALSE,FALSE,0.9,0.25,"3.0440290859712753e-05","-Inf","0.49997048571775998","0 -1 1.5 -1 1.5 1.5 -0 1 -0.5 -0 -2 1 0.5 -0.5 0.5 -0 -1 1 0.5 1.5 -0 -0.5 -0.5 2 -0.5 -1 0.5 0 2 2.5 0.5 -0 1.5 1 1 -1.5 0.5 1 1 0.5 1 1 2.5 -0.5 1 0.5 0 0.5 -0.5 0 -0.5 0 0.5 1.5 0.5 0.5 1.5 -1 -1 -0 0.5 0.5 -2 1 1 1.5 2 0.5 -1 1 0.5 2 -1 0.5 0 3 -1.5 1.5 1.5 -0 -0 -0 0.5 1 -0.5 -0.5 3 0 0.5 0.5 0 1 -1 1 2.5 -0.5 -0.5 1.5 0.5 1 -0 -1 0 0.5 0.5 0.5 0 1.5 -0 1.5 -0.5 1 1 0.5 -0.5 0.5 -1 0 -0 -1.5 1.5 -0.5 1 0.5 -0 1 0 -0.5 0 2.5 1.5 1 -0 -1 0.5 0.5 -1 2 2 -0 -0.5 1.5 -0 1.5 0.5 -0.5 -1 -0.5 0.5 1 0 1 -1 -1 1.5 -0.5 0 0.5 -0.5 -0.5 -1.5 2 -1.5 2 1 1 -1 -1 -0.5 0.5 2 -0.5 1 -1 -0.5 1 1 1 1.5 0 -1 1 -0.5 1.5 1 0 -0 2 -1.5 1.5 0.5 2 -1 1 -0.5 -0 -1 -1.5 -1 -1","0.5 -1 -1.5 0 0 0.5 1.5 0 1 1.5 -1 0.5 1 -0.5 -1 -0.5 1 -0.5 -0.5 -0 1.5 -0.5 -0 -0.5 1 -2 -0.5 1.5 -1.5 2.5 -1 0.5 0 -0 -0.5 0.5 0.5 0.5 1 1 0.5 -1 -0 -2.5 0.5 -0.5 1.5 -0 -1.5 -0.5 0.5 1.5 0 -0 1 2.5 -0.5 -0 -0.5 -1 2 -1.5 -1 0.5 -0.5 -1 2 2 1.5 -2 1 0.5 -0.5 0 1.5 -1 1.5 0 2 -2 -1 0.5 0.5 -1 2 -0.5 1 0.5 1.5 -0 0.5 0 1.5 0.5 -0.5 0.5 -0.5 -0.5 -0.5 -0 -0.5 1 -0.5 1 -0.5 2 0 -0.5 2 -0.5 -1 0.5 1 -0.5 -1 -0 -0.5 0.5 1.5 1 2 -1.5 1.5 -1.5 -0 1.5 -0 -0 0.5 0.5 -0.5 -0.5 1.5 -0 -1.5 0 0.5 -0.5 0.5 1 -1.5 0.5 1 -0.5 0.5 0.5 -0.5 1 -1.5 0.5"
"mw","greater",TRUE,FALSE,0.95,0,"0.18378294348917545","-0.014886815192991501","Inf","0.15176565593580216 -0.81587714014697543 1.5219852933527607 -1.1872366048008156 1.440186922130994 1.4344046264712933 -0.17787761874814989 0.90243657666831456 -0.41265927141933345 -0.069928005801924209 -2.0646883725731713 1.0575452572030439 0.60521634395050949 -0.69842396618985803 0.65831914775013534 -0.23750714899603309 -0.91984837086180027 1.2436355741817424 0.54246616259858316 1.2813276427675184 -0.074289946405201868 -0.5898097481119674 -0.35678839859211819 2.0026019565576876 -0.31527247740524567 -0.96625600753147889 0.58043114513623428 0.16772989525566578 2.1550128380331768 2.3572336912611149 0.42374754836581635 -0.22247631092727072 1.536562021143915 1.2015203204687444 0.80030750655545801 -1.6447724294649992 0.37582980233104091 0.95475679926705881 0.77862620183553766 0.58878899444674782 0.92442886306465732 1.0403471033594029 2.2784819345790384 -0.27632679960222251 0.93245450781469419 0.53300751925899281 0.14895951552783532 0.26371019176756472 -0.2687729705161781 0.072588932150848606 -0.25172272891950576 0.092815561710464567 0.37174496804195206 1.3873195208095359 0.31876495366498259 0.35020138984697502 1.3397174335029554 -0.76608654418964239 -0.96230759893944662 -0.045786421639626651 0.29305173678347951 0.62271009217568651 -1.9188699635067663 1.1051599041930853 0.95998217070784742 1.4451213574989006 2.0311958211144385 0.28672182434840982 -1.0710037529250029 0.89252938659155212 0.49957664135118512 1.8555553175329749 -0.95638949447695343 0.56267567120368767 0.052349738602183282 3.0816650378696195 -1.4947677015303547 1.2523227676444202 1.7180100032555048 -0.1553634152699932 -0.072043999832206773 -0.061345671853053341 0.49205711364445204 0.97995715656269999 -0.38946255979607391 -0.41149288198623768 2.8574570197911289 0.24791213201615678 0.25497134613599071 0.56727961680998829 0.081253324118883641 0.79602833676240692 -1.188398067327022 1.1193826017118329 2.4741064810511526 -0.46914378918662636 -0.39118566270901123 1.5385814861910108 0.46269242085100126 1.1638515144688864 -0.11464487872722207 -0.93234089696679867 0.022661325898309992 0.74129964860916098 0.4329014553139281 0.34449587653124564 0.17967446443085369 1.5794865325166705 -0.063838458748155358 1.5415187882235286 -0.6808468705139622 0.89484454986854245 1.1809098074387432 0.34950818507647108 -0.6709254972397839 0.59689079910352971 -1.1407429101366162 0.1961142162671414 -0.099347198317170204 -1.4597799796250439 1.5737014028232257 -0.68348779299340012 0.91581183078459538 0.68083397127517209 -0.025253072732349446 0.83619172929020902 0.24627558130814878 -0.62009556293066559 0.22514623338281831 2.4486852167026707 1.3003406106211353 0.84543195530833581 -0.079781411355068665 -1.0897041075967033 0.7263308898648495 0.28210520831650676 -1.1790517404358547 1.9346618389636183 2.0547211712097835 -0.023105104188028247 -0.38560236722745334 1.4303711971827089 -0.23163669302823564 1.2832824802742957 0.59319409926276279 -0.55769067527197247 -1.105553459760678 -0.35990393782630226 0.47062450678508982 0.7674447143906542 0.12364839291802587 0.98884655065526827 -0.97972823849628543 -0.78508636749768235 1.3363354045308831 -0.73842655301803217 0.048310778191033465 0.36823424010520905 -0.64769435444872692 -0.56143426753982961 -1.2722940511265901 2.020004341064003 -1.6367847854009416 2.0426358904692798 1.2182006699190577 0.93459038197628552 -0.83788479332314381 -0.94044515479180391 -0.27505699081638957 0.59787093382415279 1.9786654959558714 -0.35961592196652326 1.149036490714014 -0.87339440654615419 -0.66575665883683721 1.0158199580700429 0.99819045725489597 1.0806506409988341 1.3714880944082855 0.074627865879831723 -0.79904935347886441 1.1884645121780713 -0.26415375811360886 1.3974135168500226 0.92964197358719414 0.19111330777426425 -0.073997218275973886 2.0334522415592327 -1.5686526530843459 1.7345481226092621 0.40082922333884297 1.9465749753356429 -0.89000389336897523 0.99427137850748382 -0.28766152899090391 -0.024852788183777563 -1.032800310200753 -1.280708296972211 -1.0782167889397258 -1.1258488774611073","0.5280281913685545 -0.86879181540111838 -1.3501892014500043 0.18731268377309379 0.18252731969773162 0.59179128785449053 1.7405968644785568 0.075323664379842781 1.137247825523374 1.713779668173476 -1.0138783520767207 0.74527900399056846 0.85727047952994695 -0.58089328908522087 -1.1161206762544122 -0.25716719779487524 1.2121347539493426 -0.3917152950335166 -0.32865607894665766 -0.1046395237117335 1.3955508404564672 -0.50959188812061917 -0.047990970940885183 -0.32901376856524867 0.89632072084905834 -2.0711996989565633 -0.66794140147329872 1.2798091979071227 -1.6061499124501735 2.4477123864701911 -0.85149751812111996 0.71559957040763933 0.14539352359753363 -0.20363770625575275 -0.34170556760552379 0.65213642626414858 0.64671069928131664 0.50112658438724533 0.89182793203585964 1.0149545591139926 0.4461297164193968 -0.99554037481269908 -0.1826471007773828 -2.426105550138093 0.25817623729853889 -0.6110720588178572 1.5341867898271879 -0.24634972495352825 -1.3995403878237798 -0.7229002033902574 0.59056316173702172 1.3756349320152144 0.04908935746000765 -0.10084736307611299 1.2351713294332078 2.3497812262281332 -0.54584967065912859 -0.15975658441843796 -0.35741853557929448 -0.84230252724748378 1.9741218660875499 -1.589596146623012 -0.78379563010460551 0.36778719867605075 -0.3062116599681502 -1.0606275275704864 2.2307396538449544 1.9615279320713266 1.2604927010997669 -1.9888706891121637 1.2288700649189048 0.54849797059378214 -0.47780617619302712 0.0034678150887364084 1.4143633081453504 -0.92277851134211597 1.6649141262393958 0.14307240483183842 2.1030024536751775 -1.9775004709612214 -0.8850305385356243 0.31285546477922754 0.35668402377812608 -0.8887977207392358 2.1407794942651859 -0.41292588886468135 1.2487374474387531 0.31976804530986963 1.3177256870574012 -0.04170318461085884 0.39538920563496227 0.019465030432956647 1.5935094910891738 0.29801225824634769 -0.47056258509263976 0.306565617364225 -0.37090200799380985 -0.27775580999841981 -0.44737389083788759 -0.2365368249573862 -0.28768069553516024 0.91875218449189877 -0.3433489324478583 1.0419455756893057 -0.34865075648164406 1.7570537569710112 0.099472762372203302 -0.56447253629890504 2.1753920752443134 -0.52443264958207314 -0.81411813475572303 0.72314312397229885 0.86925299489569441 -0.58430466338305953 -0.81346365613262739 -0.075089821032290283 -0.61370074606277347 0.32545234719583044 1.6121168856426304 0.86721271534509026 1.9793188618991595 -1.5637018125664972 1.5376458581539894 -1.5471792937673721 -0.21739439408678884 1.5251679758631835 -0.15397032563704424 -0.20758965511740257 0.56232771629315037 0.64463173474878877 -0.46106896971849615 -0.59069094726250992 1.726188753060476 -0.2111941301186108 -1.5096655052102259 0.11796644013320999 0.6404650359528955 -0.39098148463960203 0.33260038648207518 0.82143577151760416 -1.7170314287443149 0.27579507919714669 1.0513356741245019 -0.49439440975852572 0.40338905827705135 0.39603725775463722 -0.65649598293490152 0.76158977107547587 -1.706129607030507 0.49503158683946069"
"mw","greater",TRUE,FALSE,0.9,0.25,"3.0440290859712753e-05","6.5576276259268781e-05","Inf","0 -1 1.5 -1 1.5 1.5 -0 1 -0.5 -0 -2 1 0.5 -0.5 0.5 -0 -1 1 0.5 1.5 -0 -0.5 -0.5 2 -0.5 -1 0.5 0 2 2.5 0.5 -0 1.5 1 1 -1.5 0.5 1 1 0.5 1 1 2.5 -0.5 1 0.5 0 0.5 -0.5 0 -0.5 0 0.5 1.5 0.5 0.5 1.5 -1 -1 -0 0.5 0.5 -2 1 1 1.5 2 0.5 -1 1 0.5 2 -1 0.5 0 3 -1.5 1.5 1.5 -0 -0 -0 0.5 1 -0.5 -0.5 3 0 0.5 0.5 0 1 -1 1 2.5 -0.5 -0.5 1.5 0.5 1 -0 -1 0 0.5 0.5 0.5 0 1.5 -0 1.5 -0.5 1 1 0.5 -0.5 0.5 -1 0 -0 -1.5 1.5 -0.5 1 0.5 -0 1 0 -0.5 0 2.5 1.5 1 -0 -1 0.5 0.5 -1 2 2 -0 -0.5 1.5 -0 1.5 0.5 -0.5 -1 -0.5 0.5 1 0 1 -1 -1 1.5 -0.5 0 0.5 -0.5 -0.5 -1.5 2 -1.5 2 1 1 -1 -1 -0.5 0.5 2 -0.5 1 -1 -0.5 1 1 1 1.5 0 -1 1 -0.5 1.5 1 0 -0 2 -1.5 1.5 0.5 2 -1 1 -0.5 -0 -1 -1.5 -1 -1","0.5 -1 -1.5 0 0 0.5 1.5 0 1 1.5 -1 0.5 1 -0.5 -1 -0.5 1 -0.5 -0.5 -0 1.5 -0.5 -0 -0.5 1 -2 -0.5 1.5 -1.5 2.5 -1 0.5 0 -0 -0.5 0.5 0.5 0.5 1 1 0.5 -1 -0 -2.5 0.5 -0.5 1.5 -0 -1.5 -0.5 0.5 1.5 0 -0 1 2.5 -0.5 -0 -0.5 -1 2 -1.5 -1 0.5 -0.5 -1 2 2 1.5 -2 1 0.5 -0.5 0 1.5 -1 1.5 0 2 -2 -1 0.5 0.5 -1 2 -0.5 1 0.5 1.5 -0 0.5 0 1.5 0.5 -0.5 0.5 -0.5 -0.5 -0.5 -0 -0.5 1 -0.5 1 -0.5 2 0 -0.5 2 -0.5 -1 0.5 1 -0.5 -1 -0 -0.5 0.5 1.5 1 2 -1.5 1.5 -1.5 -0 1.5 -0 -0 0.5 0.5 -0.5 -0.5 1.5 -0 -1.5 0 0.5 -0.5 0.5 1 -1.5 0.5 1 -0.5 0.5 0.5 -0.5 1 -1.5 0.5"
"mw","greater",FALSE,FALSE,0.95,0,"0.18378294348917545","-0.014901289375191525","Inf","0.15176565593580216 -0.81587714014697543 1.5219852933527607 -1.1872366048008156 1.440186922130994 1.4344046264712933 -0.17787761874814989 0.90243657666831456 -0.41265927141933345 -0.069928005801924209 -2.0646883725731713 1.0575452572030439 0.60521634395050949 -0.69842396618985803 0.65831914775013534 -0.23750714899603309 -0.91984837086180027 1.2436355741817424 0.54246616259858316 1.2813276427675184 -0.074289946405201868 -0.5898097481119674 -0.35678839859211819 2.0026019565576876 -0.31527247740524567 -0.96625600753147889 0.58043114513623428 0.16772989525566578 2.1550128380331768 2.3572336912611149 0.42374754836581635 -0.22247631092727072 1.536562021143915 1.2015203204687444 0.80030750655545801 -1.6447724294649992 0.37582980233104091 0.95475679926705881 0.77862620183553766 0.58878899444674782 0.92442886306465732 1.0403471033594029 2.2784819345790384 -0.27632679960222251 0.93245450781469419 0.53300751925899281 0.14895951552783532 0.26371019176756472 -0.2687729705161781 0.072588932150848606 -0.25172272891950576 0.092815561710464567 0.37174496804195206 1.3873195208095359 0.31876495366498259 0.35020138984697502 1.3397174335029554 -0.76608654418964239 -0.96230759893944662 -0.045786421639626651 0.29305173678347951 0.62271009217568651 -1.9188699635067663 1.1051599041930853 0.95998217070784742 1.4451213574989006 2.0311958211144385 0.28672182434840982 -1.0710037529250029 0.89252938659155212 0.49957664135118512 1.8555553175329749 -0.95638949447695343 0.56267567120368767 0.052349738602183282 3.0816650378696195 -1.4947677015303547 1.2523227676444202 1.7180100032555048 -0.1553634152699932 -0.072043999832206773 -0.061345671853053341 0.49205711364445204 0.97995715656269999 -0.38946255979607391 -0.41149288198623768 2.8574570197911289 0.24791213201615678 0.25497134613599071 0.56727961680998829 0.081253324118883641 0.79602833676240692 -1.188398067327022 1.1193826017118329 2.4741064810511526 -0.46914378918662636 -0.39118566270901123 1.5385814861910108 0.46269242085100126 1.1638515144688864 -0.11464487872722207 -0.93234089696679867 0.022661325898309992 0.74129964860916098 0.4329014553139281 0.34449587653124564 0.17967446443085369 1.5794865325166705 -0.063838458748155358 1.5415187882235286 -0.6808468705139622 0.89484454986854245 1.1809098074387432 0.34950818507647108 -0.6709254972397839 0.59689079910352971 -1.1407429101366162 0.1961142162671414 -0.099347198317170204 -1.4597799796250439 1.5737014028232257 -0.68348779299340012 0.91581183078459538 0.68083397127517209 -0.025253072732349446 0.83619172929020902 0.24627558130814878 -0.62009556293066559 0.22514623338281831 2.4486852167026707 1.3003406106211353 0.84543195530833581 -0.079781411355068665 -1.0897041075967033 0.7263308898648495 0.28210520831650676 -1.1790517404358547 1.9346618389636183 2.0547211712097835 -0.023105104188028247 -0.38560236722745334 1.4303711971827089 -0.23163669302823564 1.2832824802742957 0.59319409926276279 -0.55769067527197247 -1.105553459760678 -0.35990393782630226 0.47062450678508982 0.7674447143906542 0.12364839291802587 0.98884655065526827 -0.97972823849628543 -0.78508636749768235 1.3363354045308831 -0.73842655301803217 0.048310778191033465 0.36823424010520905 -0.64769435444872692 -0.56143426753982961 -1.2722940511265901 2.020004341064003 -1.6367847854009416 2.0426358904692798 1.2182006699190577 0.93459038197628552 -0.83788479332314381 -0.94044515479180391 -0.27505699081638957 0.59787093382415279 1.9786654959558714 -0.35961592196652326 1.149036490714014 -0.87339440654615419 -0.66575665883683721 1.0158199580700429 0.99819045725489597 1.0806506409988341 1.3714880944082855 0.074627865879831723 -0.79904935347886441 1.1884645121780713 -0.26415375811360886 1.3974135168500226 0.92964197358719414 0.19111330777426425 -0.073997218275973886 2.0334522415592327 -1.5686526530843459 1.7345481226092621 0.40082922333884297 1.9465749753356429 -0.89000389336897523 0.99427137850748382 -0.28766152899090391 -0.024852788183777563 -1.032800310200753 -1.280708296972211 -1.0782167889397258 -1.1258488774611073","0.5280281913685545 -0.86879181540111838 -1.3501892014500043 0.18731268377309379 0.18252731969773162 0.59179128785449053 1.7405968644785568 0.075323664379842781 1.137247825523374 1.713779668173476 -1.0138783520767207 0.74527900399056846 0.85727047952994695 -0.58089328908522087 -1.1161206762544122 -0.25716719779487524 1.2121347539493426 -0.3917152950335166 -0.32865607894665766 -0.1046395237117335 1.3955508404564672 -0.50959188812061917 -0.047990970940885183 -0.32901376856524867 0.89632072084905834 -2.0711996989565633 -0.66794140147329872 1.2798091979071227 -1.6061499124501735 2.4477123864701911 -0.85149751812111996 0.71559957040763933 0.14539352359753363 -0.20363770625575275 -0.34170556760552379 0.65213642626414858 0.64671069928131664 0.50112658438724533 0.89182793203585964 1.0149545591139926 0.4461297164193968 -0.99554037481269908 -0.1826471007773828 -2.426105550138093 0.25817623729853889 -0.6110720588178572 1.5341867898271879 -0.24634972495352825 -1.3995403878237798 -0.7229002033902574 0.59056316173702172 1.3756349320152144 0.04908935746000765 -0.10084736307611299 1.2351713294332078 2.3497812262281332 -0.54584967065912859 -0.15975658441843796 -0.35741853557929448 -0.84230252724748378 1.9741218660875499 -1.589596146623012 -0.78379563010460551 0.36778719867605075 -0.3062116599681502 -1.0606275275704864 2.2307396538449544 1.9615279320713266 1.2604927010997669 -1.9888706891121637 1.2288700649189048 0.54849797059378214 -0.47780617619302712 0.0034678150887364084 1.4143633081453504 -0.92277851134211597 1.6649141262393958 0.14307240483183842 2.1030024536751775 -1.9775004709612214 -0.8850305385356243 0.31285546477922754 0.35668402377812608 -0.8887977207392358 2.1407794942651859 -0.41292588886468135 1.2487374474387531 0.31976804530986963 1.3177256870574012 -0.04170318461085884 0.39538920563496227 0.019465030432956647 1.5935094910891738 0.29801225824634769 -0.47056258509263976 0.306565617364225 -0.37090200799380985 -0.27775580999841981 -0.44737389083788759 -0.2365368249573862 -0.28768069553516024 0.91875218449189877 -0.3433489324478583 1.0419455756893057 -0.34865075648164406 1.7570537569710112 0.099472762372203302 -0.56447253629890504 2.1753920752443134 -0.52443264958207314 -0.81411813475572303 0.72314312397229885 0.86925299489569441 -0.58430466338305953 -0.81346365613262739 -0.075089821032290283 -0.61370074606277347 0.32545234719583044 1.6121168856426304 0.86721271534509026 1.9793188618991595 -1.5637018125664972 1.5376458581539894 -1.5471792937673721 -0.21739439408678884 1.5251679758631835 -0.15397032563704424 -0.20758965511740257 0.56232771629315037 0.64463173474878877 -0.46106896971849615 -0.59069094726250992 1.726188753060476 -0.2111941301186108 -1.5096655052102259 0.11796644013320999 0.6404650359528955 -0.39098148463960203 0.33260038648207518 0.82143577151760416 -1.7170314287443149 0.27579507919714669 1.0513356741245019 -0.49439440975852572 0.40338905827705135 0.39603725775463722 -0.65649598293490152 0.76158977107547587 -1.706129607030507 0.49503158683946069"
"mw","greater",FALSE,FALSE,0.9,0.25,"3.0440290859712753e-05","5.4795821617902003e-05","Inf","0 -1 1.5 -1 1.5 1.5 -0 1 -0.5 -0 -2 1 0.5 -0.5 0.5 -0 -1 1 0.5 1.5 -0 -0.5 -0.5 2 -0.5 -1 0.5 0 2 2.5 0.5 -0 1.5 1 1 -1.5 0.5 1 1 0.5 1 1 2.5 -0.5 1 0.5 0 0.5 -0.5 0 -0.5 0 0.5 1.5 0.5 0.5 1.5 -1 -1 -0 0.5 0.5 -2 1 1 1.5 2 0.5 -1 1 0.5 2 -1 0.5 0 3 -1.5 1.5 1.5 -0 -0 -0 0.5 1 -0.5 -0.5 3 0 0.5 0.5 0 1 -1 1 2.5 -0.5 -0.5 1.5 0.5 1 -0 -1 0 0.5 0.5 0.5 0 1.5 -0 1.5 -0.5 1 1 0.5 -0.5 0.5 -1 0 -0 -1.5 1.5 -0.5 1 0.5 -0 1 0 -0.5 0 2.5 1.5 1 -0 -1 0.5 0.5 -1 2 2 -0 -0.5 1.5 -0 1.5 0.5 -0.5 -1 -0.5 0.5 1 0 1 -1 -1 1.5 -0.5 0 0.5 -0.5 -0.5 -1.5 2 -1.5 2 1 1 -1 -1 -0.5 0.5 2 -0.5 1 -1 -0.5 1 1 1 1.5 0 -1 1 -0.5 1.5 1 0 -0 2 -1.5 1.5 0.5 2 -1 1 -0.5 -0 -1 -1.5 -1 -1","0.5 -1 -1.5 0 0 0.5 1.5 0 1 1.5 -1 0.5 1 -0.5 -1 -0.5 1 -0.5 -0.5 -0 1.5 -0.5 -0 -0.5 1 -2 -0.5 1.5 -1.5 2.5 -1 0.5 0 -0 -0.5 0.5 0.5 0.5 1 1 0.5 -1 -0 -2.5 0.5 -0.5 1.5 -0 -1.5 -0.5 0.5 1.5 0 -0 1 2.5 -0.5 -0 -0.5 -1 2 -1.5 -1 0.5 -0.5 -1 2 2 1.5 -2 1 0.5 -0.5 0 1.5 -1 1.5 0 2 -2 -1 0.5 0.5 -1 2 -0.5 1 0.5 1.5 -0 0.5 0 1.5 0.5 -0.5 0.5 -0.5 -0.5 -0.5 -0 -0.5 1 -0.5 1 -0.5 2 0 -0.5 2 -0.5 -1 0.5 1 -0.5 -1 -0 -0.5 0.5 1.5 1 2 -1.5 1.5 -1.5 -0 1.5 -0 -0 0.5 0.5 -0.5 -0.5 1.5 -0 -1.5 0 0.5 -0.5 0.5 1 -1.5 0.5 1 -0.5 0.5 0.5 -0.5 1 -1.5 0.5"
"mw","two.sided",FALSE,TRUE,0.95,0,"0.62970166622542045","-0.45909790647167115","1.949215220566892","1.1465578881174077 1.8142992611807638 -0.59112493263659682 -1.2311388331007354 1.1391195860641892 1.277111039173926 0.19981414243140094 -1.1392161829741547 0.79100297945580444 0.57657535971329543","0.65891204890307209 0.63590669699393898 -0.079139508144849616 -1.6641283403542078 -0.81009563450270294 -0.47547176368010302 -1.8108170108603663 1.3976468255197219"
"mw","two.sided",FALSE,TRUE,0.8,0,"0.62970166622542045","-0.1156531689564938","1.3866709942159985","1.1465578881174077 1.8142992611807638 -0.59112493263659682 -1.2311388331007354 1.1391195860641892 1.277111039173926 0.19981414243140094 -1.1392161829741547 0.79100297945580444 0.57657535971329543","0.65891204890307209 0.63590669699393898 -0.079139508144849616 -1.6641283403542078 -0.81009563450270294 -0.47547176368010302 -1.8108170108603663 1.3976468255197219"
"mw","less",FALSE,TRUE,0.95,0,"0.62970166622542045","-Inf","1.7525828028540289","1.1465578881174077 1.8142992611807638 -0.59112493263659682 -1.2311388331007354 1.1391195860641892 1.277111039173926 0.19981414243140094 -1.1392161829741547 0.79100297945580444 0.57657535971329543","0.65891204890307209 0.63590669699393898 -0.079139508144849616 -1.6641283403542078 -0.81009563450270294 -0.47547176368010302 -1.8108170108603663 1.3976468255197219"
"mw","less",FALSE,TRUE,0.8,0,"0.62970166622542045","-Inf","1.2182590942090388","1.1465578881174077 1.8142992611807638 -0.59112493263659682 -1.2311388331007354 1.1391195860641892 1.277111039173926 0.19981414243140094 -1.1392161829741547 0.79100297945580444 0.57657535971329543","0.65891204890307209 0.63590669699393898 -0.079139508144849616 -1.6641283403542078 -0.81009563450270294 -0.47547176368010302 -1.8108170108603663 1.3976468255197219"
"mw","greater",FALSE,TRUE,0.95,0,"0.62970166622542045","-0.32912054847145178","Inf","1.1465578881174077 1.8142992611807638 -0.59112493263659682 -1.2311388331007354 1.1391195860641892 1.277111039173926 0.19981414243140094 -1.1392161829741547 0.79100297945580444 0.57657535971329543","0.65891204890307209 0.63590669699393898 -0.079139508144849616 -1.6641283403542078 -0.81009563450270294 -0.47547176368010302 -1.8108170108603663 1.3976468255197219"
"mw","greater",FALSE,TRUE,0.8,0,"0.62970166622542045","0.21897070186610612","Inf","1.1465578881174077 1.8142992611807638 -0.59112493263659682 -1.2311388331007354 1.1391195860641892 1.277111039173926 0.19981414243140094 -1.1392161829741547 0.79100297945580444 0.57657535971329543","0.65891204890307209 0.63590669699393898 -0.079139508144849616 -1.6641283403542078 -0.81009563450270294 -0.47547176368010302 -1.8108170108603663 1.3976468255197219"
"mw","two.sided",FALSE,TRUE,0.95,0,"0.65842622710494902","-0.1372978670518942","1.2912666875320495","0.78652219173193649 0.68087560813301218 1.3125564910019636 1.9423526694997624 1.2647325991327971 -0.101210406028577 1.0451395566048893 2.4780913903812474 1.1355589278873741 -0.28812480674938945 1.4899571129584779 1.4734771444485548 0.10924010454108346 -0.20453847380033385 -0.64856605726571837 1.568909658459094 0.46990252779239916 1.5428604797772634 -1.2398592758758236 2.3122960708743729","0.021289803469914045 -0.47764037005168325 0.049485608064464379 2.1144683448075265 0.26952214210545539 -0.4151820655044407 2.1684812458153355 0.37907203374779874 -0.023575464433770128 0.66777828122463057 1.7543848711170826 1.8525044126390999 0.0025769718507588526 0.91719822658013805 0.43023237959794147 -0.24572996928680046 -0.6582263335561187 0.28895405341970792 -1.3058327068125182 -0.94381272668665728 -1.8755263483760687 -0.15082693969749525 2.191405034904546 -0.68724329250736271 0.82655006723651081"
"mw","two.sided",FALSE,TRUE,0.8,0,"0.65842622710494902","0.1978277260668464","1.1142691244174601","0.78652219173193649 0.68087560813301218 1.3125564910019636 1.9423526694997624 1.2647325991327971 -0.101210406028577 1.0451395566048893 2.4780913903812474 1.1355589278873741 -0.28812480674938945 1.4899571129584779 1.4734771444485548 0.10924010454108346 -0.20453847380033385 -0.64856605726571837 1.568909658459094 0.46990252779239916 1.5428604797772634 -1.2398592758758236 2.3122960708743729","0.021289803469914045 -0.47764037005168325 0.049485608064464379 2.1144683448075265 0.26952214210545539 -0.4151820655044407 2.1684812458153355 0.37907203374779874 -0.023575464433770128 0.66777828122463057 1.7543848711170826 1.8525044126390999 0.0025769718507588526 0.91719822658013805 0.43023237959794147 -0.24572996928680046 -0.6582263335561187 0.28895405341970792 -1.3058327068125182 -0.94381272668665728 -1.8755263483760687 -0.15082693969749525 2.191405034904546 -0.68724329250736271 0.82655006723651081"
"mw","less",FALSE,TRUE,0.95,0,"0.65842622710494902","-Inf","1.2152469910683328","0.78652219173193649 0.68087560813301218 1.3125564910019636 1.9423526694997624 1.2647325991327971 -0.101210406028577 1.0451395566048893 2.4780913903812474 1.1355589278873741 -0.28812480674938945 1.4899571129584779 1.4734771444485548 0.10924010454108346 -0.20453847380033385 -0.64856605726571837 1.568909658459094 0.46990252779239916 1.5428604797772634 -1.2398592758758236 2.3122960708743729","0.021289803469914045 -0.47764037005168325 0.049485608064464379 2.1144683448075265 0.26952214210545539 -0.4151820655044407 2.1684812458153355 0.37907203374779874 -0.023575464433770128 0.66777828122463057 1.7543848711170826 1.8525044126390999 0.0025769718507588526 0.91719822658013805 0.43023237959794147 -0.24572996928680046 -0.6582263335561187 0.28895405341970792 -1.3058327068125182 -0.94381272668665728 -1.8755263483760687 -0.15082693969749525 2.191405034904546 -0.68724329250736271 0.82655006723651081"
"mw","less",FALSE,TRUE,0.8,0,"0.65842622710494902","-Inf","0.99521045702734168","0.78652219173193649 0.68087560813301218 1.3125564910019636 1.9423526694997624 1.2647325991327971 -0.101210406028577 1.0451395566048893 2.4780913903812474 1.1355589278873741 -0.28812480674938945 1.4899571129584779 1.4734771444485548 0.10924010454108346 -0.20453847380033385 -0.64856605726571837 1.568909658459094 0.46990252779239916 1.5428604797772634 -1.2398592758758236 2.3122960708743729","0.021289803469914045 -0.47764037005168325 0.049485608064464379 2.1144683448075265 0.26952214210545539 -0.4151820655044407 2.1684812458153355 0.37907203374779874 -0.023575464433770128 0.66777828122463057 1.7543848711170826 1.8525044126390999 0.0025769718507588526 0.91719822658013805 0.43023237959794147 -0.24572996928680046 -0.6582263335561187 0.28895405341970792 -1.3058327068125182 -0.94381272668665728 -1.8755263483760687 -0.15082693969749525 2.191405034904546 -0.68724329250736271 0.82655006723651081"
"mw","greater",FALSE,TRUE,0.95,0,"0.65842622710494902","0.059754496476619082","Inf","0.78652219173193649 0.68087560813301218 1.3125564910019636 1.9423526694997624 1.2647325991327971 -0.101210406028577 1.0451395566048893 2.4780913903812474 1.1355589278873741 -0.28812480674938945 1.4899571129584779 1.4734771444485548 0.10924010454108346 -0.20453847380033385 -0.64856605726571837 1.568909658459094 0.46990252779239916 1.5428604797772634 -1.2398592758758236 2.3122960708743729","0.021289803469914045 -0.47764037005168325 0.049485608064464379 2.1144683448075265 0.26952214210545539 -0.4151820655044407 2.1684812458153355 0.37907203374779874 -0.023575464433770128 0.66777828122463057 1.7543848711170826 1.8525044126390999 0.0025769718507588526 0.91719822658013805 0.43023237959794147 -0.24572996928680046 -0.6582263335561187 0.28895405341970792 -1.3058327068125182 -0.94381272668665728 -1.8755263483760687 -0.15082693969749525 2.191405034904546 -0.68724329250736271 0.82655006723651081"
"mw","greater",FALSE,TRUE,0.8,0,"0.65842622710494902","0.37642996402310624","Inf","0.78652219173193649 0.68087560813301218 1.3125564910019636 1.9423526694997624 1.2647325991327971 -0.101210406028577 1.0451395566048893 2.4780913903812474 1.1355589278873741 -0.28812480674938945 1.4899571129584779 1.4734771444485548 0.10924010454108346 -0.20453847380033385 -0.64856605726571837 1.568909658459094 0.46990252779239916 1.5428604797772634 -1.2398592758758236 2.3122960708743729","0.021289803469914045 -0.47764037005168325 0.049485608064464379 2.1144683448075265 0.26952214210545539 -0.4151820655044407 2.1684812458153355 0.37907203374779874 -0.023575464433770128 0.66777828122463057 1.7543848711170826 1.8525044126390999 0.0025769718507588526 0.91719822658013805 0.43023237959794147 -0.24572996928680046 -0.6582263335561187 0.28895405341970792 -1.3058327068125182 -0.94381272668665728 -1.8755263483760687 -0.15082693969749525 2.191405034904546 -0.68724329250736271 0.82655006723651081"
"mw","two.sided",FALSE,TRUE,0.95,0,"0.073299460822307511","-0.3674544334198061","0.56694061920364724","1.0264733796535119 1.0694553804800422 0.63993232890942875 -0.34876965957374595 0.67151680928959934 1.0878038151766569 0.38703757651418436 -0.54382374596068783 1.8160626826357338 0.34295424604119046 -0.88711616380185632 0.28531828035802198 -0.38660653246265697 -0.30498745240848046 0.0018806193655083181 1.0626071891724531 -0.64136957356392421 -0.39646058384800675 -0.66383932396034195 -2.1353164740160961 -0.33028551344583157 -0.26552822585036862 1.2393287163341136 1.2789376734162319 0.16159229766537542 0.10387306058046086 0.13915953165900974 1.0559060314807975 1.0839994615562287 1.3772362687999005 -0.38199382456631081 -0.13373395530213339 -0.23758773461675109 0.65426881227209144 -0.40915659012427574 0.70646125158719708 -1.8081834658378417 1.0813023773690991 -0.21014505033458064 -0.59714562828303253 1.0249106109934165 -0.72650230446451025 1.1692260436833004 -0.30234109731892622 1.0768457445377582 0.76646150863496143 1.4678264245938935 -1.2894048750666778 1.7812042922916875","-1.3616137525987662 -0.46801216044120075 1.1270563860274809 -1.2146695906783611 -1.208403237074352 -0.36117091150256259 0.41189832542061944 -0.17990304268946292 -0.78457758126675781 0.60659268164752056 1.1351234397988832 -0.81543987653514827 2.1726642947537909 0.01868477384606014 -0.32671917905731573 -0.094969135046089254 -0.20521773044183705 1.4082126511351667 -1.2252642064941248 1.5813447272961245 0.79264329443665804 0.7789790115289611 -1.4339080314961845 1.9246568660276657 0.60646514345571056 0.99701090603246156 0.438944775983098 -0.20788840249916779 0.34647974247762031 0.79530850919873131"
"mw","two.sided",FALSE,TRUE,0.8,0,"0.073299460822307511","-0.1912428534061697","0.40628328641087252","1.0264733796535119 1.0694553804800422 0.63993232890942875 -0.34876965957374595 0.67151680928959934 1.0878038151766569 0.38703757651418436 -0.54382374596068783 1.8160626826357338 0.34295424604119046 -0.88711616380185632 0.28531828035802198 -0.38660653246265697 -0.30498745240848046 0.0018806193655083181 1.0626071891724531 -0.64136957356392421 -0.39646058384800675 -0.66383932396034195 -2.1353164740160961 -0.33028551344583157 -0.26552822585036862 1.2393287163341136 1.2789376734162319 0.16159229766537542 0.10387306058046086 0.13915953165900974 1.0559060314807975 1.0839994615562287 1.3772362687999005 -0.38199382456631081 -0.13373395530213339 -0.23758773461675109 0.65426881227209144 -0.40915659012427574 0.70646125158719708 -1.8081834658378417 1.0813023773690991 -0.21014505033458064 -0.59714562828303253 1.0249106109934165 -0.72650230446451025 1.1692260436833004 -0.30234109731892622 1.0768457445377582 0.76646150863496143 1.4678264245938935 -1.2894048750666778 1.7812042922916875","-1.3616137525987662 -0.46801216044120075 1.1270563860274809 -1.2146695906783611 -1.208403237074352 -0.36117091150256259 0.41189832542061944 -0.17990304268946292 -0.78457758126675781 0.60659268164752056 1.1351234397988832 -0.81543987653514827 2.1726642947537909 0.01868477384606014 -0.32671917905731573 -0.094969135046089254 -0.20521773044183705 1.4082126511351667 -1.2252642064941248 1.5813447272961245 0.79264329443665804 0.7789790115289611 -1.4339080314961845 1.9246568660276657 0.60646514345571056 0.99701090603246156 0.438944775983098 -0.20788840249916779 0.34647974247762031 0.79530850919873131"
"mw","less",FALSE,TRUE,0.95,0,"0.073299460822307511","-Inf","0.47959012885827734","1.0264733796535119 1.0694553804800422 0.63993232890942875 -0.34876965957374595 0.67151680928959934 1.0878038151766569 0.38703757651418436 -0.54382374596068783 1.8160626826357338 0.34295424604119046 -0.88711616380185632 0.28531828035802198 -0.38660653246265697 -0.30498745240848046 0.0018806193655083181 1.0626071891724531 -0.64136957356392421 -0.39646058384800675 -0.66383932396034195 -2.1353164740160961 -0.33028551344583157 -0.26552822585036862 1.2393287163341136 1.2789376734162319 0.16159229766537542 0.10387306058046086 0.13915953165900974 1.0559060314807975 1.0839994615562287 1.3772362687999005 -0.38199382456631081 -0.13373395530213339 -0.23758773461675109 0.65426881227209144 -0.40915659012427574 0.70646125158719708 -1.8081834658378417 1.0813023773690991 -0.21014505033458064 -0.59714562828303253 1.0249106109934165 -0.72650230446451025 1.1692260436833004 -0.30234109731892622 1.0768457445377582 0.76646150863496143 1.4678264245938935 -1.2894048750666778 1.7812042922916875","-1.3616137525987662 -0.46801216044120075 1.1270563860274809 -1.2146695906783611 -1.208403237074352 -0.36117091150256259 0.41189832542061944 -0.17990304268946292 -0.78457758126675781 0.60659268164752056 1.1351234397988832 -0.81543987653514827 2.1726642947537909 0.01868477384606014 -0.32671917905731573 -0.094969135046089254 -0.20521773044183705 1.4082126511351667 -1.2252642064941248 1.5813447272961245 0.79264329443665804 0.7789790115289611 -1.4339080314961845 1.9246568660276657 0.60646514345571056 0.99701090603246156 0.438944775983098 -0.20788840249916779 0.34647974247762031 0.79530850919873131"
"mw","less",FALSE,TRUE,0.8,0,"0.073299460822307511","-Inf","0.29047636895108109","1.0264733796535119 1.0694553804800422 0.63993232890942875 -0.34876965957374595 0.67151680928959934 1.0878038151766569 0.38703757651418436 -0.54382374596068783 1.8160626826357338 0.34295424604119046 -0.88711616380185632 0.28531828035802198 -0.38660653246265697 -0.30498745240848046 0.0018806193655083181 1.0626071891724531 -0.64136957356392421 -0.39646058384800675 -0.66383932396034195 -2.1353164740160961 -0.33028551344583157 -0.26552822585036862 1.2393287163341136 1.2789376734162319 0.16159229766537542 0.10387306058046086 0.13915953165900974 1.0559060314807975 1.0839994615562287 1.3772362687999005 -0.38199382456631081 -0.13373395530213339 -0.23758773461675109 0.65426881227209144 -0.40915659012427574 0.70646125158719708 -1.8081834658378417 1.0813023773690991 -0.21014505033458064 -0.59714562828303253 1.0249106109934165 -0.72650230446451025 1.1692260436833004 -0.30234109731892622 1.0768457445377582 0.76646150863496143 1.4678264245938935 -1.2894048750666778 1.7812042922916875","-1.3616137525987662 -0.46801216044120075 1.1270563860274809 -1.2146695906783611 -1.208403237074352 -0.36117091150256259 0.41189832542061944 -0.17990304268946292 -0.78457758126675781 0.60659268164752056 1.1351234397988832 -0.81543987653514827 2.1726642947537909 0.01868477384606014 -0.32671917905731573 -0.094969135046089254 -0.20521773044183705 1.4082126511351667 -1.2252642064941248 1.5813447272961245 0.79264329443665804 0.7789790115289611 -1.4339080314961845 1.9246568660276657 0.60646514345571056 0.99701090603246156 0.438944775983098 -0.20788840249916779 0.34647974247762031 0.79530850919873131"
"mw","greater",FALSE,TRUE,0.95,0,"0.073299460822307511","-0.30149144880191747","Inf","1.0264733796535119 1.0694553804800422 0.63993232890942875 -0.34876965957374595 0.67151680928959934 1.0878038151766569 0.38703757651418436 -0.54382374596068783 1.8160626826357338 0.34295424604119046 -0.88711616380185632 0.28531828035802198 -0.38660653246265697 -0.30498745240848046 0.0018806193655083181 1.0626071891724531 -0.64136957356392421 -0.39646058384800675 -0.66383932396034195 -2.1353164740160961 -0.33028551344583157 -0.26552822585036862 1.2393287163341136 1.2789376734162319 0.16159229766537542 0.10387306058046086 0.13915953165900974 1.0559060314807975 1.0839994615562287 1.3772362687999005 -0.38199382456631081 -0.13373395530213339 -0.23758773461675109 0.65426881227209144 -0.40915659012427574 0.70646125158719708 -1.8081834658378417 1.0813023773690991 -0.21014505033458064 -0.59714562828303253 1.0249106109934165 -0.72650230446451025 1.1692260436833004 -0.30234109731892622 1.0768457445377582 0.76646150863496143 1.4678264245938935 -1.2894048750666778 1.7812042922916875","-1.3616137525987662 -0.46801216044120075 1.1270563860274809 -1.2146695906783611 -1.208403237074352 -0.36117091150256259 0.41189832542061944 -0.17990304268946292 -0.78457758126675781 0.60659268164752056 1.1351234397988832 -0.81543987653514827 2.1726642947537909 0.01868477384606014 -0.32671917905731573 -0.094969135046089254 -0.20521773044183705 1.4082126511351667 -1.2252642064941248 1.5813447272961245 0.79264329443665804 0.7789790115289611 -1.4339080314961845 1.9246568660276657 0.60646514345571056 0.99701090603246156 0.438944775983098 -0.20788840249916779 0.34647974247762031 0.79530850919873131"
"mw","greater",FALSE,TRUE,0.8,0,"0.073299460822307511","-0.09976972196664341","Inf","1.0264733796535119 1.0694553804800422 0.63993232890942875 -0.34876965957374595 0.67151680928959934 1.0878038151766569 0.38703757651418436 -0.54382374596068783 1.8160626826357338 0.34295424604119046 -0.88711616380185632 0.28531828035802198 -0.38660653246265697 -0.30498745240848046 0.0018806193655083181 1.0626071891724531 -0.64136957356392421 -0.39646058384800675 -0.66383932396034195 -2.1353164740160961 -0.33028551344583157 -0.26552822585036862 1.2393287163341136 1.2789376734162319 0.16159229766537542 0.10387306058046086 0.13915953165900974 1.0559060314807975 1.0839994615562287 1.3772362687999005 -0.38199382456631081 -0.13373395530213339 -0.23758773461675109 0.65426881227209144 -0.40915659012427574 0.70646125158719708 -1.8081834658378417 1.0813023773690991 -0.21014505033458064 -0.59714562828303253 1.0249106109934165 -0.72650230446451025 1.1692260436833004 -0.30234109731892622 1.0768457445377582 0.76646150863496143 1.4678264245938935 -1.2894048750666778 1.7812042922916875","-1.3616137525987662 -0.46801216044120075 1.1270563860274809 -1.2146695906783611 -1.208403237074352 -0.36117091150256259 0.41189832542061944 -0.17990304268946292 -0.78457758126675781 0.60659268164752056 1.1351234397988832 -0.81543987653514827 2.1726642947537909 0.01868477384606014 -0.32671917905731573 -0.094969135046089254 -0.20521773044183705 1.4082126511351667 -1.2252642064941248 1.5813447272961245 0.79264329443665804 0.7789790115289611 -1.4339080314961845 1.9246568660276657 0.60646514345571056 0.99701090603246156 0.438944775983098 -0.20788840249916779 0.34647974247762031 0.79530850919873131"
"wsr","two.sided",TRUE,FALSE,0.95,0,"0.79420166965388028","0.023595275592249953","1.4912620247793726","0.36194797092356823 1.9125133521888227 0.79290096698998769 1.071000263427154 -0.47254788649967633 0.015569924022044546 -1.3042797281855885 1.2119357165589317 -0.43007999156257265 1.4596900075316239 0.007544491936747777 0.5655120086998171 -0.44242247422211117 1.9628356364145421 0.72632290121955179 0.00024860648607971658 2.4385998782814284 0.83476066682849392 -0.024445322266598679 1.7147589237286491 -0.085308492885549592 0.36693493875374 1.5345549378864047 1.704443007124131 1.4509009797779624","-0.63259542939848068 -0.25116535131666207 -1.1119183578817895 0.29095360576781271 1.8172967620027662 0.7798938517678291 -0.42428783784637392 0.30302927031395627 1.4598401412403568 0.40034107031990268 0.42812972900525187 0.09526559805642619 0.13662260783748464 -0.60506199163903029 -1.1638483307313134 1.9222679039917514 -1.7692685671621056 0.023181378564204009 -0.76261269058297998 -0.65707871750599522 -0.93553113359264384 1.7300094518017919 -0.66788204556149 -0.085999358924823938 -1.1119971542569431"
"wsr","two.sided",TRUE,FALSE,0.9,0.5,"0.74998265274119125","5.3074249635375658e-05","1.2500272462633684","0.5 2 1 1 -0.5 0 -1.5 1 -0.5 1.5 0 0.5 -0.5 2 0.5 0 2.5 1 -0 1.5 -0 0.5 1.5 1.5 1.5","-0.5 -0.5 -1 0.5 2 1 -0.5 0.5 1.5 0.5 0.5 0 0 -0.5 -1 2 -2 0 -1 -0.5 -1 1.5 -0.5 -0 -1"
"wsr","two.sided",FALSE,FALSE,0.95,0,"0.79420166965388028","0.023667779827700242","1.4912038283558902","0.36194797092356823 1.9125133521888227 0.79290096698998769 1.071000263427154 -0.47254788649967633 0.015569924022044546 -1.3042797281855885 1.2119357165589317 -0.43007999156257265 1.4596900075316239 0.007544491936747777 0.5655120086998171 -0.44242247422211117 1.9628356364145421 0.72632290121955179 0.00024860648607971658 2.4385998782814284 0.83476066682849392 -0.024445322266598679 1.7147589237286491 -0.085308492885549592 0.36693493875374 1.5345549378864047 1.704443007124131 1.4509009797779624","-0.63259542939848068 -0.25116535131666207 -1.1119183578817895 0.29095360576781271 1.8172967620027662 0.7798938517678291 -0.42428783784637392 0.30302927031395627 1.4598401412403568 0.40034107031990268 0.42812972900525187 0.09526559805642619 0.13662260783748464 -0.60506199163903029 -1.1638483307313134 1.9222679039917514 -1.7692685671621056 0.023181378564204009 -0.76261269058297998 -0.65707871750599522 -0.93553113359264384 1.7300094518017919 -0.66788204556149 -0.085999358924823938 -1.1119971542569431"
"wsr","two.sided",FALSE,FALSE,0.9,0.5,"0.74998265274119125","6.2906119939362299e-05","1.2500521945500658","0.5 2 1 1 -0.5 0 -1.5 1 -0.5 1.5 0 0.5 -0.5 2 0.5 0 2.5 1 -0 1.5 -0 0.5 1.5 1.5 1.5","-0.5 -0.5 -1 0.5 2 1 -0.5 0.5 1.5 0.5 0.5 0 0 -0.5 -1 2 -2 0 -1 -0.5 -1 1.5 -0.5 -0 -1"
"wsr","less",TRUE,FALSE,0.95,0,"0.79420166965388028","-Inf","1.4209752174531445","0.36194797092356823 1.9125133521888227 0.79290096698998769 1.071000263427154 -0.47254788649967633 0.015569924022044546 -1.3042797281855885 1.2119357165589317 -0.43007999156257265 1.4596900075316239 0.007544491936747777 0.5655120086998171 -0.44242247422211117 1.9628356364145421 0.72632290121955179 0.00024860648607971658 2.4385998782814284 0.83476066682849392 -0.024445322266598679 1.7147589237286491 -0.085308492885549592 0.36693493875374 1.5345549378864047 1.704443007124131 1.4509009797779624","-0.63259542939848068 -0.25116535131666207 -1.1119183578817895 0.29095360576781271 1.8172967620027662 0.7798938517678291 -0.42428783784637392 0.30302927031395627 1.4598401412403568 0.40034107031990268 0.42812972900525187 0.09526559805642619 0.13662260783748464 -0.60506199163903029 -1.1638483307313134 1.9222679039917514 -1.7692685671621056 0.023181378564204009 -0.76261269058297998 -0.65707871750599522 -0.93553113359264384 1.7300094518017919 -0.66788204556149 -0.085999358924823938 -1.1119971542569431"
"wsr","less",TRUE,FALSE,0.9,0.5,"0.74998265274119125","-Inf","1.2499981280806085","0.5 2 1 1 -0.5 0 -1.5 1 -0.5 1.5 0 0.5 -0.5 2 0.5 0 2.5 1 -0 1.5 -0 0.5 1.5 1.5 1.5","-0.5 -0.5 -1 0.5 2 1 -0.5 0.5 1.5 0.5 0.5 0 0 -0.5 -1 2 -2 0 -1 -0.5 -1 1.5 -0.5 -0 -1"
"wsr","less",FALSE,FALSE,0.95,0,"0.79420166965388028","-Inf","1.4068694293430748","0.36194797092356823 1.9125133521888227 0.79290096698998769 1.071000263427154 -0.47254788649967633 0.015569924022044546 -1.3042797281855885 1.2119357165589317 -0.43007999156257265 1.4596900075316239 0.007544491936747777 0.5655120086998171 -0.44242247422211117 1.9628356364145421 0.72632290121955179 0.00024860648607971658 2.4385998782814284 0.83476066682849392 -0.024445322266598679 1.7147589237286491 -0.085308492885549592 0.36693493875374 1.5345549378864047 1.704443007124131 1.4509009797779624","-0.63259542939848068 -0.25116535131666207 -1.1119183578817895 0.29095360576781271 1.8172967620027662 0.7798938517678291 -0.42428783784637392 0.30302927031395627 1.4598401412403568 0.40034107031990268 0.42812972900525187 0.09526559805642619 0.13662260783748464 -0.60506199163903029 -1.1638483307313134 1.9222679039917514 -1.7692685671621056 0.023181378564204009 -0.76261269058297998 -0.65707871750599522 -0.93553113359264384 1.7300094518017919 -0.66788204556149 -0.085999358924823938 -1.1119971542569431"
"wsr","less",FALSE,FALSE,0.9,0.5,"0.74998265274119125","-Inf","1.2499895367702796","0.5 2 1 1 -0.5 0 -1.5 1 -0.5 1.5 0 0.5 -0.5 2 0.5 0 2.5 1 -0 1.5 -0 0.5 1.5 1.5 1.5","-0.5 -0.5 -1 0.5 2 1 -0.5 0.5 1.5 0.5 0.5 0 0 -0.5 -1 2 -2 0 -1 -0.5 -1 1.5 -0.5 -0 -1"
"wsr","greater",TRUE,FALSE,0.95,0,"0.79420166965388028","0.12085920564610392","Inf","0.36194797092356823 1.9125133521888227 0.79290096698998769 1.071000263427154 -0.47254788649967633 0.015569924022044546 -1.3042797281855885 1.2119357165589317 -0.43007999156257265 1.4596900075316239 0.007544491936747777 0.5655120086998171 -0.44242247422211117 1.9628356364145421 0.72632290121955179 0.00024860648607971658 2.4385998782814284 0.83476066682849392 -0.024445322266598679 1.7147589237286491 -0.085308492885549592 0.36693493875374 1.5345549378864047 1.704443007124131 1.4509009797779624","-0.63259542939848068 -0.25116535131666207 -1.1119183578817895 0.29095360576781271 1.8172967620027662 0.7798938517678291 -0.42428783784637392 0.30302927031395627 1.4598401412403568 0.40034107031990268 0.42812972900525187 0.09526559805642619 0.13662260783748464 -0.60506199163903029 -1.1638483307313134 1.9222679039917514 -1.7692685671621056 0.023181378564204009 -0.76261269058297998 -0.65707871750599522 -0.93553113359264384 1.7300094518017919 -0.66788204556149 -0.085999358924823938 -1.1119971542569431"
"wsr","greater",TRUE,FALSE,0.9,0.5,"0.74998265274119125","0.24996189023134072","Inf","0.5 2 1 1 -0.5 0 -1.5 1 -0.5 1.5 0 0.5 -0.5 2 0.5 0 2.5 1 -0 1.5 -0 0.5 1.5 1.5 1.5","-0.5 -0.5 -1 0.5 2 1 -0.5 0.5 1.5 0.5 0.5 0 0 -0.5 -1 2 -2 0 -1 -0.5 -1 1.5 -0.5 -0 -1"
"wsr","greater",FALSE,FALSE,0.95,0,"0.79420166965388028","0.13555997475247133","Inf","0.36194797092356823 1.9125133521888227 0.79290096698998769 1.071000263427154 -0.47254788649967633 0.015569924022044546 -1.3042797281855885 1.2119357165589317 -0.43007999156257265 1.4596900075316239 0.007544491936747777 0.5655120086998171 -0.44242247422211117 1.9628356364145421 0.72632290121955179 0.00024860648607971658 2.4385998782814284 0.83476066682849392 -0.024445322266598679 1.7147589237286491 -0.085308492885549592 0.36693493875374 1.5345549378864047 1.704443007124131 1.4509009797779624","-0.63259542939848068 -0.25116535131666207 -1.1119183578817895 0.29095360576781271 1.8172967620027662 0.7798938517678291 -0.42428783784637392 0.30302927031395627 1.4598401412403568 0.40034107031990268 0.42812972900525187 0.09526559805642619 0.13662260783748464 -0.60506199163903029 -1.1638483307313134 1.9222679039917514 -1.7692685671621056 0.023181378564204009 -0.76261269058297998 -0.65707871750599522 -0.93553113359264384 1.7300094518017919 -0.66788204556149 -0.085999358924823938 -1.1119971542569431"
"wsr","greater",FALSE,FALSE,0.9,0.5,"0.74998265274119125","0.24997385623134427","Inf","0.5 2 1 1 -0.5 0 -1.5 1 -0.5 1.5 0 0.5 -0.5 2 0.5 0 2.5 1 -0 1.5 -0 0.5 1.5 1.5 1.5","-0.5 -0.5 -1 0.5 2 1 -0.5 0.5 1.5 0.5 0.5 0 0 -0.5 -1 2 -2 0 -1 -0.5 -1 1.5 -0.5 -0 -1"
"wsr","two.sided",TRUE,FALSE,0.95,0,"0.39356746506787699","0.04314665625217913","0.7317992641452522","-1.1039522283364094 -0.11449578836070107 -2.3243179232636786 1.3010942609626814 0.45322509187971055 -0.27779966875829915 0.37235965881760247 -2.1486046426219487 -0.57412001893757592 0.33852958117596293 0.33835237785772992 3.0576951223275772 1.7011226306309373 0.055080506226010129 1.8895298638810796 0.32179797920755571 0.73599757448695191 0.75571158807012584 -0.23951114436948756 -0.74813749789292783 0.26266411097362191 0.54978310711126799 -0.66365464869640745 1.6877013303658854 1.897021121180664 0.30193087955500325 0.12776561415075344 0.18988614769686574 -0.41137107730855343 2.4801609153624353 -0.83340549994287016 0.16012846922361482 0.16772318600777253 0.71294506674050129 -0.53374100365362209 1.7432769275900597 0.73368119817727429 -0.23394953838188332 0.63856052278261943 -1.7194365214283776 0.28163152527565005 0.886028451275372 0.60341960903200698 0.18742598381970682 0.72552539678319872 -0.07185458042342302 0.96963124798903899 -0.27360571673911921 1.6711778370850545 1.1302302782716898 1.1856950053041424 1.9354065246806615 -0.1491244825127549 1.373048957989877 2.2378897540641729 0.3496963936369944 0.83039821266146241 -1.3799715672521222 0.2235293169202105 0.74721168444355279 1.0848873683351485 0.1793922537104462 1.2323683190882968 -0.86902695927304419 0.88419309406005753 0.3420217914316368 1.667763041509291 0.62412269166182988 2.1668067371443884 -0.58093242423398284 0.16102251916113788 -0.11635743215130245 1.6918723443125099 -0.34310462567416872 -1.6552576519870374 0.92718623763216823 2.6383335406515167 0.02459806242653173 -0.068195618447913553 0.16000093673681778","1.1212650974325538 1.1812860624812382 0.58918811991019204 1.7545695255023417 0.20954635619864925 0.00027138665359287175 0.82282234371990526 -1.157505453357254 -0.72402463072056444 -1.0449993199665026 0.42839221893744184 -1.5040818750492715 1.4526497023799418 -2.2963608345672966 -0.7324336214585051 1.9865910075396367 -2.24962097147105 2.6142640181746826 1.0448609631307875 2.2038069080962837 -0.94685583886258662 1.1068112451402028 1.0673863257569713 0.05347067278821873 1.7090717277552157 -0.6240465864582414 0.73128422947915828 -0.58322283687182697 0.24370590801702233 -0.34150906489463995 1.3705176040453249 0.086010127146802187 -1.4191215061016638 -0.81918955092830903 -1.4570570024309044 0.63249885731443467 -1.4965992163870858 0.81937406035057636 -0.42656224087365957 1.9061343126190253 -0.56381908771609679 -0.11928937478962828 -0.17424197054426802 1.6083313396775831 1.2740358296974843 -1.2257635822965316 1.137250809847659 0.21932223191877653 -0.2821497414823943 0.79309968357913208 -0.10034554066875759 0.53797169030458136 0.78853721899085516 0.58110353854628805 -0.87040464531761674 0.18482537390342416 -0.20359558785215937 -1.1037227630184852 1.7043623207810505 -0.80729689933218707 0.39464245962069339 0.29593967795492915 -1.0809065366850068 -1.1232649157356949 0.70352521310783112 1.0449390947416457 1.8300020010859828 -1.4150412170760431 2.1447900454556428 -0.87164885703097106 0.11465980527515354 -0.69131844739162251 -1.0883426362753077 -2.0679709342486161 0.68904292923270016 -1.9760263309493906 -0.10795447322839336 -1.4166357786605339 -0.85849630629697882 -0.23829340661849854"
"wsr","two.sided",TRUE,FALSE,0.9,0.5,"0.25002866695474479","2.3320407826682215e-05","0.7499771596437147","-1 -0 -2.5 1.5 0.5 -0.5 0.5 -2 -0.5 0.5 0.5 3 1.5 0 2 0.5 0.5 1 -0 -0.5 0.5 0.5 -0.5 1.5 2 0.5 0 0 -0.5 2.5 -1 0 0 0.5 -0.5 1.5 0.5 -0 0.5 -1.5 0.5 1 0.5 0 0.5 -0 1 -0.5 1.5 1 1 2 -0 1.5 2 0.5 1 -1.5 0 0.5 1 0 1 -1 1 0.5 1.5 0.5 2 -0.5 0 -0 1.5 -0.5 -1.5 1 2.5 0 -0 0","1 1 0.5 2 0 0 1 -1 -0.5 -1 0.5 -1.5 1.5 -2.5 -0.5 2 -2 2.5 1 2 -1 1 1 0 1.5 -0.5 0.5 -0.5 0 -0.5 1.5 0 -1.5 -1 -1.5 0.5 -1.5 1 -0.5 2 -0.5 -0 -0 1.5 1.5 -1 1 0 -0.5 1 -0 0.5 1 0.5 -1 0 -0 -1 1.5 -1 0.5 0.5 -1 -1 0.5 1 2 -1.5 2 -1 0 -0.5 -1 -2 0.5 -2 -0 -1.5 -1 -0"
"wsr","two.sided",FALSE,FALSE,0.95,0,"0.39356746506787699","0.043276026434791205","0.73173692433825033","-1.1039522283364094 -0.11449578836070107 -2.3243179232636786 1.3010942609626814 0.45322509187971055 -0.27779966875829915 0.37235965881760247 -2.1486046426219487 -0.57412001893757592 0.33852958117596293 0.33835237785772992 3.0576951223275772 1.7011226306309373 0.055080506226010129 1.8895298638810796 0.32179797920755571 0.73599757448695191 0.75571158807012584 -0.23951114436948756 -0.74813749789292783 0.26266411097362191 0.54978310711126799 -0.66365464869640745 1.6877013303658854 1.897021121180664 0.30193087955500325 0.12776561415075344 0.18988614769686574 -0.41137107730855343 2.4801609153624353 -0.83340549994287016 0.16012846922361482 0.16772318600777253 0.71294506674050129 -0.53374100365362209 1.7432769275900597 0.73368119817727429 -0.23394953838188332 0.63856052278261943 -1.7194365214283776 0.28163152527565005 0.886028451275372 0.60341960903200698 0.18742598381970682 0.72552539678319872 -0.07185458042342302 0.96963124798903899 -0.27360571673911921 1.6711778370850545 1.1302302782716898 1.1856950053041424 1.9354065246806615 -0.1491244825127549 1.373048957989877 2.2378897540641729 0.3496963936369944 0.83039821266146241 -1.3799715672521222 0.2235293169202105 0.74721168444355279 1.0848873683351485 0.1793922537104462 1.2323683190882968 -0.86902695927304419 0.88419309406005753 0.3420217914316368 1.667763041509291 0.62412269166182988 2.1668067371443884 -0.58093242423398284 0.16102251916113788 -0.11635743215130245 1.6918723443125099 -0.34310462567416872 -1.6552576519870374 0.92718623763216823 2.6383335406515167 0.02459806242653173 -0.068195618447913553 0.16000093673681778","1.1212650974325538 1.1812860624812382 0.58918811991019204 1.7545695255023417 0.20954635619864925 0.00027138665359287175 0.82282234371990526 -1.157505453357254 -0.72402463072056444 -1.0449993199665026 0.42839221893744184 -1.5040818750492715 1.4526497023799418 -2.2963608345672966 -0.7324336214585051 1.9865910075396367 -2.24962097147105 2.6142640181746826 1.0448609631307875 2.2038069080962837 -0.94685583886258662 1.1068112451402028 1.0673863257569713 0.05347067278821873 1.7090717277552157 -0.6240465864582414 0.73128422947915828 -0.58322283687182697 0.24370590801702233 -0.34150906489463995 1.3705176040453249 0.086010127146802187 -1.4191215061016638 -0.81918955092830903 -1.4570570024309044 0.63249885731443467 -1.4965992163870858 0.81937406035057636 -0.42656224087365957 1.9061343126190253 -0.56381908771609679 -0.11928937478962828 -0.17424197054426802 1.6083313396775831 1.2740358296974843 -1.2257635822965316 1.137250809847659 0.21932223191877653 -0.2821497414823943 0.79309968357913208 -0.10034554066875759 0.53797169030458136 0.78853721899085516 0.58110353854628805 -0.87040464531761674 0.18482537390342416 -0.20359558785215937 -1.1037227630184852 1.7043623207810505 -0.80729689933218707 0.39464245962069339 0.29593967795492915 -1.0809065366850068 -1.1232649157356949 0.70352521310783112 1.0449390947416457 1.8300020010859828 -1.4150412170760431 2.1447900454556428 -0.87164885703097106 0.11465980527515354 -0.69131844739162251 -1.0883426362753077 -2.0679709342486161 0.68904292923270016 -1.9760263309493906 -0.10795447322839336 -1.4166357786605339 -0.85849630629697882 -0.23829340661849854"
"wsr","two.sided",FALSE,FALSE,0.9,0.5,"0.25002866695474479","2.6700237408849685e-05","0.74995119238531038","-1 -0 -2.5 1.5 0.5 -0.5 0.5 -2 -0.5 0.5 0.5 3 1.5 0 2 0.5 0.5 1 -0 -0.5 0.5 0.5 -0.5 1.5 2 0.5 0 0 -0.5 2.5 -1 0 0 0.5 -0.5 1.5 0.5 -0 0.5 -1.5 0.5 1 0.5 0 0.5 -0 1 -0.5 1.5 1 1 2 -0 1.5 2 0.5 1 -1.5 0 0.5 1 0 1 -1 1 0.5 1.5 0.5 2 -0.5 0 -0 1.5 -0.5 -1.5 1 2.5 0 -0 0","1 1 0.5 2 0 0 1 -1 -0.5 -1 0.5 -1.5 1.5 -2.5 -0.5 2 -2 2.5 1 2 -1 1 1 0 1.5 -0.5 0.5 -0.5 0 -0.5 1.5 0 -1.5 -1 -1.5 0.5 -1.5 1 -0.5 2 -0.5 -0 -0 1.5 1.5 -1 1 0 -0.5 1 -0 0.5 1 0.5 -1 0 -0 -1 1.5 -1 0.5 0.5 -1 -1 0.5 1 2 -1.5 2 -1 0 -0.5 -1 -2 0.5 -2 -0 -1.5 -1 -0"
"wsr","less",TRUE,FALSE,0.95,0,"0.39356746506787699","-Inf","0.67489199303479874","-1.1039522283364094 -0.11449578836070107 -2.3243179232636786 1.3010942609626814 0.45322509187971055 -0.27779966875829915 0.37235965881760247 -2.1486046426219487 -0.57412001893757592 0.33852958117596293 0.33835237785772992 3.0576951223275772 1.7011226306309373 0.055080506226010129 1.8895298638810796 0.32179797920755571 0.73599757448695191 0.75571158807012584 -0.23951114436948756 -0.74813749789292783 0.26266411097362191 0.54978310711126799 -0.66365464869640745 1.6877013303658854 1.897021121180664 0.30193087955500325 0.12776561415075344 0.18988614769686574 -0.41137107730855343 2.4801609153624353 -0.83340549994287016 0.16012846922361482 0.16772318600777253 0.71294506674050129 -0.53374100365362209 1.7432769275900597 0.73368119817727429 -0.23394953838188332 0.63856052278261943 -1.7194365214283776 0.28163152527565005 0.886028451275372 0.60341960903200698 0.18742598381970682 0.72552539678319872 -0.07185458042342302 0.96963124798903899 -0.27360571673911921 1.6711778370850545 1.1302302782716898 1.1856950053041424 1.9354065246806615 -0.1491244825127549 1.373048957989877 2.2378897540641729 0.3496963936369944 0.83039821266146241 -1.3799715672521222 0.2235293169202105 0.74721168444355279 1.0848873683351485 0.1793922537104462 1.2323683190882968 -0.86902695927304419 0.88419309406005753 0.3420217914316368 1.667763041509291 0.62412269166182988 2.1668067371443884 -0.58093242423398284 0.16102251916113788 -0.11635743215130245 1.6918723443125099 -0.34310462567416872 -1.6552576519870374 0.92718623763216823 2.6383335406515167 0.02459806242653173 -0.068195618447913553 0.16000093673681778","1.1212650974325538 1.1812860624812382 0.58918811991019204 1.7545695255023417 0.20954635619864925 0.00027138665359287175 0.82282234371990526 -1.157505453357254 -0.72402463072056444 -1.0449993199665026 0.42839221893744184 -1.5040818750492715 1.4526497023799418 -2.2963608345672966 -0.7324336214585051 1.9865910075396367 -2.24962097147105 2.6142640181746826 1.0448609631307875 2.2038069080962837 -0.94685583886258662 1.1068112451402028 1.0673863257569713 0.05347067278821873 1.7090717277552157 -0.6240465864582414 0.73128422947915828 -0.58322283687182697 0.24370590801702233 -0.34150906489463995 1.3705176040453249 0.086010127146802187 -1.4191215061016638 -0.81918955092830903 -1.4570570024309044 0.63249885731443467 -1.4965992163870858 0.81937406035057636 -0.42656224087365957 1.9061343126190253 -0.56381908771609679 -0.11928937478962828 -0.17424197054426802 1.6083313396775831 1.2740358296974843 -1.2257635822965316 1.137250809847659 0.21932223191877653 -0.2821497414823943 0.79309968357913208 -0.10034554066875759 0.53797169030458136 0.78853721899085516 0.58110353854628805 -0.87040464531761674 0.18482537390342416 -0.20359558785215937 -1.1037227630184852 1.7043623207810505 -0.80729689933218707 0.39464245962069339 0.29593967795492915 -1.0809065366850068 -1.1232649157356949 0.70352521310783112 1.0449390947416457 1.8300020010859828 -1.4150412170760431 2.1447900454556428 -0.87164885703097106 0.11465980527515354 -0.69131844739162251 -1.0883426362753077 -2.0679709342486161 0.68904292923270016 -1.9760263309493906 -0.10795447322839336 -1.4166357786605339 -0.85849630629697882 -0.23829340661849854"
"wsr","less",TRUE,FALSE,0.9,0.5,"0.25002866695474479","-Inf","0.50003548725706914","-1 -0 -2.5 1.5 0.5 -0.5 0.5 -2 -0.5 0.5 0.5 3 1.5 0 2 0.5 0.5 1 -0 -0.5 0.5 0.5 -0.5 1.5 2 0.5 0 0 -0.5 2.5 -1 0 0 0.5 -0.5 1.5 0.5 -0 0.5 -1.5 0.5 1 0.5 0 0.5 -0 1 -0.5 1.5 1 1 2 -0 1.5 2 0.5 1 -1.5 0 0.5 1 0 1 -1 1 0.5 1.5 0.5 2 -0.5 0 -0 1.5 -0.5 -1.5 1 2.5 0 -0 0","1 1 0.5 2 0 0 1 -1 -0.5 -1 0.5 -1.5 1.5 -2.5 -0.5 2 -2 2.5 1 2 -1 1 1 0 1.5 -0.5 0.5 -0.5 0 -0.5 1.5 0 -1.5 -1 -1.5 0.5 -1.5 1 -0.5 2 -0.5 -0 -0 1.5 1.5 -1 1 0 -0.5 1 -0 0.5 1 0.5 -1 0 -0 -1 1.5 -1 0.5 0.5 -1 -1 0.5 1 2 -1.5 2 -1 0 -0.5 -1 -2 0.5 -2 -0 -1.5 -1 -0"
"wsr","less",FALSE,FALSE,0.95,0,"0.39356746506787699","-Inf","0.67404429309024483","-1.1039522283364094 -0.11449578836070107 -2.3243179232636786 1.3010942609626814 0.45322509187971055 -0.27779966875829915 0.37235965881760247 -2.1486046426219487 -0.57412001893757592 0.33852958117596293 0.33835237785772992 3.0576951223275772 1.7011226306309373 0.055080506226010129 1.8895298638810796 0.32179797920755571 0.73599757448695191 0.75571158807012584 -0.23951114436948756 -0.74813749789292783 0.26266411097362191 0.54978310711126799 -0.66365464869640745 1.6877013303658854 1.897021121180664 0.30193087955500325 0.12776561415075344 0.18988614769686574 -0.41137107730855343 2.4801609153624353 -0.83340549994287016 0.16012846922361482 0.16772318600777253 0.71294506674050129 -0.53374100365362209 1.7432769275900597 0.73368119817727429 -0.23394953838188332 0.63856052278261943 -1.7194365214283776 0.28163152527565005 0.886028451275372 0.60341960903200698 0.18742598381970682 0.72552539678319872 -0.07185458042342302 0.96963124798903899 -0.27360571673911921 1.6711778370850545 1.1302302782716898 1.1856950053041424 1.9354065246806615 -0.1491244825127549 1.373048957989877 2.2378897540641729 0.3496963936369944 0.83039821266146241 -1.3799715672521222 0.2235293169202105 0.74721168444355279 1.0848873683351485 0.1793922537104462 1.2323683190882968 -0.86902695927304419 0.88419309406005753 0.3420217914316368 1.667763041509291 0.62412269166182988 2.1668067371443884 -0.58093242423398284 0.16102251916113788 -0.11635743215130245 1.6918723443125099 -0.34310462567416872 -1.6552576519870374 0.92718623763216823 2.6383335406515167 0.02459806242653173 -0.068195618447913553 0.16000093673681778","1.1212650974325538 1.1812860624812382 0.58918811991019204 1.7545695255023417 0.20954635619864925 0.00027138665359287175 0.82282234371990526 -1.157505453357254 -0.72402463072056444 -1.0449993199665026 0.42839221893744184 -1.5040818750492715 1.4526497023799418 -2.2963608345672966 -0.7324336214585051 1.9865910075396367 -2.24962097147105 2.6142640181746826 1.0448609631307875 2.2038069080962837 -0.94685583886258662 1.1068112451402028 1.0673863257569713 0.05347067278821873 1.7090717277552157 -0.6240465864582414 0.73128422947915828 -0.58322283687182697 0.24370590801702233 -0.34150906489463995 1.3705176040453249 0.086010127146802187 -1.4191215061016638 -0.81918955092830903 -1.4570570024309044 0.63249885731443467 -1.4965992163870858 0.81937406035057636 -0.42656224087365957 1.9061343126190253 -0.56381908771609679 -0.11928937478962828 -0.17424197054426802 1.6083313396775831 1.2740358296974843 -1.2257635822965316 1.137250809847659 0.21932223191877653 -0.2821497414823943 0.79309968357913208 -0.10034554066875759 0.53797169030458136 0.78853721899085516 0.58110353854628805 -0.87040464531761674 0.18482537390342416 -0.20359558785215937 -1.1037227630184852 1.7043623207810505 -0.80729689933218707 0.39464245962069339 0.29593967795492915 -1.0809065366850068 -1.1232649157356949 0.70352521310783112 1.0449390947416457 1.8300020010859828 -1.4150412170760431 2.1447900454556428 -0.87164885703097106 0.11465980527515354 -0.69131844739162251 -1.0883426362753077 -2.0679709342486161 0.68904292923270016 -1.9760263309493906 -0.10795447322839336 -1.4166357786605339 -0.85849630629697882 -0.23829340661849854"
"wsr","less",FALSE,FALSE,0.9,0.5,"0.25002866695474479","-Inf","0.5000154953298539","-1 -0 -2.5 1.5 0.5 -0.5 0.5 -2 -0.5 0.5 0.5 3 1.5 0 2 0.5 0.5 1 -0 -0.5 0.5 0.5 -0.5 1.5 2 0.5 0 0 -0.5 2.5 -1 0 0 0.5 -0.5 1.5 0.5 -0 0.5 -1.5 0.5 1 0.5 0 0.5 -0 1 -0.5 1.5 1 1 2 -0 1.5 2 0.5 1 -1.5 0 0.5 1 0 1 -1 1 0.5 1.5 0.5 2 -0.5 0 -0 1.5 -0.5 -1.5 1 2.5 0 -0 0","1 1 0.5 2 0 0 1 -1 -0.5 -1 0.5 -1.5 1.5 -2.5 -0.5 2 -2 2.5 1 2 -1 1 1 0 1.5 -0.5 0.5 -0.5 0 -0.5 1.5 0 -1.5 -1 -1.5 0.5 -1.5 1 -0.5 2 -0.5 -0 -0 1.5 1.5 -1 1 0 -0.5 1 -0 0.5 1 0.5 -1 0 -0 -1 1.5 -1 0.5 0.5 -1 -1 0.5 1 2 -1.5 2 -1 0 -0.5 -1 -2 0.5 -2 -0 -1.5 -1 -0"
"wsr","greater",TRUE,FALSE,0.95,0,"0.39356746506787699","0.097418422803526708","Inf","-1.1039522283364094 -0.11449578836070107 -2.3243179232636786 1.3010942609626814 0.45322509187971055 -0.27779966875829915 0.37235965881760247 -2.1486046426219487 -0.57412001893757592 0.33852958117596293 0.33835237785772992 3.0576951223275772 1.7011226306309373 0.055080506226010129 1.8895298638810796 0.32179797920755571 0.73599757448695191 0.75571158807012584 -0.23951114436948756 -0.74813749789292783 0.26266411097362191 0.54978310711126799 -0.66365464869640745 1.6877013303658854 1.897021121180664 0.30193087955500325 0.12776561415075344 0.18988614769686574 -0.41137107730855343 2.4801609153624353 -0.83340549994287016 0.16012846922361482 0.16772318600777253 0.71294506674050129 -0.53374100365362209 1.7432769275900597 0.73368119817727429 -0.23394953838188332 0.63856052278261943 -1.7194365214283776 0.28163152527565005 0.886028451275372 0.60341960903200698 0.18742598381970682 0.72552539678319872 -0.07185458042342302 0.96963124798903899 -0.27360571673911921 1.6711778370850545 1.1302302782716898 1.1856950053041424 1.9354065246806615 -0.1491244825127549 1.373048957989877 2.2378897540641729 0.3496963936369944 0.83039821266146241 -1.3799715672521222 0.2235293169202105 0.74721168444355279 1.0848873683351485 0.1793922537104462 1.2323683190882968 -0.86902695927304419 0.88419309406005753 0.3420217914316368 1.667763041509291 0.62412269166182988 2.1668067371443884 -0.58093242423398284 0.16102251916113788 -0.11635743215130245 1.6918723443125099 -0.34310462567416872 -1.6552576519870374 0.92718623763216823 2.6383335406515167 0.02459806242653173 -0.068195618447913553 0.16000093673681778","1.1212650974325538 1.1812860624812382 0.58918811991019204 1.7545695255023417 0.20954635619864925 0.00027138665359287175 0.82282234371990526 -1.157505453357254 -0.72402463072056444 -1.0449993199665026 0.42839221893744184 -1.5040818750492715 1.4526497023799418 -2.2963608345672966 -0.7324336214585051 1.9865910075396367 -2.24962097147105 2.6142640181746826 1.0448609631307875 2.2038069080962837 -0.94685583886258662 1.1068112451402028 1.0673863257569713 0.05347067278821873 1.7090717277552157 -0.6240465864582414 0.73128422947915828 -0.58322283687182697 0.24370590801702233 -0.34150906489463995 1.3705176040453249 0.086010127146802187 -1.4191215061016638 -0.81918955092830903 -1.4570570024309044 0.63249885731443467 -1.4965992163870858 0.81937406035057636 -0.42656224087365957 1.9061343126190253 -0.56381908771609679 -0.11928937478962828 -0.17424197054426802 1.6083313396775831 1.2740358296974843 -1.2257635822965316 1.137250809847659 0.21932223191877653 -0.2821497414823943 0.79309968357913208 -0.10034554066875759 0.53797169030458136 0.78853721899085516 0.58110353854628805 -0.87040464531761674 0.18482537390342416 -0.20359558785215937 -1.1037227630184852 1.7043623207810505 -0.80729689933218707 0.39464245962069339 0.29593967795492915 -1.0809065366850068 -1.1232649157356949 0.70352521310783112 1.0449390947416457 1.8300020010859828 -1.4150412170760431 2.1447900454556428 -0.87164885703097106 0.11465980527515354 -0.69131844739162251 -1.0883426362753077 -2.0679709342486161 0.68904292923270016 -1.9760263309493906 -0.10795447322839336 -1.4166357786605339 -0.85849630629697882 -0.23829340661849854"
"wsr","greater",TRUE,FALSE,0.9,0.5,"0.25002866695474479","0.24997926267443576","Inf","-1 -0 -2.5 1.5 0.5 -0.5 0.5 -2 -0.5 0.5 0.5 3 1.5 0 2 0.5 0.5 1 -0 -0.5 0.5 0.5 -0.5 1.5 2 0.5 0 0 -0.5 2.5 -1 0 0 0.5 -0.5 1.5 0.5 -0 0.5 -1.5 0.5 1 0.5 0 0.5 -0 1 -0.5 1.5 1 1 2 -0 1.5 2 0.5 1 -1.5 0 0.5 1 0 1 -1 1 0.5 1.5 0.5 2 -0.5 0 -0 1.5 -0.5 -1.5 1 2.5 0 -0 0","1 1 0.5 2 0 0 1 -1 -0.5 -1 0.5 -1.5 1.5 -2.5 -0.5 2 -2 2.5 1 2 -1 1 1 0 1.5 -0.5 0.5 -0.5 0 -0.5 1.5 0 -1.5 -1 -1.5 0.5 -1.5 1 -0.5 2 -0.5 -0 -0 1.5 1.5 -1 1 0 -0.5 1 -0 0.5 1 0.5 -1 0 -0 -1 1.5 -1 0.5 0.5 -1 -1 0.5 1 2 -1.5 2 -1 0 -0.5 -1 -2 0.5 -2 -0 -1.5 -1 -0"
"wsr","greater",FALSE,FALSE,0.95,0,"0.39356746506787699","0.098112912417669701","Inf","-1.1039522283364094 -0.11449578836070107 -2.3243179232636786 1.3010942609626814 0.45322509187971055 -0.27779966875829915 0.37235965881760247 -2.1486046426219487 -0.57412001893757592 0.33852958117596293 0.33835237785772992 3.0576951223275772 1.7011226306309373 0.055080506226010129 1.8895298638810796 0.32179797920755571 0.73599757448695191 0.75571158807012584 -0.23951114436948756 -0.74813749789292783 0.26266411097362191 0.54978310711126799 -0.66365464869640745 1.6877013303658854 1.897021121180664 0.30193087955500325 0.12776561415075344 0.18988614769686574 -0.41137107730855343 2.4801609153624353 -0.83340549994287016 0.16012846922361482 0.16772318600777253 0.71294506674050129 -0.53374100365362209 1.7432769275900597 0.73368119817727429 -0.23394953838188332 0.63856052278261943 -1.7194365214283776 0.28163152527565005 0.886028451275372 0.60341960903200698 0.18742598381970682 0.72552539678319872 -0.07185458042342302 0.96963124798903899 -0.27360571673911921 1.6711778370850545 1.1302302782716898 1.1856950053041424 1.9354065246806615 -0.1491244825127549 1.373048957989877 2.2378897540641729 0.3496963936369944 0.83039821266146241 -1.3799715672521222 0.2235293169202105 0.74721168444355279 1.0848873683351485 0.1793922537104462 1.2323683190882968 -0.86902695927304419 0.88419309406005753 0.3420217914316368 1.667763041509291 0.62412269166182988 2.1668067371443884 -0.58093242423398284 0.16102251916113788 -0.11635743215130245 1.6918723443125099 -0.34310462567416872 -1.6552576519870374 0.92718623763216823 2.6383335406515167 0.02459806242653173 -0.068195618447913553 0.16000093673681778","1.1212650974325538 1.1812860624812382 0.58918811991019204 1.7545695255023417 0.20954635619864925 0.00027138665359287175 0.82282234371990526 -1.157505453357254 -0.72402463072056444 -1.0449993199665026 0.42839221893744184 -1.5040818750492715 1.4526497023799418 -2.2963608345672966 -0.7324336214585051 1.9865910075396367 -2.24962097147105 2.6142640181746826 1.0448609631307875 2.2038069080962837 -0.94685583886258662 1.1068112451402028 1.0673863257569713 0.05347067278821873 1.7090717277552157 -0.6240465864582414 0.73128422947915828 -0.58322283687182697 0.24370590801702233 -0.34150906489463995 1.3705176040453249 0.086010127146802187 -1.4191215061016638 -0.81918955092830903 -1.4570570024309044 0.63249885731443467 -1.4965992163870858 0.81937406035057636 -0.42656224087365957 1.9061343126190253 -0.56381908771609679 -0.11928937478962828 -0.17424197054426802 1.6083313396775831 1.2740358296974843 -1.2257635822965316 1.137250809847659 0.21932223191877653 -0.2821497414823943 0.79309968357913208 -0.10034554066875759 0.53797169030458136 0.78853721899085516 0.58110353854628805 -0.87040464531761674 0.18482537390342416 -0.20359558785215937 -1.1037227630184852 1.7043623207810505 -0.80729689933218707 0.39464245962069339 0.29593967795492915 -1.0809065366850068 -1.1232649157356949 0.70352521310783112 1.0449390947416457 1.8300020010859828 -1.4150412170760431 2.1447900454556428 -0.87164885703097106 0.11465980527515354 -0.69131844739162251 -1.0883426362753077 -2.0679709342486161 0.68904292923270016 -1.9760263309493906 -0.10795447322839336 -1.4166357786605339 -0.85849630629697882 -0.23829340661849854"
"wsr","greater",FALSE,FALSE,0.9,0.5,"0.25002866695474479","0.24997780559507271","Inf","-1 -0 -2.5 1.5 0.5 -0.5 0.5 -2 -0.5 0.5 0.5 3 1.5 0 2 0.5 0.5 1 -0 -0.5 0.5 0.5 -0.5 1.5 2 0.5 0 0 -0.5 2.5 -1 0 0 0.5 -0.5 1.5 0.5 -0 0.5 -1.5 0.5 1 0.5 0 0.5 -0 1 -0.5 1.5 1 1 2 -0 1.5 2 0.5 1 -1.5 0 0.5 1 0 1 -1 1 0.5 1.5 0.5 2 -0.5 0 -0 1.5 -0.5 -1.5 1 2.5 0 -0 0","1 1 0.5 2 0 0 1 -1 -0.5 -1 0.5 -1.5 1.5 -2.5 -0.5 2 -2 2.5 1 2 -1 1 1 0 1.5 -0.5 0.5 -0.5 0 -0.5 1.5 0 -1.5 -1 -1.5 0.5 -1.5 1 -0.5 2 -0.5 -0 -0 1.5 1.5 -1 1 0 -0.5 1 -0 0.5 1 0.5 -1 0 -0 -1 1.5 -1 0.5 0.5 -1 -1 0.5 1 2 -1.5 2 -1 0 -0.5 -1 -2 0.5 -2 -0 -1.5 -1 -0"
"wsr","two.sided",TRUE,FALSE,0.95,0,"0.39073583817849283","0.21682475876073984","0.56816279259487534","-1.53730059101804 -1.1448704272976251 -1.5789196088396518 -0.83957764131651991 1.0586377003686531 1.8698560943395488 -2.373773344720322 0.3586396484936481 0.97689690977948196 -0.35169445073519773 1.4027772340583349 1.4478870718496806 -0.34643609529840586 1.1753544371138214 0.19806654464470241 -0.68602858200981975 -1.3565608688058624 0.739594127813338 1.1603879013038276 -0.073214385458773346 0.49066305729555271 -1.2791830912209461 1.5448451762077975 0.81367488694861723 0.73116635145345166 0.58746116908915058 -0.19488293608687973 0.77094956616527965 -0.44586885890566424 -0.2974241439829351 0.32455308218814721 -0.74521020538289906 1.7512981005078112 1.5258909258699702 -0.60593831490901739 -0.70248761839456586 0.99715804468105684 -0.88673733275691813 0.28029562483792619 1.5666536002302283 -0.26527885903917608 -0.27938211482120495 0.18735258540904043 -0.57258835128973029 0.42694447676949115 -0.50174537029172472 1.7814225314117977 -0.05812715435521848 1.4024790167788677 0.28659801104883259 1.9206940236343353 1.6367675558697745 -1.1038134024713953 -0.54225643113493072 1.1943539858859704 -0.70321636943462162 2.6539081735769949 0.60740273209716422 0.72679311789677559 1.2880369897822208 0.46053488900743372 1.040509916131158 -0.33742002609911087 -0.48246620556868819 0.024068664190462163 1.409506544128766 -0.65675404895637102 0.44101659615259792 0.8448840012879113 0.56640037654285669 0.64973094323603364 0.50072994715884378 -0.082257504266667503 0.49889840489672421 -0.78933860601325034 -0.81764978259146837 -0.14678261301580692 0.70590836819932845 -0.14734152711930604 -0.20652650004240597 0.94342330491872151 0.85510885919034929 -1.1879694644204839 0.64569112642728488 0.85020912047503727 -0.021669441024350644 0.50748915486806634 -1.1480147456317451 0.07117095879400126 -0.3289062124067032 1.9100846243316885 -0.56995865831483705 0.28512300271754448 -0.28460729152132441 -0.49126207259767757 -0.29051940222297029 -0.10472563728825912 0.56299895335771777 -0.49559675246911988 2.1431402441173772 0.37879355543241577 1.1488445839670904 0.286954448151303 -1.1337936410290188 0.52271640012131559 -0.65049519250646548 0.37428723686600396 -2.1390787464911925 -1.7561771830271897 0.56886731124020651 -0.81856288176955494 -0.33268408063390625 -0.083860880777292424 0.98562756803849538 -0.4211781153374094 -0.41798139486494384 -0.54575755938998616 0.83731651351619107 1.0413488640120274 2.361319369788621 1.1989120553319155 0.060455540229606669 1.7950875914084672 -1.0328052322216299 0.0066737770911594607 -2.4446476794149627 -1.211577035212172 0.24464990063495076 1.3957661609995258 2.2954285776079257 -1.8659422511039183 0.39534189377836487 2.1321297773052361 0.78005917121546764 1.3277573601551476 0.62339131126034064 0.022075359482404855 0.89770828473226927 2.1052415099453596 -0.082127468600877662 0.082321211255634241 -1.0257620692561613 0.1277282494931905 1.1829255624184043 1.0559453108494532 0.7367405008404222 -0.90603458377705648 -0.3469880660244084 0.45082501304147371 0.40373684965725465 2.221298743630582 -0.0082739677688914437 -1.0658680391748832 -0.75527912548698795 0.97005044493684855 1.577620660013122 -0.78682503765316758 -0.014022776621599231 1.1372119294504206 1.9843126593680893 0.48722513542133045 -0.025401785185103498 0.29063694289898523 1.513989090803233 -0.41231922204233734 0.62793736384894039 -0.35000902226721248 0.49958933650740622 0.76070893246473492 0.67949290752092006 0.8223970972073158 0.071660249187377373 0.74395058980155548 2.7917698218401572 -0.93997493365552187 1.4240463360896363 0.2208149788918225 1.5371285009875097 2.8825017111088092 2.192767709684242 1.5494375265822615 0.0035644457863574508 1.5911729408442792 -0.087755774119740448 1.2238488770381224 -1.0584898659335864 0.53092426826631489 0.3462414075618141 -0.34785240987799376 0.28756408947782708 0.72917428661639083 0.9549400636123917 -0.58583646777985443 1.6308054591487375 0.31914108715218575 0.29437486058073381 0.51115594984663348 1.0335108441620904 1.3884760879647366 0.77467903096447621 -0.96415326139954516 0.90150606533277999 1.5022961043958312 -0.37582399716399467 1.7459872508195151 2.9161212793908255 -1.0895425089503625 0.6673777868691253 -0.040848956475776632 0.63411901660439263 0.10358120546651722 -1.7421111032095411 -0.26809914293469012 -0.47074020041977555 0.57177187596876189 0.41807679564595501 1.5008736444256621 1.0004720451500591 0.3111871864479191 0.96486455575659757 0.80405759344922334 2.3453276814185595 0.62570146673947291 -1.1386721428045878 1.2074426704293997 -0.27330751158193606 -0.55565150291717025 0.7390399175631609 -0.30831619803528515 1.4031776037521841 0.16238888280457159 0.92499628054104788 -0.88116764581097562 -0.24545520446240637 -2.7163723098078765 0.33598948040106852 -0.12587185484290858 -0.14838727515135963 -2.1701356732145385 0.063223313913295998 2.6040774512937732 -2.0473446543687182 0.078645411314341301 -0.10499337911422957 -0.14741977947093587 0.18136305563660071 -0.81296530340461826 -0.38894356112650125 0.22882419755028882 0.3639772830059585 -1.5759470731206666 -0.85320694859839552 -0.22959575502635315 1.2051459420565098 0.41376684621008231 1.147915039011453 -0.28289538454177315 -0.21741522797103557 1.368792571807854 0.17809599474691268 -0.86020369443275158 1.8670712393772644 0.84955750930456153 -0.79370395269238192 -1.5512638279549702 -0.064712187475124916 -0.2334306838094396 1.2318512858646307 1.0370550382654342 1.4377266762582788 -0.80459329051598538 0.52773091204723976 -0.23515153667928274 0.010071905171705586 1.0975650286092495 1.7436584716785968 -1.2202336742251563 0.86292815577868498 1.7325724779867091 0.1038938226158477 -0.42986597442003699 0.9255114518601204 1.293910969808264 0.43670628166133685 -0.13327832694044378 -0.6379716676474303 -0.094834501976298169 0.41186933562403605 2.4135632323758083 -0.091740109533545 -0.85594402214547283 1.1583543830636633 -1.294361280111727 -1.2170531001507148 0.14530596651842198 1.2407003975748188 -0.75577537010034601 -1.4224368155801541 -0.92580837544376315 1.2483404482366998","-0.5423121606389979 -1.4531460019943527 1.8726302287315046 0.51237160060069231 -0.61358974439768144 -1.0106260108557132 0.79818040232669996 -0.100322519042176 -1.2829025147083821 -2.048917133370173 1.4012731708209154 -0.55316192064448511 -0.31788520882723731 0.94329281480979599 -2.4545063690950579 0.80352000097008314 -0.79867636412261478 0.92528607212298997 -2.6124160415695941 0.11188699138602531 1.0709978127299011 1.1575721034490825 -0.27726836824554535 -1.929591119685512 -1.8968478566852141 -0.35257955255410411 -1.1698458979446065 -0.39277534666770397 1.2974825661219132 0.26298803530765502 -1.306269020803281 -0.81205477331724296 0.58749168472862534 -0.28028618225292307 0.18586930433849633 0.39870574767987693 -0.038599016766453373 -0.12358236980994793 1.5960286581565808 1.0478572832945614 -1.5077506860304482 -0.45667288713812892 0.87251365258038749 -0.147719111154404 1.81346960666646 -0.66460885462888142 -1.8465946176554922 -1.2082577930097282 -0.24318157176526778 -1.8395937202120394 1.3902833145005302 0.6792489183084045 -0.70162229581572966 0.14051599118959404 -1.4086576735756888 -0.67936170819351749 0.081597284320304997 0.090672380024729091 -0.69844805126357812 -0.023339105282369755 -0.19253794426095616 0.45385311031079706 0.54200724221936314 0.45643028417291404 0.71917523013664197 -0.040421178352039143 1.4869409801855957 0.7539741046477294 0.62507005371248969 -1.276581124080193 -0.27229163140644658 0.99473651306403177 -0.82918924279437889 1.6060475516415338 -1.7493070880485393 0.23238423308440195 2.0178285261702644 -0.29176770290556103 -0.67838074631279599 -0.051478607319063445 -0.018844260978591546 -0.37656023620830414 1.4242868302896907 0.59820225617687861 -0.72288235068739026 1.5721373462612651 -0.24023655431475482 1.6326985984781437 -1.8306579315018976 -0.83724311374489535 0.73614469281331807 2.5284841368116986 -0.21798600064125678 1.0992371695268315 -0.88158354994804022 -0.48496327697935826 -0.46973038358956065 -0.26842441467853012 -1.6518580718208304 -2.1742472942882265 1.5493848329235205 0.68215783432095434 0.27914407985468292 0.5391674801313836 -0.31754715155452834 0.20600425276447659 -2.4821180747152916 0.14051234948389896 -1.1421722802312433 -0.20349663332469825 -1.6696349704564719 -0.16518167867235656 0.72514796574454943 0.0038305168977231891 -2.3883622248435414 1.1301040208554676 0.53116467215277929 0.91165609352911958 -0.093838417019675824 2.4933904374069762 0.54036229260856417 1.6055637724545502 1.7859694609727665 0.73205205868043688 0.93447883575200674 -0.092356716484934556 1.8071332705695473 -1.0214992481027285 0.31677051416426188 -0.1330129871529783 1.5837051095265278 2.2840553120336717 0.56994879832577094 1.1598567968690849 -2.1421107170223106 -1.4459380843170202 -1.4438336461947976 0.82891167217854267 0.96280644411396665 -0.79363780035128029 -0.69323376491558142 -0.97573547688779516 0.19734098878086603 0.07208226138875401 1.8155738780042137 0.084378496588461652 0.45481764975578698 -0.60589666856826752 2.7004994874114572 -0.52806591712811235 -0.9635694221523502 -1.2067317299108862 -1.669132752938371 1.2898042546600534 -1.1360604751739345 -2.3733815709139066 -0.048736025000854152 2.5597269468898016 1.6732152558486721 -0.069863309368097107 0.93257892747846649 -1.5756543024695204 -0.38187710596906593 0.47614321011456878 1.5001513047346064 0.23307567359163858 0.75001715124669643 0.15942859165957141 -2.1168553456755297 -1.3589117701673823 0.30616898386317976 -0.69300738382119187 1.1081305486822077 -0.69037718506924906 -0.9313730095327154 0.57437318648333291 -1.1000060582938198 -0.62347800260907382 -0.4257553043028916 1.4393363390738951 0.40999972905505322 -1.1353921748360465 0.45896045381193562 1.7841419099318827 -0.51515287368744211 -1.1988231200866948 -0.028383098623732922 -1.4711334119500066 0.17118788488028297 0.40287627289231859 1.7977623083662642 0.37436535201756593 0.61096063129676881 -0.60742140418388713 0.31143663802033777 0.5269370250279698 -0.34010068922157594 1.7339952729247257 -0.29608985617717754 -0.72696186892283277 0.5263770221119034 0.68497613973057392 -0.16613924648183678 0.046682717995103838 0.00021216297360655774 -1.2504973538053978 0.83995722007199891 -1.188997711295066 -0.45135660337364758 -0.1057808212215216 -0.43451332802190812 -1.687542158413865 0.039345057674934625 -1.30168609758165 -1.1672898828173544 0.48830166362164484 0.12602730993750233 0.16051567296173486 0.50286942937241796 0.79691929058067268 -0.11613801492772914 -0.23580778002994782 -0.78452292995243322 -0.81986009471982579 -0.44859423083911298 -0.89865977814406561 -1.9803514678395606 -1.1816010903122185 -1.2420087647497944 -0.43774971505673194 0.26381224178706564 0.70198173495713267 -0.055558771502816691 -1.8180719451632112 -1.773969855065314 -0.35279117104102437 -1.0301522676790458 -3.1175505446229081 0.11494380109747598 0.89890584193140144 -2.122394580819793 0.66164163838587864 -0.39323111246064135 -0.53335264874668542 -0.027092268978864902 -2.0565419877276265 1.6913622680131635 -2.2581574089574321 0.69376493670216999 0.52106492864694631 -0.54687010169180905 0.10585116400015614 1.3429336689055034 1.7706293501008969 -0.84119234169696255 -0.7348523229778815 -0.8771567460159001 -0.22119852225749953 0.61547776835592982 -0.98217247275025243 -0.73636984765036928 -1.1254213914216562 0.068347564599778157 4.5289356473935074 0.032418912455129664 -0.71440820787078563 0.30727719669829084 0.1334353954547563 0.028763625698262317 -0.14354268156238673 0.083500129444026808 -1.2425735401444116 -1.3942355946247009 0.49760633545878102 -0.60902895626724574 0.62736237029347819 -0.015281710189907108 0.26985563808091545 -0.50899082921066763 0.5407341692530081 1.545326044213448 -0.80852164451773978 -1.1765822706800755 -0.34213235415139048 0.74481775928309046 0.47504994375586707 -2.31768453007298 -0.46732068925778125 -0.13772097059221133 -1.3977545032475596 0.29332133931653248 -0.57229765141966649 -0.45560695674872054 2.2542575685654387 -0.36357259090549249 0.41034582025549854 0.98296435382672176 1.5234131362298011 -0.77060960436700088 -0.63881395935184881"
"wsr","two.sided",TRUE,FALSE,0.9,0.5,"0.49996336854252621","0.2499756896812505","0.50007133026293171","-1.5 -1 -1.5 -1 1 2 -2.5 0.5 1 -0.5 1.5 1.5 -0.5 1 0 -0.5 -1.5 0.5 1 -0 0.5 -1.5 1.5 1 0.5 0.5 -0 1 -0.5 -0.5 0.5 -0.5 2 1.5 -0.5 -0.5 1 -1 0.5 1.5 -0.5 -0.5 0 -0.5 0.5 -0.5 2 -0 1.5 0.5 2 1.5 -1 -0.5 1 -0.5 2.5 0.5 0.5 1.5 0.5 1 -0.5 -0.5 0 1.5 -0.5 0.5 1 0.5 0.5 0.5 -0 0.5 -1 -1 -0 0.5 -0 -0 1 1 -1 0.5 1 -0 0.5 -1 0 -0.5 2 -0.5 0.5 -0.5 -0.5 -0.5 -0 0.5 -0.5 2 0.5 1 0.5 -1 0.5 -0.5 0.5 -2 -2 0.5 -1 -0.5 -0 1 -0.5 -0.5 -0.5 1 1 2.5 1 0 2 -1 0 -2.5 -1 0 1.5 2.5 -2 0.5 2 1 1.5 0.5 0 1 2 -0 0 -1 0 1 1 0.5 -1 -0.5 0.5 0.5 2 -0 -1 -1 1 1.5 -1 -0 1 2 0.5 -0 0.5 1.5 -0.5 0.5 -0.5 0.5 1 0.5 1 0 0.5 3 -1 1.5 0 1.5 3 2 1.5 0 1.5 -0 1 -1 0.5 0.5 -0.5 0.5 0.5 1 -0.5 1.5 0.5 0.5 0.5 1 1.5 1 -1 1 1.5 -0.5 1.5 3 -1 0.5 -0 0.5 0 -1.5 -0.5 -0.5 0.5 0.5 1.5 1 0.5 1 1 2.5 0.5 -1 1 -0.5 -0.5 0.5 -0.5 1.5 0 1 -1 -0 -2.5 0.5 -0 -0 -2 0 2.5 -2 0 -0 -0 0 -1 -0.5 0 0.5 -1.5 -1 -0 1 0.5 1 -0.5 -0 1.5 0 -1 2 1 -1 -1.5 -0 -0 1 1 1.5 -1 0.5 -0 0 1 1.5 -1 1 1.5 0 -0.5 1 1.5 0.5 -0 -0.5 -0 0.5 2.5 -0 -1 1 -1.5 -1 0 1 -1 -1.5 -1 1","-0.5 -1.5 2 0.5 -0.5 -1 1 -0 -1.5 -2 1.5 -0.5 -0.5 1 -2.5 1 -1 1 -2.5 0 1 1 -0.5 -2 -2 -0.5 -1 -0.5 1.5 0.5 -1.5 -1 0.5 -0.5 0 0.5 -0 -0 1.5 1 -1.5 -0.5 1 -0 2 -0.5 -2 -1 -0 -2 1.5 0.5 -0.5 0 -1.5 -0.5 0 0 -0.5 -0 -0 0.5 0.5 0.5 0.5 -0 1.5 1 0.5 -1.5 -0.5 1 -1 1.5 -1.5 0 2 -0.5 -0.5 -0 -0 -0.5 1.5 0.5 -0.5 1.5 -0 1.5 -2 -1 0.5 2.5 -0 1 -1 -0.5 -0.5 -0.5 -1.5 -2 1.5 0.5 0.5 0.5 -0.5 0 -2.5 0 -1 -0 -1.5 -0 0.5 0 -2.5 1 0.5 1 -0 2.5 0.5 1.5 2 0.5 1 -0 2 -1 0.5 -0 1.5 2.5 0.5 1 -2 -1.5 -1.5 1 1 -1 -0.5 -1 0 0 2 0 0.5 -0.5 2.5 -0.5 -1 -1 -1.5 1.5 -1 -2.5 -0 2.5 1.5 -0 1 -1.5 -0.5 0.5 1.5 0 1 0 -2 -1.5 0.5 -0.5 1 -0.5 -1 0.5 -1 -0.5 -0.5 1.5 0.5 -1 0.5 2 -0.5 -1 -0 -1.5 0 0.5 2 0.5 0.5 -0.5 0.5 0.5 -0.5 1.5 -0.5 -0.5 0.5 0.5 -0 0 0 -1.5 1 -1 -0.5 -0 -0.5 -1.5 0 -1.5 -1 0.5 0 0 0.5 1 -0 -0 -1 -1 -0.5 -1 -2 -1 -1 -0.5 0.5 0.5 -0 -2 -2 -0.5 -1 -3 0 1 -2 0.5 -0.5 -0.5 -0 -2 1.5 -2.5 0.5 0.5 -0.5 0 1.5 2 -1 -0.5 -1 -0 0.5 -1 -0.5 -1 0 4.5 0 -0.5 0.5 0 0 -0 0 -1 -1.5 0.5 -0.5 0.5 -0 0.5 -0.5 0.5 1.5 -1 -1 -0.5 0.5 0.5 -2.5 -0.5 -0 -1.5 0.5 -0.5 -0.5 2.5 -0.5 0.5 1 1.5 -1 -0.5"
"wsr","two.sided",FALSE,FALSE,0.95,0,"0.39073583817849283","0.21686377034082577","0.56816860212429421","-1.53730059101804 -1.1448704272976251 -1.5789196088396518 -0.83957764131651991 1.0586377003686531 1.8698560943395488 -2.373773344720322 0.3586396484936481 0.97689690977948196 -0.35169445073519773 1.4027772340583349 1.4478870718496806 -0.34643609529840586 1.1753544371138214 0.19806654464470241 -0.68602858200981975 -1.3565608688058624 0.739594127813338 1.1603879013038276 -0.073214385458773346 0.49066305729555271 -1.2791830912209461 1.5448451762077975 0.81367488694861723 0.73116635145345166 0.58746116908915058 -0.19488293608687973 0.77094956616527965 -0.44586885890566424 -0.2974241439829351 0.32455308218814721 -0.74521020538289906 1.7512981005078112 1.5258909258699702 -0.60593831490901739 -0.70248761839456586 0.99715804468105684 -0.88673733275691813 0.28029562483792619 1.5666536002302283 -0.26527885903917608 -0.27938211482120495 0.18735258540904043 -0.57258835128973029 0.42694447676949115 -0.50174537029172472 1.7814225314117977 -0.05812715435521848 1.4024790167788677 0.28659801104883259 1.9206940236343353 1.6367675558697745 -1.1038134024713953 -0.54225643113493072 1.1943539858859704 -0.70321636943462162 2.6539081735769949 0.60740273209716422 0.72679311789677559 1.2880369897822208 0.46053488900743372 1.040509916131158 -0.33742002609911087 -0.48246620556868819 0.024068664190462163 1.409506544128766 -0.65675404895637102 0.44101659615259792 0.8448840012879113 0.56640037654285669 0.64973094323603364 0.50072994715884378 -0.082257504266667503 0.49889840489672421 -0.78933860601325034 -0.81764978259146837 -0.14678261301580692 0.70590836819932845 -0.14734152711930604 -0.20652650004240597 0.94342330491872151 0.85510885919034929 -1.1879694644204839 0.64569112642728488 0.85020912047503727 -0.021669441024350644 0.50748915486806634 -1.1480147456317451 0.07117095879400126 -0.3289062124067032 1.9100846243316885 -0.56995865831483705 0.28512300271754448 -0.28460729152132441 -0.49126207259767757 -0.29051940222297029 -0.10472563728825912 0.56299895335771777 -0.49559675246911988 2.1431402441173772 0.37879355543241577 1.1488445839670904 0.286954448151303 -1.1337936410290188 0.52271640012131559 -0.65049519250646548 0.37428723686600396 -2.1390787464911925 -1.7561771830271897 0.56886731124020651 -0.81856288176955494 -0.33268408063390625 -0.083860880777292424 0.98562756803849538 -0.4211781153374094 -0.41798139486494384 -0.54575755938998616 0.83731651351619107 1.0413488640120274 2.361319369788621 1.1989120553319155 0.060455540229606669 1.7950875914084672 -1.0328052322216299 0.0066737770911594607 -2.4446476794149627 -1.211577035212172 0.24464990063495076 1.3957661609995258 2.2954285776079257 -1.8659422511039183 0.39534189377836487 2.1321297773052361 0.78005917121546764 1.3277573601551476 0.62339131126034064 0.022075359482404855 0.89770828473226927 2.1052415099453596 -0.082127468600877662 0.082321211255634241 -1.0257620692561613 0.1277282494931905 1.1829255624184043 1.0559453108494532 0.7367405008404222 -0.90603458377705648 -0.3469880660244084 0.45082501304147371 0.40373684965725465 2.221298743630582 -0.0082739677688914437 -1.0658680391748832 -0.75527912548698795 0.97005044493684855 1.577620660013122 -0.78682503765316758 -0.014022776621599231 1.1372119294504206 1.9843126593680893 0.48722513542133045 -0.025401785185103498 0.29063694289898523 1.513989090803233 -0.41231922204233734 0.62793736384894039 -0.35000902226721248 0.49958933650740622 0.76070893246473492 0.67949290752092006 0.8223970972073158 0.071660249187377373 0.74395058980155548 2.7917698218401572 -0.93997493365552187 1.4240463360896363 0.2208149788918225 1.5371285009875097 2.8825017111088092 2.192767709684242 1.5494375265822615 0.0035644457863574508 1.5911729408442792 -0.087755774119740448 1.2238488770381224 -1.0584898659335864 0.53092426826631489 0.3462414075618141 -0.34785240987799376 0.28756408947782708 0.72917428661639083 0.9549400636123917 -0.58583646777985443 1.6308054591487375 0.31914108715218575 0.29437486058073381 0.51115594984663348 1.0335108441620904 1.3884760879647366 0.77467903096447621 -0.96415326139954516 0.90150606533277999 1.5022961043958312 -0.37582399716399467 1.7459872508195151 2.9161212793908255 -1.0895425089503625 0.6673777868691253 -0.040848956475776632 0.63411901660439263 0.10358120546651722 -1.7421111032095411 -0.26809914293469012 -0.47074020041977555 0.57177187596876189 0.41807679564595501 1.5008736444256621 1.0004720451500591 0.3111871864479191 0.96486455575659757 0.80405759344922334 2.3453276814185595 0.62570146673947291 -1.1386721428045878 1.2074426704293997 -0.27330751158193606 -0.55565150291717025 0.7390399175631609 -0.30831619803528515 1.4031776037521841 0.16238888280457159 0.92499628054104788 -0.88116764581097562 -0.24545520446240637 -2.7163723098078765 0.33598948040106852 -0.12587185484290858 -0.14838727515135963 -2.1701356732145385 0.063223313913295998 2.6040774512937732 -2.0473446543687182 0.078645411314341301 -0.10499337911422957 -0.14741977947093587 0.18136305563660071 -0.81296530340461826 -0.38894356112650125 0.22882419755028882 0.3639772830059585 -1.5759470731206666 -0.85320694859839552 -0.22959575502635315 1.2051459420565098 0.41376684621008231 1.147915039011453 -0.28289538454177315 -0.21741522797103557 1.368792571807854 0.17809599474691268 -0.86020369443275158 1.8670712393772644 0.84955750930456153 -0.79370395269238192 -1.5512638279549702 -0.064712187475124916 -0.2334306838094396 1.2318512858646307 1.0370550382654342 1.4377266762582788 -0.80459329051598538 0.52773091204723976 -0.23515153667928274 0.010071905171705586 1.0975650286092495 1.7436584716785968 -1.2202336742251563 0.86292815577868498 1.7325724779867091 0.1038938226158477 -0.42986597442003699 0.9255114518601204 1.293910969808264 0.43670628166133685 -0.13327832694044378 -0.6379716676474303 -0.094834501976298169 0.41186933562403605 2.4135632323758083 -0.091740109533545 -0.85594402214547283 1.1583543830636633 -1.294361280111727 -1.2170531001507148 0.14530596651842198 1.2407003975748188 -0.75577537010034601 -1.4224368155801541 -0.92580837544376315 1.2483404482366998","-0.5423121606389979 -1.4531460019943527 1.8726302287315046 0.51237160060069231 -0.61358974439768144 -1.0106260108557132 0.79818040232669996 -0.100322519042176 -1.2829025147083821 -2.048917133370173 1.4012731708209154 -0.55316192064448511 -0.31788520882723731 0.94329281480979599 -2.4545063690950579 0.80352000097008314 -0.79867636412261478 0.92528607212298997 -2.6124160415695941 0.11188699138602531 1.0709978127299011 1.1575721034490825 -0.27726836824554535 -1.929591119685512 -1.8968478566852141 -0.35257955255410411 -1.1698458979446065 -0.39277534666770397 1.2974825661219132 0.26298803530765502 -1.306269020803281 -0.81205477331724296 0.58749168472862534 -0.28028618225292307 0.18586930433849633 0.39870574767987693 -0.038599016766453373 -0.12358236980994793 1.5960286581565808 1.0478572832945614 -1.5077506860304482 -0.45667288713812892 0.87251365258038749 -0.147719111154404 1.81346960666646 -0.66460885462888142 -1.8465946176554922 -1.2082577930097282 -0.24318157176526778 -1.8395937202120394 1.3902833145005302 0.6792489183084045 -0.70162229581572966 0.14051599118959404 -1.4086576735756888 -0.67936170819351749 0.081597284320304997 0.090672380024729091 -0.69844805126357812 -0.023339105282369755 -0.19253794426095616 0.45385311031079706 0.54200724221936314 0.45643028417291404 0.71917523013664197 -0.040421178352039143 1.4869409801855957 0.7539741046477294 0.62507005371248969 -1.276581124080193 -0.27229163140644658 0.99473651306403177 -0.82918924279437889 1.6060475516415338 -1.7493070880485393 0.23238423308440195 2.0178285261702644 -0.29176770290556103 -0.67838074631279599 -0.051478607319063445 -0.018844260978591546 -0.37656023620830414 1.4242868302896907 0.59820225617687861 -0.72288235068739026 1.5721373462612651 -0.24023655431475482 1.6326985984781437 -1.8306579315018976 -0.83724311374489535 0.73614469281331807 2.5284841368116986 -0.21798600064125678 1.0992371695268315 -0.88158354994804022 -0.48496327697935826 -0.46973038358956065 -0.26842441467853012 -1.6518580718208304 -2.1742472942882265 1.5493848329235205 0.68215783432095434 0.27914407985468292 0.5391674801313836 -0.31754715155452834 0.20600425276447659 -2.4821180747152916 0.14051234948389896 -1.1421722802312433 -0.20349663332469825 -1.6696349704564719 -0.16518167867235656 0.72514796574454943 0.0038305168977231891 -2.3883622248435414 1.1301040208554676 0.53116467215277929 0.91165609352911958 -0.093838417019675824 2.4933904374069762 0.54036229260856417 1.6055637724545502 1.7859694609727665 0.73205205868043688 0.93447883575200674 -0.092356716484934556 1.8071332705695473 -1.0214992481027285 0.31677051416426188 -0.1330129871529783 1.5837051095265278 2.2840553120336717 0.56994879832577094 1.1598567968690849 -2.1421107170223106 -1.4459380843170202 -1.4438336461947976 0.82891167217854267 0.96280644411396665 -0.79363780035128029 -0.69323376491558142 -0.97573547688779516 0.19734098878086603 0.07208226138875401 1.8155738780042137 0.084378496588461652 0.45481764975578698 -0.60589666856826752 2.7004994874114572 -0.52806591712811235 -0.9635694221523502 -1.2067317299108862 -1.669132752938371 1.2898042546600534 -1.1360604751739345 -2.3733815709139066 -0.048736025000854152 2.5597269468898016 1.6732152558486721 -0.069863309368097107 0.93257892747846649 -1.5756543024695204 -0.38187710596906593 0.47614321011456878 1.5001513047346064 0.23307567359163858 0.75001715124669643 0.15942859165957141 -2.1168553456755297 -1.3589117701673823 0.30616898386317976 -0.69300738382119187 1.1081305486822077 -0.69037718506924906 -0.9313730095327154 0.57437318648333291 -1.1000060582938198 -0.62347800260907382 -0.4257553043028916 1.4393363390738951 0.40999972905505322 -1.1353921748360465 0.45896045381193562 1.7841419099318827 -0.51515287368744211 -1.1988231200866948 -0.028383098623732922 -1.4711334119500066 0.17118788488028297 0.40287627289231859 1.7977623083662642 0.37436535201756593 0.61096063129676881 -0.60742140418388713 0.31143663802033777 0.5269370250279698 -0.34010068922157594 1.7339952729247257 -0.29608985617717754 -0.72696186892283277 0.5263770221119034 0.68497613973057392 -0.16613924648183678 0.046682717995103838 0.00021216297360655774 -1.2504973538053978 0.83995722007199891 -1.188997711295066 -0.45135660337364758 -0.1057808212215216 -0.43451332802190812 -1.687542158413865 0.039345057674934625 -1.30168609758165 -1.1672898828173544 0.48830166362164484 0.12602730993750233 0.16051567296173486 0.50286942937241796 0.79691929058067268 -0.11613801492772914 -0.23580778002994782 -0.78452292995243322 -0.81986009471982579 -0.44859423083911298 -0.89865977814406561 -1.9803514678395606 -1.1816010903122185 -1.2420087647497944 -0.43774971505673194 0.26381224178706564 0.70198173495713267 -0.055558771502816691 -1.8180719451632112 -1.773969855065314 -0.35279117104102437 -1.0301522676790458 -3.1175505446229081 0.11494380109747598 0.89890584193140144 -2.122394580819793 0.66164163838587864 -0.39323111246064135 -0.53335264874668542 -0.027092268978864902 -2.0565419877276265 1.6913622680131635 -2.2581574089574321 0.69376493670216999 0.52106492864694631 -0.54687010169180905 0.10585116400015614 1.3429336689055034 1.7706293501008969 -0.84119234169696255 -0.7348523229778815 -0.8771567460159001 -0.22119852225749953 0.61547776835592982 -0.98217247275025243 -0.73636984765036928 -1.1254213914216562 0.068347564599778157 4.5289356473935074 0.032418912455129664 -0.71440820787078563 0.30727719669829084 0.1334353954547563 0.028763625698262317 -0.14354268156238673 0.083500129444026808 -1.2425735401444116 -1.3942355946247009 0.49760633545878102 -0.60902895626724574 0.62736237029347819 -0.015281710189907108 0.26985563808091545 -0.50899082921066763 0.5407341692530081 1.545326044213448 -0.80852164451773978 -1.1765822706800755 -0.34213235415139048 0.74481775928309046 0.47504994375586707 -2.31768453007298 -0.46732068925778125 -0.13772097059221133 -1.3977545032475596 0.29332133931653248 -0.57229765141966649 -0.45560695674872054 2.2542575685654387 -0.36357259090549249 0.41034582025549854 0.98296435382672176 1.5234131362298011 -0.77060960436700088 -0.63881395935184881"
"wsr","two.sided",FALSE,FALSE,0.9,0.5,"0.49996336854252621","0.24996417230444926","0.50007661281679439","-1.5 -1 -1.5 -1 1 2 -2.5 0.5 1 -0.5 1.5 1.5 -0.5 1 0 -0.5 -1.5 0.5 1 -0 0.5 -1.5 1.5 1 0.5 0.5 -0 1 -0.5 -0.5 0.5 -0.5 2 1.5 -0.5 -0.5 1 -1 0.5 1.5 -0.5 -0.5 0 -0.5 0.5 -0.5 2 -0 1.5 0.5 2 1.5 -1 -0.5 1 -0.5 2.5 0.5 0.5 1.5 0.5 1 -0.5 -0.5 0 1.5 -0.5 0.5 1 0.5 0.5 0.5 -0 0.5 -1 -1 -0 0.5 -0 -0 1 1 -1 0.5 1 -0 0.5 -1 0 -0.5 2 -0.5 0.5 -0.5 -0.5 -0.5 -0 0.5 -0.5 2 0.5 1 0.5 -1 0.5 -0.5 0.5 -2 -2 0.5 -1 -0.5 -0 1 -0.5 -0.5 -0.5 1 1 2.5 1 0 2 -1 0 -2.5 -1 0 1.5 2.5 -2 0.5 2 1 1.5 0.5 0 1 2 -0 0 -1 0 1 1 0.5 -1 -0.5 0.5 0.5 2 -0 -1 -1 1 1.5 -1 -0 1 2 0.5 -0 0.5 1.5 -0.5 0.5 -0.5 0.5 1 0.5 1 0 0.5 3 -1 1.5 0 1.5 3 2 1.5 0 1.5 -0 1 -1 0.5 0.5 -0.5 0.5 0.5 1 -0.5 1.5 0.5 0.5 0.5 1 1.5 1 -1 1 1.5 -0.5 1.5 3 -1 0.5 -0 0.5 0 -1.5 -0.5 -0.5 0.5 0.5 1.5 1 0.5 1 1 2.5 0.5 -1 1 -0.5 -0.5 0.5 -0.5 1.5 0 1 -1 -0 -2.5 0.5 -0 -0 -2 0 2.5 -2 0 -0 -0 0 -1 -0.5 0 0.5 -1.5 -1 -0 1 0.5 1 -0.5 -0 1.5 0 -1 2 1 -1 -1.5 -0 -0 1 1 1.5 -1 0.5 -0 0 1 1.5 -1 1 1.5 0 -0.5 1 1.5 0.5 -0 -0.5 -0 0.5 2.5 -0 -1 1 -1.5 -1 0 1 -1 -1.5 -1 1","-0.5 -1.5 2 0.5 -0.5 -1 1 -0 -1.5 -2 1.5 -0.5 -0.5 1 -2.5 1 -1 1 -2.5 0 1 1 -0.5 -2 -2 -0.5 -1 -0.5 1.5 0.5 -1.5 -1 0.5 -0.5 0 0.5 -0 -0 1.5 1 -1.5 -0.5 1 -0 2 -0.5 -2 -1 -0 -2 1.5 0.5 -0.5 0 -1.5 -0.5 0 0 -0.5 -0 -0 0.5 0.5 0.5 0.5 -0 1.5 1 0.5 -1.5 -0.5 1 -1 1.5 -1.5 0 2 -0.5 -0.5 -0 -0 -0.5 1.5 0.5 -0.5 1.5 -0 1.5 -2 -1 0.5 2.5 -0 1 -1 -0.5 -0.5 -0.5 -1.5 -2 1.5 0.5 0.5 0.5 -0.5 0 -2.5 0 -1 -0 -1.5 -0 0.5 0 -2.5 1 0.5 1 -0 2.5 0.5 1.5 2 0.5 1 -0 2 -1 0.5 -0 1.5 2.5 0.5 1 -2 -1.5 -1.5 1 1 -1 -0.5 -1 0 0 2 0 0.5 -0.5 2.5 -0.5 -1 -1 -1.5 1.5 -1 -2.5 -0 2.5 1.5 -0 1 -1.5 -0.5 0.5 1.5 0 1 0 -2 -1.5 0.5 -0.5 1 -0.5 -1 0.5 -1 -0.5 -0.5 1.5 0.5 -1 0.5 2 -0.5 -1 -0 -1.5 0 0.5 2 0.5 0.5 -0.5 0.5 0.5 -0.5 1.5 -0.5 -0.5 0.5 0.5 -0 0 0 -1.5 1 -1 -0.5 -0 -0.5 -1.5 0 -1.5 -1 0.5 0 0 0.5 1 -0 -0 -1 -1 -0.5 -1 -2 -1 -1 -0.5 0.5 0.5 -0 -2 -2 -0.5 -1 -3 0 1 -2 0.5 -0.5 -0.5 -0 -2 1.5 -2.5 0.5 0.5 -0.5 0 1.5 2 -1 -0.5 -1 -0 0.5 -1 -0.5 -1 0 4.5 0 -0.5 0.5 0 0 -0 0 -1 -1.5 0.5 -0.5 0.5 -0 0.5 -0.5 0.5 1.5 -1 -1 -0.5 0.5 0.5 -2.5 -0.5 -0 -1.5 0.5 -0.5 -0.5 2.5 -0.5 0.5 1 1.5 -1 -0.5"
"wsr","less",TRUE,FALSE,0.95,0,"0.39073583817849283","-Inf","0.54009846234152425","-1.53730059101804 -1.1448704272976251 -1.5789196088396518 -0.83957764131651991 1.0586377003686531 1.8698560943395488 -2.373773344720322 0.3586396484936481 0.97689690977948196 -0.35169445073519773 1.4027772340583349 1.4478870718496806 -0.34643609529840586 1.1753544371138214 0.19806654464470241 -0.68602858200981975 -1.3565608688058624 0.739594127813338 1.1603879013038276 -0.073214385458773346 0.49066305729555271 -1.2791830912209461 1.5448451762077975 0.81367488694861723 0.73116635145345166 0.58746116908915058 -0.19488293608687973 0.77094956616527965 -0.44586885890566424 -0.2974241439829351 0.32455308218814721 -0.74521020538289906 1.7512981005078112 1.5258909258699702 -0.60593831490901739 -0.70248761839456586 0.99715804468105684 -0.88673733275691813 0.28029562483792619 1.5666536002302283 -0.26527885903917608 -0.27938211482120495 0.18735258540904043 -0.57258835128973029 0.42694447676949115 -0.50174537029172472 1.7814225314117977 -0.05812715435521848 1.4024790167788677 0.28659801104883259 1.9206940236343353 1.6367675558697745 -1.1038134024713953 -0.54225643113493072 1.1943539858859704 -0.70321636943462162 2.6539081735769949 0.60740273209716422 0.72679311789677559 1.2880369897822208 0.46053488900743372 1.040509916131158 -0.33742002609911087 -0.48246620556868819 0.024068664190462163 1.409506544128766 -0.65675404895637102 0.44101659615259792 0.8448840012879113 0.56640037654285669 0.64973094323603364 0.50072994715884378 -0.082257504266667503 0.49889840489672421 -0.78933860601325034 -0.81764978259146837 -0.14678261301580692 0.70590836819932845 -0.14734152711930604 -0.20652650004240597 0.94342330491872151 0.85510885919034929 -1.1879694644204839 0.64569112642728488 0.85020912047503727 -0.021669441024350644 0.50748915486806634 -1.1480147456317451 0.07117095879400126 -0.3289062124067032 1.9100846243316885 -0.56995865831483705 0.28512300271754448 -0.28460729152132441 -0.49126207259767757 -0.29051940222297029 -0.10472563728825912 0.56299895335771777 -0.49559675246911988 2.1431402441173772 0.37879355543241577 1.1488445839670904 0.286954448151303 -1.1337936410290188 0.52271640012131559 -0.65049519250646548 0.37428723686600396 -2.1390787464911925 -1.7561771830271897 0.56886731124020651 -0.81856288176955494 -0.33268408063390625 -0.083860880777292424 0.98562756803849538 -0.4211781153374094 -0.41798139486494384 -0.54575755938998616 0.83731651351619107 1.0413488640120274 2.361319369788621 1.1989120553319155 0.060455540229606669 1.7950875914084672 -1.0328052322216299 0.0066737770911594607 -2.4446476794149627 -1.211577035212172 0.24464990063495076 1.3957661609995258 2.2954285776079257 -1.8659422511039183 0.39534189377836487 2.1321297773052361 0.78005917121546764 1.3277573601551476 0.62339131126034064 0.022075359482404855 0.89770828473226927 2.1052415099453596 -0.082127468600877662 0.082321211255634241 -1.0257620692561613 0.1277282494931905 1.1829255624184043 1.0559453108494532 0.7367405008404222 -0.90603458377705648 -0.3469880660244084 0.45082501304147371 0.40373684965725465 2.221298743630582 -0.0082739677688914437 -1.0658680391748832 -0.75527912548698795 0.97005044493684855 1.577620660013122 -0.78682503765316758 -0.014022776621599231 1.1372119294504206 1.9843126593680893 0.48722513542133045 -0.025401785185103498 0.29063694289898523 1.513989090803233 -0.41231922204233734 0.62793736384894039 -0.35000902226721248 0.49958933650740622 0.76070893246473492 0.67949290752092006 0.8223970972073158 0.071660249187377373 0.74395058980155548 2.7917698218401572 -0.93997493365552187 1.4240463360896363 0.2208149788918225 1.5371285009875097 2.8825017111088092 2.192767709684242 1.5494375265822615 0.0035644457863574508 1.5911729408442792 -0.087755774119740448 1.2238488770381224 -1.0584898659335864 0.53092426826631489 0.3462414075618141 -0.34785240987799376 0.28756408947782708 0.72917428661639083 0.9549400636123917 -0.58583646777985443 1.6308054591487375 0.31914108715218575 0.29437486058073381 0.51115594984663348 1.0335108441620904 1.3884760879647366 0.77467903096447621 -0.96415326139954516 0.90150606533277999 1.5022961043958312 -0.37582399716399467 1.7459872508195151 2.9161212793908255 -1.0895425089503625 0.6673777868691253 -0.040848956475776632 0.63411901660439263 0.10358120546651722 -1.7421111032095411 -0.26809914293469012 -0.47074020041977555 0.57177187596876189 0.41807679564595501 1.5008736444256621 1.0004720451500591 0.3111871864479191 0.96486455575659757 0.80405759344922334 2.3453276814185595 0.62570146673947291 -1.1386721428045878 1.2074426704293997 -0.27330751158193606 -0.55565150291717025 0.7390399175631609 -0.30831619803528515 1.4031776037521841 0.16238888280457159 0.92499628054104788 -0.88116764581097562 -0.24545520446240637 -2.7163723098078765 0.33598948040106852 -0.12587185484290858 -0.14838727515135963 -2.1701356732145385 0.063223313913295998 2.6040774512937732 -2.0473446543687182 0.078645411314341301 -0.10499337911422957 -0.14741977947093587 0.18136305563660071 -0.81296530340461826 -0.38894356112650125 0.22882419755028882 0.3639772830059585 -1.5759470731206666 -0.85320694859839552 -0.22959575502635315 1.2051459420565098 0.41376684621008231 1.147915039011453 -0.28289538454177315 -0.21741522797103557 1.368792571807854 0.17809599474691268 -0.86020369443275158 1.8670712393772644 0.84955750930456153 -0.79370395269238192 -1.5512638279549702 -0.064712187475124916 -0.2334306838094396 1.2318512858646307 1.0370550382654342 1.4377266762582788 -0.80459329051598538 0.52773091204723976 -0.23515153667928274 0.010071905171705586 1.0975650286092495 1.7436584716785968 -1.2202336742251563 0.86292815577868498 1.7325724779867091 0.1038938226158477 -0.42986597442003699 0.9255114518601204 1.293910969808264 0.43670628166133685 -0.13327832694044378 -0.6379716676474303 -0.094834501976298169 0.41186933562403605 2.4135632323758083 -0.091740109533545 -0.85594402214547283 1.1583543830636633 -1.294361280111727 -1.2170531001507148 0.14530596651842198 1.2407003975748188 -0.75577537010034601 -1.4224368155801541 -0.92580837544376315 1.2483404482366998","-0.5423121606389979 -1.4531460019943527 1.8726302287315046 0.51237160060069231 -0.61358974439768144 -1.0106260108557132 0.79818040232669996 -0.100322519042176 -1.2829025147083821 -2.048917133370173 1.4012731708209154 -0.55316192064448511 -0.31788520882723731 0.94329281480979599 -2.4545063690950579 0.80352000097008314 -0.79867636412261478 0.92528607212298997 -2.6124160415695941 0.11188699138602531 1.0709978127299011 1.1575721034490825 -0.27726836824554535 -1.929591119685512 -1.8968478566852141 -0.35257955255410411 -1.1698458979446065 -0.39277534666770397 1.2974825661219132 0.26298803530765502 -1.306269020803281 -0.81205477331724296 0.58749168472862534 -0.28028618225292307 0.18586930433849633 0.39870574767987693 -0.038599016766453373 -0.12358236980994793 1.5960286581565808 1.0478572832945614 -1.5077506860304482 -0.45667288713812892 0.87251365258038749 -0.147719111154404 1.81346960666646 -0.66460885462888142 -1.8465946176554922 -1.2082577930097282 -0.24318157176526778 -1.8395937202120394 1.3902833145005302 0.6792489183084045 -0.70162229581572966 0.14051599118959404 -1.4086576735756888 -0.67936170819351749 0.081597284320304997 0.090672380024729091 -0.69844805126357812 -0.023339105282369755 -0.19253794426095616 0.45385311031079706 0.54200724221936314 0.45643028417291404 0.71917523013664197 -0.040421178352039143 1.4869409801855957 0.7539741046477294 0.62507005371248969 -1.276581124080193 -0.27229163140644658 0.99473651306403177 -0.82918924279437889 1.6060475516415338 -1.7493070880485393 0.23238423308440195 2.0178285261702644 -0.29176770290556103 -0.67838074631279599 -0.051478607319063445 -0.018844260978591546 -0.37656023620830414 1.4242868302896907 0.59820225617687861 -0.72288235068739026 1.5721373462612651 -0.24023655431475482 1.6326985984781437 -1.8306579315018976 -0.83724311374489535 0.73614469281331807 2.5284841368116986 -0.21798600064125678 1.0992371695268315 -0.88158354994804022 -0.48496327697935826 -0.46973038358956065 -0.26842441467853012 -1.6518580718208304 -2.1742472942882265 1.5493848329235205 0.68215783432095434 0.27914407985468292 0.5391674801313836 -0.31754715155452834 0.20600425276447659 -2.4821180747152916 0.14051234948389896 -1.1421722802312433 -0.20349663332469825 -1.6696349704564719 -0.16518167867235656 0.72514796574454943 0.0038305168977231891 -2.3883622248435414 1.1301040208554676 0.53116467215277929 0.91165609352911958 -0.093838417019675824 2.4933904374069762 0.54036229260856417 1.6055637724545502 1.7859694609727665 0.73205205868043688 0.93447883575200674 -0.092356716484934556 1.8071332705695473 -1.0214992481027285 0.31677051416426188 -0.1330129871529783 1.5837051095265278 2.2840553120336717 0.56994879832577094 1.1598567968690849 -2.1421107170223106 -1.4459380843170202 -1.4438336461947976 0.82891167217854267 0.96280644411396665 -0.79363780035128029 -0.69323376491558142 -0.97573547688779516 0.19734098878086603 0.07208226138875401 1.8155738780042137 0.084378496588461652 0.45481764975578698 -0.60589666856826752 2.7004994874114572 -0.52806591712811235 -0.9635694221523502 -1.2067317299108862 -1.669132752938371 1.2898042546600534 -1.1360604751739345 -2.3733815709139066 -0.048736025000854152 2.5597269468898016 1.6732152558486721 -0.069863309368097107 0.93257892747846649 -1.5756543024695204 -0.38187710596906593 0.47614321011456878 1.5001513047346064 0.23307567359163858 0.75001715124669643 0.15942859165957141 -2.1168553456755297 -1.3589117701673823 0.30616898386317976 -0.69300738382119187 1.1081305486822077 -0.69037718506924906 -0.9313730095327154 0.57437318648333291 -1.1000060582938198 -0.62347800260907382 -0.4257553043028916 1.4393363390738951 0.40999972905505322 -1.1353921748360465 0.45896045381193562 1.7841419099318827 -0.51515287368744211 -1.1988231200866948 -0.028383098623732922 -1.4711334119500066 0.17118788488028297 0.40287627289231859 1.7977623083662642 0.37436535201756593 0.61096063129676881 -0.60742140418388713 0.31143663802033777 0.5269370250279698 -0.34010068922157594 1.7339952729247257 -0.29608985617717754 -0.72696186892283277 0.5263770221119034 0.68497613973057392 -0.16613924648183678 0.046682717995103838 0.00021216297360655774 -1.2504973538053978 0.83995722007199891 -1.188997711295066 -0.45135660337364758 -0.1057808212215216 -0.43451332802190812 -1.687542158413865 0.039345057674934625 -1.30168609758165 -1.1672898828173544 0.48830166362164484 0.12602730993750233 0.16051567296173486 0.50286942937241796 0.79691929058067268 -0.11613801492772914 -0.23580778002994782 -0.78452292995243322 -0.81986009471982579 -0.44859423083911298 -0.89865977814406561 -1.9803514678395606 -1.1816010903122185 -1.2420087647497944 -0.43774971505673194 0.26381224178706564 0.70198173495713267 -0.055558771502816691 -1.8180719451632112 -1.773969855065314 -0.35279117104102437 -1.0301522676790458 -3.1175505446229081 0.11494380109747598 0.89890584193140144 -2.122394580819793 0.66164163838587864 -0.39323111246064135 -0.53335264874668542 -0.027092268978864902 -2.0565419877276265 1.6913622680131635 -2.2581574089574321 0.69376493670216999 0.52106492864694631 -0.54687010169180905 0.10585116400015614 1.3429336689055034 1.7706293501008969 -0.84119234169696255 -0.7348523229778815 -0.8771567460159001 -0.22119852225749953 0.61547776835592982 -0.98217247275025243 -0.73636984765036928 -1.1254213914216562 0.068347564599778157 4.5289356473935074 0.032418912455129664 -0.71440820787078563 0.30727719669829084 0.1334353954547563 0.028763625698262317 -0.14354268156238673 0.083500129444026808 -1.2425735401444116 -1.3942355946247009 0.49760633545878102 -0.60902895626724574 0.62736237029347819 -0.015281710189907108 0.26985563808091545 -0.50899082921066763 0.5407341692530081 1.545326044213448 -0.80852164451773978 -1.1765822706800755 -0.34213235415139048 0.74481775928309046 0.47504994375586707 -2.31768453007298 -0.46732068925778125 -0.13772097059221133 -1.3977545032475596 0.29332133931653248 -0.57229765141966649 -0.45560695674872054 2.2542575685654387 -0.36357259090549249 0.41034582025549854 0.98296435382672176 1.5234131362298011 -0.77060960436700088 -0.63881395935184881"
"wsr","less",TRUE,FALSE,0.9,0.5,"0.49996336854252621","-Inf","0.49996448308087832","-1.5 -1 -1.5 -1 1 2 -2.5 0.5 1 -0.5 1.5 1.5 -0.5 1 0 -0.5 -1.5 0.5 1 -0 0.5 -1.5 1.5 1 0.5 0.5 -0 1 -0.5 -0.5 0.5 -0.5 2 1.5 -0.5 -0.5 1 -1 0.5 1.5 -0.5 -0.5 0 -0.5 0.5 -0.5 2 -0 1.5 0.5 2 1.5 -1 -0.5 1 -0.5 2.5 0.5 0.5 1.5 0.5 1 -0.5 -0.5 0 1.5 -0.5 0.5 1 0.5 0.5 0.5 -0 0.5 -1 -1 -0 0.5 -0 -0 1 1 -1 0.5 1 -0 0.5 -1 0 -0.5 2 -0.5 0.5 -0.5 -0.5 -0.5 -0 0.5 -0.5 2 0.5 1 0.5 -1 0.5 -0.5 0.5 -2 -2 0.5 -1 -0.5 -0 1 -0.5 -0.5 -0.5 1 1 2.5 1 0 2 -1 0 -2.5 -1 0 1.5 2.5 -2 0.5 2 1 1.5 0.5 0 1 2 -0 0 -1 0 1 1 0.5 -1 -0.5 0.5 0.5 2 -0 -1 -1 1 1.5 -1 -0 1 2 0.5 -0 0.5 1.5 -0.5 0.5 -0.5 0.5 1 0.5 1 0 0.5 3 -1 1.5 0 1.5 3 2 1.5 0 1.5 -0 1 -1 0.5 0.5 -0.5 0.5 0.5 1 -0.5 1.5 0.5 0.5 0.5 1 1.5 1 -1 1 1.5 -0.5 1.5 3 -1 0.5 -0 0.5 0 -1.5 -0.5 -0.5 0.5 0.5 1.5 1 0.5 1 1 2.5 0.5 -1 1 -0.5 -0.5 0.5 -0.5 1.5 0 1 -1 -0 -2.5 0.5 -0 -0 -2 0 2.5 -2 0 -0 -0 0 -1 -0.5 0 0.5 -1.5 -1 -0 1 0.5 1 -0.5 -0 1.5 0 -1 2 1 -1 -1.5 -0 -0 1 1 1.5 -1 0.5 -0 0 1 1.5 -1 1 1.5 0 -0.5 1 1.5 0.5 -0 -0.5 -0 0.5 2.5 -0 -1 1 -1.5 -1 0 1 -1 -1.5 -1 1","-0.5 -1.5 2 0.5 -0.5 -1 1 -0 -1.5 -2 1.5 -0.5 -0.5 1 -2.5 1 -1 1 -2.5 0 1 1 -0.5 -2 -2 -0.5 -1 -0.5 1.5 0.5 -1.5 -1 0.5 -0.5 0 0.5 -0 -0 1.5 1 -1.5 -0.5 1 -0 2 -0.5 -2 -1 -0 -2 1.5 0.5 -0.5 0 -1.5 -0.5 0 0 -0.5 -0 -0 0.5 0.5 0.5 0.5 -0 1.5 1 0.5 -1.5 -0.5 1 -1 1.5 -1.5 0 2 -0.5 -0.5 -0 -0 -0.5 1.5 0.5 -0.5 1.5 -0 1.5 -2 -1 0.5 2.5 -0 1 -1 -0.5 -0.5 -0.5 -1.5 -2 1.5 0.5 0.5 0.5 -0.5 0 -2.5 0 -1 -0 -1.5 -0 0.5 0 -2.5 1 0.5 1 -0 2.5 0.5 1.5 2 0.5 1 -0 2 -1 0.5 -0 1.5 2.5 0.5 1 -2 -1.5 -1.5 1 1 -1 -0.5 -1 0 0 2 0 0.5 -0.5 2.5 -0.5 -1 -1 -1.5 1.5 -1 -2.5 -0 2.5 1.5 -0 1 -1.5 -0.5 0.5 1.5 0 1 0 -2 -1.5 0.5 -0.5 1 -0.5 -1 0.5 -1 -0.5 -0.5 1.5 0.5 -1 0.5 2 -0.5 -1 -0 -1.5 0 0.5 2 0.5 0.5 -0.5 0.5 0.5 -0.5 1.5 -0.5 -0.5 0.5 0.5 -0 0 0 -1.5 1 -1 -0.5 -0 -0.5 -1.5 0 -1.5 -1 0.5 0 0 0.5 1 -0 -0 -1 -1 -0.5 -1 -2 -1 -1 -0.5 0.5 0.5 -0 -2 -2 -0.5 -1 -3 0 1 -2 0.5 -0.5 -0.5 -0 -2 1.5 -2.5 0.5 0.5 -0.5 0 1.5 2 -1 -0.5 -1 -0 0.5 -1 -0.5 -1 0 4.5 0 -0.5 0.5 0 0 -0 0 -1 -1.5 0.5 -0.5 0.5 -0 0.5 -0.5 0.5 1.5 -1 -1 -0.5 0.5 0.5 -2.5 -0.5 -0 -1.5 0.5 -0.5 -0.5 2.5 -0.5 0.5 1 1.5 -1 -0.5"
"wsr","less",FALSE,FALSE,0.95,0,"0.39073583817849283","-Inf","0.54003931465678578","-1.53730059101804 -1.1448704272976251 -1.5789196088396518 -0.83957764131651991 1.0586377003686531 1.8698560943395488 -2.373773344720322 0.3586396484936481 0.97689690977948196 -0.35169445073519773 1.4027772340583349 1.4478870718496806 -0.34643609529840586 1.1753544371138214 0.19806654464470241 -0.68602858200981975 -1.3565608688058624 0.739594127813338 1.1603879013038276 -0.073214385458773346 0.49066305729555271 -1.2791830912209461 1.5448451762077975 0.81367488694861723 0.73116635145345166 0.58746116908915058 -0.19488293608687973 0.77094956616527965 -0.44586885890566424 -0.2974241439829351 0.32455308218814721 -0.74521020538289906 1.7512981005078112 1.5258909258699702 -0.60593831490901739 -0.70248761839456586 0.99715804468105684 -0.88673733275691813 0.28029562483792619 1.5666536002302283 -0.26527885903917608 -0.27938211482120495 0.18735258540904043 -0.57258835128973029 0.42694447676949115 -0.50174537029172472 1.7814225314117977 -0.05812715435521848 1.4024790167788677 0.28659801104883259 1.9206940236343353 1.6367675558697745 -1.1038134024713953 -0.54225643113493072 1.1943539858859704 -0.70321636943462162 2.6539081735769949 0.60740273209716422 0.72679311789677559 1.2880369897822208 0.46053488900743372 1.040509916131158 -0.33742002609911087 -0.48246620556868819 0.024068664190462163 1.409506544128766 -0.65675404895637102 0.44101659615259792 0.8448840012879113 0.56640037654285669 0.64973094323603364 0.50072994715884378 -0.082257504266667503 0.49889840489672421 -0.78933860601325034 -0.81764978259146837 -0.14678261301580692 0.70590836819932845 -0.14734152711930604 -0.20652650004240597 0.94342330491872151 0.85510885919034929 -1.1879694644204839 0.64569112642728488 0.85020912047503727 -0.021669441024350644 0.50748915486806634 -1.1480147456317451 0.07117095879400126 -0.3289062124067032 1.9100846243316885 -0.56995865831483705 0.28512300271754448 -0.28460729152132441 -0.49126207259767757 -0.29051940222297029 -0.10472563728825912 0.56299895335771777 -0.49559675246911988 2.1431402441173772 0.37879355543241577 1.1488445839670904 0.286954448151303 -1.1337936410290188 0.52271640012131559 -0.65049519250646548 0.37428723686600396 -2.1390787464911925 -1.7561771830271897 0.56886731124020651 -0.81856288176955494 -0.33268408063390625 -0.083860880777292424 0.98562756803849538 -0.4211781153374094 -0.41798139486494384 -0.54575755938998616 0.83731651351619107 1.0413488640120274 2.361319369788621 1.1989120553319155 0.060455540229606669 1.7950875914084672 -1.0328052322216299 0.0066737770911594607 -2.4446476794149627 -1.211577035212172 0.24464990063495076 1.3957661609995258 2.2954285776079257 -1.8659422511039183 0.39534189377836487 2.1321297773052361 0.78005917121546764 1.3277573601551476 0.62339131126034064 0.022075359482404855 0.89770828473226927 2.1052415099453596 -0.082127468600877662 0.082321211255634241 -1.0257620692561613 0.1277282494931905 1.1829255624184043 1.0559453108494532 0.7367405008404222 -0.90603458377705648 -0.3469880660244084 0.45082501304147371 0.40373684965725465 2.221298743630582 -0.0082739677688914437 -1.0658680391748832 -0.75527912548698795 0.97005044493684855 1.577620660013122 -0.78682503765316758 -0.014022776621599231 1.1372119294504206 1.9843126593680893 0.48722513542133045 -0.025401785185103498 0.29063694289898523 1.513989090803233 -0.41231922204233734 0.62793736384894039 -0.35000902226721248 0.49958933650740622 0.76070893246473492 0.67949290752092006 0.8223970972073158 0.071660249187377373 0.74395058980155548 2.7917698218401572 -0.93997493365552187 1.4240463360896363 0.2208149788918225 1.5371285009875097 2.8825017111088092 2.192767709684242 1.5494375265822615 0.0035644457863574508 1.5911729408442792 -0.087755774119740448 1.2238488770381224 -1.0584898659335864 0.53092426826631489 0.3462414075618141 -0.34785240987799376 0.28756408947782708 0.72917428661639083 0.9549400636123917 -0.58583646777985443 1.6308054591487375 0.31914108715218575 0.29437486058073381 0.51115594984663348 1.0335108441620904 1.3884760879647366 0.77467903096447621 -0.96415326139954516 0.90150606533277999 1.5022961043958312 -0.37582399716399467 1.7459872508195151 2.9161212793908255 -1.0895425089503625 0.6673777868691253 -0.040848956475776632 0.63411901660439263 0.10358120546651722 -1.7421111032095411 -0.26809914293469012 -0.47074020041977555 0.57177187596876189 0.41807679564595501 1.5008736444256621 1.0004720451500591 0.3111871864479191 0.96486455575659757 0.80405759344922334 2.3453276814185595 0.62570146673947291 -1.1386721428045878 1.2074426704293997 -0.27330751158193606 -0.55565150291717025 0.7390399175631609 -0.30831619803528515 1.4031776037521841 0.16238888280457159 0.92499628054104788 -0.88116764581097562 -0.24545520446240637 -2.7163723098078765 0.33598948040106852 -0.12587185484290858 -0.14838727515135963 -2.1701356732145385 0.063223313913295998 2.6040774512937732 -2.0473446543687182 0.078645411314341301 -0.10499337911422957 -0.14741977947093587 0.18136305563660071 -0.81296530340461826 -0.38894356112650125 0.22882419755028882 0.3639772830059585 -1.5759470731206666 -0.85320694859839552 -0.22959575502635315 1.2051459420565098 0.41376684621008231 1.147915039011453 -0.28289538454177315 -0.21741522797103557 1.368792571807854 0.17809599474691268 -0.86020369443275158 1.8670712393772644 0.84955750930456153 -0.79370395269238192 -1.5512638279549702 -0.064712187475124916 -0.2334306838094396 1.2318512858646307 1.0370550382654342 1.4377266762582788 -0.80459329051598538 0.52773091204723976 -0.23515153667928274 0.010071905171705586 1.0975650286092495 1.7436584716785968 -1.2202336742251563 0.86292815577868498 1.7325724779867091 0.1038938226158477 -0.42986597442003699 0.9255114518601204 1.293910969808264 0.43670628166133685 -0.13327832694044378 -0.6379716676474303 -0.094834501976298169 0.41186933562403605 2.4135632323758083 -0.091740109533545 -0.85594402214547283 1.1583543830636633 -1.294361280111727 -1.2170531001507148 0.14530596651842198 1.2407003975748188 -0.75577537010034601 -1.4224368155801541 -0.92580837544376315 1.2483404482366998","-0.5423121606389979 -1.4531460019943527 1.8726302287315046 0.51237160060069231 -0.61358974439768144 -1.0106260108557132 0.79818040232669996 -0.100322519042176 -1.2829025147083821 -2.048917133370173 1.4012731708209154 -0.55316192064448511 -0.31788520882723731 0.94329281480979599 -2.4545063690950579 0.80352000097008314 -0.79867636412261478 0.92528607212298997 -2.6124160415695941 0.11188699138602531 1.0709978127299011 1.1575721034490825 -0.27726836824554535 -1.929591119685512 -1.8968478566852141 -0.35257955255410411 -1.1698458979446065 -0.39277534666770397 1.2974825661219132 0.26298803530765502 -1.306269020803281 -0.81205477331724296 0.58749168472862534 -0.28028618225292307 0.18586930433849633 0.39870574767987693 -0.038599016766453373 -0.12358236980994793 1.5960286581565808 1.0478572832945614 -1.5077506860304482 -0.45667288713812892 0.87251365258038749 -0.147719111154404 1.81346960666646 -0.66460885462888142 -1.8465946176554922 -1.2082577930097282 -0.24318157176526778 -1.8395937202120394 1.3902833145005302 0.6792489183084045 -0.70162229581572966 0.14051599118959404 -1.4086576735756888 -0.67936170819351749 0.081597284320304997 0.090672380024729091 -0.69844805126357812 -0.023339105282369755 -0.19253794426095616 0.45385311031079706 0.54200724221936314 0.45643028417291404 0.71917523013664197 -0.040421178352039143 1.4869409801855957 0.7539741046477294 0.62507005371248969 -1.276581124080193 -0.27229163140644658 0.99473651306403177 -0.82918924279437889 1.6060475516415338 -1.7493070880485393 0.23238423308440195 2.0178285261702644 -0.29176770290556103 -0.67838074631279599 -0.051478607319063445 -0.018844260978591546 -0.37656023620830414 1.4242868302896907 0.59820225617687861 -0.72288235068739026 1.5721373462612651 -0.24023655431475482 1.6326985984781437 -1.8306579315018976 -0.83724311374489535 0.73614469281331807 2.5284841368116986 -0.21798600064125678 1.0992371695268315 -0.88158354994804022 -0.48496327697935826 -0.46973038358956065 -0.26842441467853012 -1.6518580718208304 -2.1742472942882265 1.5493848329235205 0.68215783432095434 0.27914407985468292 0.5391674801313836 -0.31754715155452834 0.20600425276447659 -2.4821180747152916 0.14051234948389896 -1.1421722802312433 -0.20349663332469825 -1.6696349704564719 -0.16518167867235656 0.72514796574454943 0.0038305168977231891 -2.3883622248435414 1.1301040208554676 0.53116467215277929 0.91165609352911958 -0.093838417019675824 2.4933904374069762 0.54036229260856417 1.6055637724545502 1.7859694609727665 0.73205205868043688 0.93447883575200674 -0.092356716484934556 1.8071332705695473 -1.0214992481027285 0.31677051416426188 -0.1330129871529783 1.5837051095265278 2.2840553120336717 0.56994879832577094 1.1598567968690849 -2.1421107170223106 -1.4459380843170202 -1.4438336461947976 0.82891167217854267 0.96280644411396665 -0.79363780035128029 -0.69323376491558142 -0.97573547688779516 0.19734098878086603 0.07208226138875401 1.8155738780042137 0.084378496588461652 0.45481764975578698 -0.60589666856826752 2.7004994874114572 -0.52806591712811235 -0.9635694221523502 -1.2067317299108862 -1.669132752938371 1.2898042546600534 -1.1360604751739345 -2.3733815709139066 -0.048736025000854152 2.5597269468898016 1.6732152558486721 -0.069863309368097107 0.93257892747846649 -1.5756543024695204 -0.38187710596906593 0.47614321011456878 1.5001513047346064 0.23307567359163858 0.75001715124669643 0.15942859165957141 -2.1168553456755297 -1.3589117701673823 0.30616898386317976 -0.69300738382119187 1.1081305486822077 -0.69037718506924906 -0.9313730095327154 0.57437318648333291 -1.1000060582938198 -0.62347800260907382 -0.4257553043028916 1.4393363390738951 0.40999972905505322 -1.1353921748360465 0.45896045381193562 1.7841419099318827 -0.51515287368744211 -1.1988231200866948 -0.028383098623732922 -1.4711334119500066 0.17118788488028297 0.40287627289231859 1.7977623083662642 0.37436535201756593 0.61096063129676881 -0.60742140418388713 0.31143663802033777 0.5269370250279698 -0.34010068922157594 1.7339952729247257 -0.29608985617717754 -0.72696186892283277 0.5263770221119034 0.68497613973057392 -0.16613924648183678 0.046682717995103838 0.00021216297360655774 -1.2504973538053978 0.83995722007199891 -1.188997711295066 -0.45135660337364758 -0.1057808212215216 -0.43451332802190812 -1.687542158413865 0.039345057674934625 -1.30168609758165 -1.1672898828173544 0.48830166362164484 0.12602730993750233 0.16051567296173486 0.50286942937241796 0.79691929058067268 -0.11613801492772914 -0.23580778002994782 -0.78452292995243322 -0.81986009471982579 -0.44859423083911298 -0.89865977814406561 -1.9803514678395606 -1.1816010903122185 -1.2420087647497944 -0.43774971505673194 0.26381224178706564 0.70198173495713267 -0.055558771502816691 -1.8180719451632112 -1.773969855065314 -0.35279117104102437 -1.0301522676790458 -3.1175505446229081 0.11494380109747598 0.89890584193140144 -2.122394580819793 0.66164163838587864 -0.39323111246064135 -0.53335264874668542 -0.027092268978864902 -2.0565419877276265 1.6913622680131635 -2.2581574089574321 0.69376493670216999 0.52106492864694631 -0.54687010169180905 0.10585116400015614 1.3429336689055034 1.7706293501008969 -0.84119234169696255 -0.7348523229778815 -0.8771567460159001 -0.22119852225749953 0.61547776835592982 -0.98217247275025243 -0.73636984765036928 -1.1254213914216562 0.068347564599778157 4.5289356473935074 0.032418912455129664 -0.71440820787078563 0.30727719669829084 0.1334353954547563 0.028763625698262317 -0.14354268156238673 0.083500129444026808 -1.2425735401444116 -1.3942355946247009 0.49760633545878102 -0.60902895626724574 0.62736237029347819 -0.015281710189907108 0.26985563808091545 -0.50899082921066763 0.5407341692530081 1.545326044213448 -0.80852164451773978 -1.1765822706800755 -0.34213235415139048 0.74481775928309046 0.47504994375586707 -2.31768453007298 -0.46732068925778125 -0.13772097059221133 -1.3977545032475596 0.29332133931653248 -0.57229765141966649 -0.45560695674872054 2.2542575685654387 -0.36357259090549249 0.41034582025549854 0.98296435382672176 1.5234131362298011 -0.77060960436700088 -0.63881395935184881"
"wsr","less",FALSE,FALSE,0.9,0.5,"0.49996336854252621","-Inf","0.49999720805308728","-1.5 -1 -1.5 -1 1 2 -2.5 0.5 1 -0.5 1.5 1.5 -0.5 1 0 -0.5 -1.5 0.5 1 -0 0.5 -1.5 1.5 1 0.5 0.5 -0 1 -0.5 -0.5 0.5 -0.5 2 1.5 -0.5 -0.5 1 -1 0.5 1.5 -0.5 -0.5 0 -0.5 0.5 -0.5 2 -0 1.5 0.5 2 1.5 -1 -0.5 1 -0.5 2.5 0.5 0.5 1.5 0.5 1 -0.5 -0.5 0 1.5 -0.5 0.5 1 0.5 0.5 0.5 -0 0.5 -1 -1 -0 0.5 -0 -0 1 1 -1 0.5 1 -0 0.5 -1 0 -0.5 2 -0.5 0.5 -0.5 -0.5 -0.5 -0 0.5 -0.5 2 0.5 1 0.5 -1 0.5 -0.5 0.5 -2 -2 0.5 -1 -0.5 -0 1 -0.5 -0.5 -0.5 1 1 2.5 1 0 2 -1 0 -2.5 -1 0 1.5 2.5 -2 0.5 2 1 1.5 0.5 0 1 2 -0 0 -1 0 1 1 0.5 -1 -0.5 0.5 0.5 2 -0 -1 -1 1 1.5 -1 -0 1 2 0.5 -0 0.5 1.5 -0.5 0.5 -0.5 0.5 1 0.5 1 0 0.5 3 -1 1.5 0 1.5 3 2 1.5 0 1.5 -0 1 -1 0.5 0.5 -0.5 0.5 0.5 1 -0.5 1.5 0.5 0.5 0.5 1 1.5 1 -1 1 1.5 -0.5 1.5 3 -1 0.5 -0 0.5 0 -1.5 -0.5 -0.5 0.5 0.5 1.5 1 0.5 1 1 2.5 0.5 -1 1 -0.5 -0.5 0.5 -0.5 1.5 0 1 -1 -0 -2.5 0.5 -0 -0 -2 0 2.5 -2 0 -0 -0 0 -1 -0.5 0 0.5 -1.5 -1 -0 1 0.5 1 -0.5 -0 1.5 0 -1 2 1 -1 -1.5 -0 -0 1 1 1.5 -1 0.5 -0 0 1 1.5 -1 1 1.5 0 -0.5 1 1.5 0.5 -0 -0.5 -0 0.5 2.5 -0 -1 1 -1.5 -1 0 1 -1 -1.5 -1 1","-0.5 -1.5 2 0.5 -0.5 -1 1 -0 -1.5 -2 1.5 -0.5 -0.5 1 -2.5 1 -1 1 -2.5 0 1 1 -0.5 -2 -2 -0.5 -1 -0.5 1.5 0.5 -1.5 -1 0.5 -0.5 0 0.5 -0 -0 1.5 1 -1.5 -0.5 1 -0 2 -0.5 -2 -1 -0 -2 1.5 0.5 -0.5 0 -1.5 -0.5 0 0 -0.5 -0 -0 0.5 0.5 0.5 0.5 -0 1.5 1 0.5 -1.5 -0.5 1 -1 1.5 -1.5 0 2 -0.5 -0.5 -0 -0 -0.5 1.5 0.5 -0.5 1.5 -0 1.5 -2 -1 0.5 2.5 -0 1 -1 -0.5 -0.5 -0.5 -1.5 -2 1.5 0.5 0.5 0.5 -0.5 0 -2.5 0 -1 -0 -1.5 -0 0.5 0 -2.5 1 0.5 1 -0 2.5 0.5 1.5 2 0.5 1 -0 2 -1 0.5 -0 1.5 2.5 0.5 1 -2 -1.5 -1.5 1 1 -1 -0.5 -1 0 0 2 0 0.5 -0.5 2.5 -0.5 -1 -1 -1.5 1.5 -1 -2.5 -0 2.5 1.5 -0 1 -1.5 -0.5 0.5 1.5 0 1 0 -2 -1.5 0.5 -0.5 1 -0.5 -1 0.5 -1 -0.5 -0.5 1.5 0.5 -1 0.5 2 -0.5 -1 -0 -1.5 0 0.5 2 0.5 0.5 -0.5 0.5 0.5 -0.5 1.5 -0.5 -0.5 0.5 0.5 -0 0 0 -1.5 1 -1 -0.5 -0 -0.5 -1.5 0 -1.5 -1 0.5 0 0 0.5 1 -0 -0 -1 -1 -0.5 -1 -2 -1 -1 -0.5 0.5 0.5 -0 -2 -2 -0.5 -1 -3 0 1 -2 0.5 -0.5 -0.5 -0 -2 1.5 -2.5 0.5 0.5 -0.5 0 1.5 2 -1 -0.5 -1 -0 0.5 -1 -0.5 -1 0 4.5 0 -0.5 0.5 0 0 -0 0 -1 -1.5 0.5 -0.5 0.5 -0 0.5 -0.5 0.5 1.5 -1 -1 -0.5 0.5 0.5 -2.5 -0.5 -0 -1.5 0.5 -0.5 -0.5 2.5 -0.5 0.5 1 1.5 -1 -0.5"
"wsr","greater",TRUE,FALSE,0.95,0,"0.39073583817849283","0.24478587332091262","Inf","-1.53730059101804 -1.1448704272976251 -1.5789196088396518 -0.83957764131651991 1.0586377003686531 1.8698560943395488 -2.373773344720322 0.3586396484936481 0.97689690977948196 -0.35169445073519773 1.4027772340583349 1.4478870718496806 -0.34643609529840586 1.1753544371138214 0.19806654464470241 -0.68602858200981975 -1.3565608688058624 0.739594127813338 1.1603879013038276 -0.073214385458773346 0.49066305729555271 -1.2791830912209461 1.5448451762077975 0.81367488694861723 0.73116635145345166 0.58746116908915058 -0.19488293608687973 0.77094956616527965 -0.44586885890566424 -0.2974241439829351 0.32455308218814721 -0.74521020538289906 1.7512981005078112 1.5258909258699702 -0.60593831490901739 -0.70248761839456586 0.99715804468105684 -0.88673733275691813 0.28029562483792619 1.5666536002302283 -0.26527885903917608 -0.27938211482120495 0.18735258540904043 -0.57258835128973029 0.42694447676949115 -0.50174537029172472 1.7814225314117977 -0.05812715435521848 1.4024790167788677 0.28659801104883259 1.9206940236343353 1.6367675558697745 -1.1038134024713953 -0.54225643113493072 1.1943539858859704 -0.70321636943462162 2.6539081735769949 0.60740273209716422 0.72679311789677559 1.2880369897822208 0.46053488900743372 1.040509916131158 -0.33742002609911087 -0.48246620556868819 0.024068664190462163 1.409506544128766 -0.65675404895637102 0.44101659615259792 0.8448840012879113 0.56640037654285669 0.64973094323603364 0.50072994715884378 -0.082257504266667503 0.49889840489672421 -0.78933860601325034 -0.81764978259146837 -0.14678261301580692 0.70590836819932845 -0.14734152711930604 -0.20652650004240597 0.94342330491872151 0.85510885919034929 -1.1879694644204839 0.64569112642728488 0.85020912047503727 -0.021669441024350644 0.50748915486806634 -1.1480147456317451 0.07117095879400126 -0.3289062124067032 1.9100846243316885 -0.56995865831483705 0.28512300271754448 -0.28460729152132441 -0.49126207259767757 -0.29051940222297029 -0.10472563728825912 0.56299895335771777 -0.49559675246911988 2.1431402441173772 0.37879355543241577 1.1488445839670904 0.286954448151303 -1.1337936410290188 0.52271640012131559 -0.65049519250646548 0.37428723686600396 -2.1390787464911925 -1.7561771830271897 0.56886731124020651 -0.81856288176955494 -0.33268408063390625 -0.083860880777292424 0.98562756803849538 -0.4211781153374094 -0.41798139486494384 -0.54575755938998616 0.83731651351619107 1.0413488640120274 2.361319369788621 1.1989120553319155 0.060455540229606669 1.7950875914084672 -1.0328052322216299 0.0066737770911594607 -2.4446476794149627 -1.211577035212172 0.24464990063495076 1.3957661609995258 2.2954285776079257 -1.8659422511039183 0.39534189377836487 2.1321297773052361 0.78005917121546764 1.3277573601551476 0.62339131126034064 0.022075359482404855 0.89770828473226927 2.1052415099453596 -0.082127468600877662 0.082321211255634241 -1.0257620692561613 0.1277282494931905 1.1829255624184043 1.0559453108494532 0.7367405008404222 -0.90603458377705648 -0.3469880660244084 0.45082501304147371 0.40373684965725465 2.221298743630582 -0.0082739677688914437 -1.0658680391748832 -0.75527912548698795 0.97005044493684855 1.577620660013122 -0.78682503765316758 -0.014022776621599231 1.1372119294504206 1.9843126593680893 0.48722513542133045 -0.025401785185103498 0.29063694289898523 1.513989090803233 -0.41231922204233734 0.62793736384894039 -0.35000902226721248 0.49958933650740622 0.76070893246473492 0.67949290752092006 0.8223970972073158 0.071660249187377373 0.74395058980155548 2.7917698218401572 -0.93997493365552187 1.4240463360896363 0.2208149788918225 1.5371285009875097 2.8825017111088092 2.192767709684242 1.5494375265822615 0.0035644457863574508 1.5911729408442792 -0.087755774119740448 1.2238488770381224 -1.0584898659335864 0.53092426826631489 0.3462414075618141 -0.34785240987799376 0.28756408947782708 0.72917428661639083 0.9549400636123917 -0.58583646777985443 1.6308054591487375 0.31914108715218575 0.29437486058073381 0.51115594984663348 1.0335108441620904 1.3884760879647366 0.77467903096447621 -0.96415326139954516 0.90150606533277999 1.5022961043958312 -0.37582399716399467 1.7459872508195151 2.9161212793908255 -1.0895425089503625 0.6673777868691253 -0.040848956475776632 0.63411901660439263 0.10358120546651722 -1.7421111032095411 -0.26809914293469012 -0.47074020041977555 0.57177187596876189 0.41807679564595501 1.5008736444256621 1.0004720451500591 0.3111871864479191 0.96486455575659757 0.80405759344922334 2.3453276814185595 0.62570146673947291 -1.1386721428045878 1.2074426704293997 -0.27330751158193606 -0.55565150291717025 0.7390399175631609 -0.30831619803528515 1.4031776037521841 0.16238888280457159 0.92499628054104788 -0.88116764581097562 -0.24545520446240637 -2.7163723098078765 0.33598948040106852 -0.12587185484290858 -0.14838727515135963 -2.1701356732145385 0.063223313913295998 2.6040774512937732 -2.0473446543687182 0.078645411314341301 -0.10499337911422957 -0.14741977947093587 0.18136305563660071 -0.81296530340461826 -0.38894356112650125 0.22882419755028882 0.3639772830059585 -1.5759470731206666 -0.85320694859839552 -0.22959575502635315 1.2051459420565098 0.41376684621008231 1.147915039011453 -0.28289538454177315 -0.21741522797103557 1.368792571807854 0.17809599474691268 -0.86020369443275158 1.8670712393772644 0.84955750930456153 -0.79370395269238192 -1.5512638279549702 -0.064712187475124916 -0.2334306838094396 1.2318512858646307 1.0370550382654342 1.4377266762582788 -0.80459329051598538 0.52773091204723976 -0.23515153667928274 0.010071905171705586 1.0975650286092495 1.7436584716785968 -1.2202336742251563 0.86292815577868498 1.7325724779867091 0.1038938226158477 -0.42986597442003699 0.9255114518601204 1.293910969808264 0.43670628166133685 -0.13327832694044378 -0.6379716676474303 -0.094834501976298169 0.41186933562403605 2.4135632323758083 -0.091740109533545 -0.85594402214547283 1.1583543830636633 -1.294361280111727 -1.2170531001507148 0.14530596651842198 1.2407003975748188 -0.75577537010034601 -1.4224368155801541 -0.92580837544376315 1.2483404482366998","-0.5423121606389979 -1.4531460019943527 1.8726302287315046 0.51237160060069231 -0.61358974439768144 -1.0106260108557132 0.79818040232669996 -0.100322519042176 -1.2829025147083821 -2.048917133370173 1.4012731708209154 -0.55316192064448511 -0.31788520882723731 0.94329281480979599 -2.4545063690950579 0.80352000097008314 -0.79867636412261478 0.92528607212298997 -2.6124160415695941 0.11188699138602531 1.0709978127299011 1.1575721034490825 -0.27726836824554535 -1.929591119685512 -1.8968478566852141 -0.35257955255410411 -1.1698458979446065 -0.39277534666770397 1.2974825661219132 0.26298803530765502 -1.306269020803281 -0.81205477331724296 0.58749168472862534 -0.28028618225292307 0.18586930433849633 0.39870574767987693 -0.038599016766453373 -0.12358236980994793 1.5960286581565808 1.0478572832945614 -1.5077506860304482 -0.45667288713812892 0.87251365258038749 -0.147719111154404 1.81346960666646 -0.66460885462888142 -1.8465946176554922 -1.2082577930097282 -0.24318157176526778 -1.8395937202120394 1.3902833145005302 0.6792489183084045 -0.70162229581572966 0.14051599118959404 -1.4086576735756888 -0.67936170819351749 0.081597284320304997 0.090672380024729091 -0.69844805126357812 -0.023339105282369755 -0.19253794426095616 0.45385311031079706 0.54200724221936314 0.45643028417291404 0.71917523013664197 -0.040421178352039143 1.4869409801855957 0.7539741046477294 0.62507005371248969 -1.276581124080193 -0.27229163140644658 0.99473651306403177 -0.82918924279437889 1.6060475516415338 -1.7493070880485393 0.23238423308440195 2.0178285261702644 -0.29176770290556103 -0.67838074631279599 -0.051478607319063445 -0.018844260978591546 -0.37656023620830414 1.4242868302896907 0.59820225617687861 -0.72288235068739026 1.5721373462612651 -0.24023655431475482 1.6326985984781437 -1.8306579315018976 -0.83724311374489535 0.73614469281331807 2.5284841368116986 -0.21798600064125678 1.0992371695268315 -0.88158354994804022 -0.48496327697935826 -0.46973038358956065 -0.26842441467853012 -1.6518580718208304 -2.1742472942882265 1.5493848329235205 0.68215783432095434 0.27914407985468292 0.5391674801313836 -0.31754715155452834 0.20600425276447659 -2.4821180747152916 0.14051234948389896 -1.1421722802312433 -0.20349663332469825 -1.6696349704564719 -0.16518167867235656 0.72514796574454943 0.0038305168977231891 -2.3883622248435414 1.1301040208554676 0.53116467215277929 0.91165609352911958 -0.093838417019675824 2.4933904374069762 0.54036229260856417 1.6055637724545502 1.7859694609727665 0.73205205868043688 0.93447883575200674 -0.092356716484934556 1.8071332705695473 -1.0214992481027285 0.31677051416426188 -0.1330129871529783 1.5837051095265278 2.2840553120336717 0.56994879832577094 1.1598567968690849 -2.1421107170223106 -1.4459380843170202 -1.4438336461947976 0.82891167217854267 0.96280644411396665 -0.79363780035128029 -0.69323376491558142 -0.97573547688779516 0.19734098878086603 0.07208226138875401 1.8155738780042137 0.084378496588461652 0.45481764975578698 -0.60589666856826752 2.7004994874114572 -0.52806591712811235 -0.9635694221523502 -1.2067317299108862 -1.669132752938371 1.2898042546600534 -1.1360604751739345 -2.3733815709139066 -0.048736025000854152 2.5597269468898016 1.6732152558486721 -0.069863309368097107 0.93257892747846649 -1.5756543024695204 -0.38187710596906593 0.47614321011456878 1.5001513047346064 0.23307567359163858 0.75001715124669643 0.15942859165957141 -2.1168553456755297 -1.3589117701673823 0.30616898386317976 -0.69300738382119187 1.1081305486822077 -0.69037718506924906 -0.9313730095327154 0.57437318648333291 -1.1000060582938198 -0.62347800260907382 -0.4257553043028916 1.4393363390738951 0.40999972905505322 -1.1353921748360465 0.45896045381193562 1.7841419099318827 -0.51515287368744211 -1.1988231200866948 -0.028383098623732922 -1.4711334119500066 0.17118788488028297 0.40287627289231859 1.7977623083662642 0.37436535201756593 0.61096063129676881 -0.60742140418388713 0.31143663802033777 0.5269370250279698 -0.34010068922157594 1.7339952729247257 -0.29608985617717754 -0.72696186892283277 0.5263770221119034 0.68497613973057392 -0.16613924648183678 0.046682717995103838 0.00021216297360655774 -1.2504973538053978 0.83995722007199891 -1.188997711295066 -0.45135660337364758 -0.1057808212215216 -0.43451332802190812 -1.687542158413865 0.039345057674934625 -1.30168609758165 -1.1672898828173544 0.48830166362164484 0.12602730993750233 0.16051567296173486 0.50286942937241796 0.79691929058067268 -0.11613801492772914 -0.23580778002994782 -0.78452292995243322 -0.81986009471982579 -0.44859423083911298 -0.89865977814406561 -1.9803514678395606 -1.1816010903122185 -1.2420087647497944 -0.43774971505673194 0.26381224178706564 0.70198173495713267 -0.055558771502816691 -1.8180719451632112 -1.773969855065314 -0.35279117104102437 -1.0301522676790458 -3.1175505446229081 0.11494380109747598 0.89890584193140144 -2.122394580819793 0.66164163838587864 -0.39323111246064135 -0.53335264874668542 -0.027092268978864902 -2.0565419877276265 1.6913622680131635 -2.2581574089574321 0.69376493670216999 0.52106492864694631 -0.54687010169180905 0.10585116400015614 1.3429336689055034 1.7706293501008969 -0.84119234169696255 -0.7348523229778815 -0.8771567460159001 -0.22119852225749953 0.61547776835592982 -0.98217247275025243 -0.73636984765036928 -1.1254213914216562 0.068347564599778157 4.5289356473935074 0.032418912455129664 -0.71440820787078563 0.30727719669829084 0.1334353954547563 0.028763625698262317 -0.14354268156238673 0.083500129444026808 -1.2425735401444116 -1.3942355946247009 0.49760633545878102 -0.60902895626724574 0.62736237029347819 -0.015281710189907108 0.26985563808091545 -0.50899082921066763 0.5407341692530081 1.545326044213448 -0.80852164451773978 -1.1765822706800755 -0.34213235415139048 0.74481775928309046 0.47504994375586707 -2.31768453007298 -0.46732068925778125 -0.13772097059221133 -1.3977545032475596 0.29332133931653248 -0.57229765141966649 -0.45560695674872054 2.2542575685654387 -0.36357259090549249 0.41034582025549854 0.98296435382672176 1.5234131362298011 -0.77060960436700088 -0.63881395935184881"
"wsr","greater",TRUE,FALSE,0.9,0.5,"0.49996336854252621","0.25004925753837726","Inf","-1.5 -1 -1.5 -1 1 2 -2.5 0.5 1 -0.5 1.5 1.5 -0.5 1 0 -0.5 -1.5 0.5 1 -0 0.5 -1.5 1.5 1 0.5 0.5 -0 1 -0.5 -0.5 0.5 -0.5 2 1.5 -0.5 -0.5 1 -1 0.5 1.5 -0.5 -0.5 0 -0.5 0.5 -0.5 2 -0 1.5 0.5 2 1.5 -1 -0.5 1 -0.5 2.5 0.5 0.5 1.5 0.5 1 -0.5 -0.5 0 1.5 -0.5 0.5 1 0.5 0.5 0.5 -0 0.5 -1 -1 -0 0.5 -0 -0 1 1 -1 0.5 1 -0 0.5 -1 0 -0.5 2 -0.5 0.5 -0.5 -0.5 -0.5 -0 0.5 -0.5 2 0.5 1 0.5 -1 0.5 -0.5 0.5 -2 -2 0.5 -1 -0.5 -0 1 -0.5 -0.5 -0.5 1 1 2.5 1 0 2 -1 0 -2.5 -1 0 1.5 2.5 -2 0.5 2 1 1.5 0.5 0 1 2 -0 0 -1 0 1 1 0.5 -1 -0.5 0.5 0.5 2 -0 -1 -1 1 1.5 -1 -0 1 2 0.5 -0 0.5 1.5 -0.5 0.5 -0.5 0.5 1 0.5 1 0 0.5 3 -1 1.5 0 1.5 3 2 1.5 0 1.5 -0 1 -1 0.5 0.5 -0.5 0.5 0.5 1 -0.5 1.5 0.5 0.5 0.5 1 1.5 1 -1 1 1.5 -0.5 1.5 3 -1 0.5 -0 0.5 0 -1.5 -0.5 -0.5 0.5 0.5 1.5 1 0.5 1 1 2.5 0.5 -1 1 -0.5 -0.5 0.5 -0.5 1.5 0 1 -1 -0 -2.5 0.5 -0 -0 -2 0 2.5 -2 0 -0 -0 0 -1 -0.5 0 0.5 -1.5 -1 -0 1 0.5 1 -0.5 -0 1.5 0 -1 2 1 -1 -1.5 -0 -0 1 1 1.5 -1 0.5 -0 0 1 1.5 -1 1 1.5 0 -0.5 1 1.5 0.5 -0 -0.5 -0 0.5 2.5 -0 -1 1 -1.5 -1 0 1 -1 -1.5 -1 1","-0.5 -1.5 2 0.5 -0.5 -1 1 -0 -1.5 -2 1.5 -0.5 -0.5 1 -2.5 1 -1 1 -2.5 0 1 1 -0.5 -2 -2 -0.5 -1 -0.5 1.5 0.5 -1.5 -1 0.5 -0.5 0 0.5 -0 -0 1.5 1 -1.5 -0.5 1 -0 2 -0.5 -2 -1 -0 -2 1.5 0.5 -0.5 0 -1.5 -0.5 0 0 -0.5 -0 -0 0.5 0.5 0.5 0.5 -0 1.5 1 0.5 -1.5 -0.5 1 -1 1.5 -1.5 0 2 -0.5 -0.5 -0 -0 -0.5 1.5 0.5 -0.5 1.5 -0 1.5 -2 -1 0.5 2.5 -0 1 -1 -0.5 -0.5 -0.5 -1.5 -2 1.5 0.5 0.5 0.5 -0.5 0 -2.5 0 -1 -0 -1.5 -0 0.5 0 -2.5 1 0.5 1 -0 2.5 0.5 1.5 2 0.5 1 -0 2 -1 0.5 -0 1.5 2.5 0.5 1 -2 -1.5 -1.5 1 1 -1 -0.5 -1 0 0 2 0 0.5 -0.5 2.5 -0.5 -1 -1 -1.5 1.5 -1 -2.5 -0 2.5 1.5 -0 1 -1.5 -0.5 0.5 1.5 0 1 0 -2 -1.5 0.5 -0.5 1 -0.5 -1 0.5 -1 -0.5 -0.5 1.5 0.5 -1 0.5 2 -0.5 -1 -0 -1.5 0 0.5 2 0.5 0.5 -0.5 0.5 0.5 -0.5 1.5 -0.5 -0.5 0.5 0.5 -0 0 0 -1.5 1 -1 -0.5 -0 -0.5 -1.5 0 -1.5 -1 0.5 0 0 0.5 1 -0 -0 -1 -1 -0.5 -1 -2 -1 -1 -0.5 0.5 0.5 -0 -2 -2 -0.5 -1 -3 0 1 -2 0.5 -0.5 -0.5 -0 -2 1.5 -2.5 0.5 0.5 -0.5 0 1.5 2 -1 -0.5 -1 -0 0.5 -1 -0.5 -1 0 4.5 0 -0.5 0.5 0 0 -0 0 -1 -1.5 0.5 -0.5 0.5 -0 0.5 -0.5 0.5 1.5 -1 -1 -0.5 0.5 0.5 -2.5 -0.5 -0 -1.5 0.5 -0.5 -0.5 2.5 -0.5 0.5 1 1.5 -1 -0.5"
"wsr","greater",FALSE,FALSE,0.95,0,"0.39073583817849283","0.24487104700333281","Inf","-1.53730059101804 -1.1448704272976251 -1.5789196088396518 -0.83957764131651991 1.0586377003686531 1.8698560943395488 -2.373773344720322 0.3586396484936481 0.97689690977948196 -0.35169445073519773 1.4027772340583349 1.4478870718496806 -0.34643609529840586 1.1753544371138214 0.19806654464470241 -0.68602858200981975 -1.3565608688058624 0.739594127813338 1.1603879013038276 -0.073214385458773346 0.49066305729555271 -1.2791830912209461 1.5448451762077975 0.81367488694861723 0.73116635145345166 0.58746116908915058 -0.19488293608687973 0.77094956616527965 -0.44586885890566424 -0.2974241439829351 0.32455308218814721 -0.74521020538289906 1.7512981005078112 1.5258909258699702 -0.60593831490901739 -0.70248761839456586 0.99715804468105684 -0.88673733275691813 0.28029562483792619 1.5666536002302283 -0.26527885903917608 -0.27938211482120495 0.18735258540904043 -0.57258835128973029 0.42694447676949115 -0.50174537029172472 1.7814225314117977 -0.05812715435521848 1.4024790167788677 0.28659801104883259 1.9206940236343353 1.6367675558697745 -1.1038134024713953 -0.54225643113493072 1.1943539858859704 -0.70321636943462162 2.6539081735769949 0.60740273209716422 0.72679311789677559 1.2880369897822208 0.46053488900743372 1.040509916131158 -0.33742002609911087 -0.48246620556868819 0.024068664190462163 1.409506544128766 -0.65675404895637102 0.44101659615259792 0.8448840012879113 0.56640037654285669 0.64973094323603364 0.50072994715884378 -0.082257504266667503 0.49889840489672421 -0.78933860601325034 -0.81764978259146837 -0.14678261301580692 0.70590836819932845 -0.14734152711930604 -0.20652650004240597 0.94342330491872151 0.85510885919034929 -1.1879694644204839 0.64569112642728488 0.85020912047503727 -0.021669441024350644 0.50748915486806634 -1.1480147456317451 0.07117095879400126 -0.3289062124067032 1.9100846243316885 -0.56995865831483705 0.28512300271754448 -0.28460729152132441 -0.49126207259767757 -0.29051940222297029 -0.10472563728825912 0.56299895335771777 -0.49559675246911988 2.1431402441173772 0.37879355543241577 1.1488445839670904 0.286954448151303 -1.1337936410290188 0.52271640012131559 -0.65049519250646548 0.37428723686600396 -2.1390787464911925 -1.7561771830271897 0.56886731124020651 -0.81856288176955494 -0.33268408063390625 -0.083860880777292424 0.98562756803849538 -0.4211781153374094 -0.41798139486494384 -0.54575755938998616 0.83731651351619107 1.0413488640120274 2.361319369788621 1.1989120553319155 0.060455540229606669 1.7950875914084672 -1.0328052322216299 0.0066737770911594607 -2.4446476794149627 -1.211577035212172 0.24464990063495076 1.3957661609995258 2.2954285776079257 -1.8659422511039183 0.39534189377836487 2.1321297773052361 0.78005917121546764 1.3277573601551476 0.62339131126034064 0.022075359482404855 0.89770828473226927 2.1052415099453596 -0.082127468600877662 0.082321211255634241 -1.0257620692561613 0.1277282494931905 1.1829255624184043 1.0559453108494532 0.7367405008404222 -0.90603458377705648 -0.3469880660244084 0.45082501304147371 0.40373684965725465 2.221298743630582 -0.0082739677688914437 -1.0658680391748832 -0.75527912548698795 0.97005044493684855 1.577620660013122 -0.78682503765316758 -0.014022776621599231 1.1372119294504206 1.9843126593680893 0.48722513542133045 -0.025401785185103498 0.29063694289898523 1.513989090803233 -0.41231922204233734 0.62793736384894039 -0.35000902226721248 0.49958933650740622 0.76070893246473492 0.67949290752092006 0.8223970972073158 0.071660249187377373 0.74395058980155548 2.7917698218401572 -0.93997493365552187 1.4240463360896363 0.2208149788918225 1.5371285009875097 2.8825017111088092 2.192767709684242 1.5494375265822615 0.0035644457863574508 1.5911729408442792 -0.087755774119740448 1.2238488770381224 -1.0584898659335864 0.53092426826631489 0.3462414075618141 -0.34785240987799376 0.28756408947782708 0.72917428661639083 0.9549400636123917 -0.58583646777985443 1.6308054591487375 0.31914108715218575 0.29437486058073381 0.51115594984663348 1.0335108441620904 1.3884760879647366 0.77467903096447621 -0.96415326139954516 0.90150606533277999 1.5022961043958312 -0.37582399716399467 1.7459872508195151 2.9161212793908255 -1.0895425089503625 0.6673777868691253 -0.040848956475776632 0.63411901660439263 0.10358120546651722 -1.7421111032095411 -0.26809914293469012 -0.47074020041977555 0.57177187596876189 0.41807679564595501 1.5008736444256621 1.0004720451500591 0.3111871864479191 0.96486455575659757 0.80405759344922334 2.3453276814185595 0.62570146673947291 -1.1386721428045878 1.2074426704293997 -0.27330751158193606 -0.55565150291717025 0.7390399175631609 -0.30831619803528515 1.4031776037521841 0.16238888280457159 0.92499628054104788 -0.88116764581097562 -0.24545520446240637 -2.7163723098078765 0.33598948040106852 -0.12587185484290858 -0.14838727515135963 -2.1701356732145385 0.063223313913295998 2.6040774512937732 -2.0473446543687182 0.078645411314341301 -0.10499337911422957 -0.14741977947093587 0.18136305563660071 -0.81296530340461826 -0.38894356112650125 0.22882419755028882 0.3639772830059585 -1.5759470731206666 -0.85320694859839552 -0.22959575502635315 1.2051459420565098 0.41376684621008231 1.147915039011453 -0.28289538454177315 -0.21741522797103557 1.368792571807854 0.17809599474691268 -0.86020369443275158 1.8670712393772644 0.84955750930456153 -0.79370395269238192 -1.5512638279549702 -0.064712187475124916 -0.2334306838094396 1.2318512858646307 1.0370550382654342 1.4377266762582788 -0.80459329051598538 0.52773091204723976 -0.23515153667928274 0.010071905171705586 1.0975650286092495 1.7436584716785968 -1.2202336742251563 0.86292815577868498 1.7325724779867091 0.1038938226158477 -0.42986597442003699 0.9255114518601204 1.293910969808264 0.43670628166133685 -0.13327832694044378 -0.6379716676474303 -0.094834501976298169 0.41186933562403605 2.4135632323758083 -0.091740109533545 -0.85594402214547283 1.1583543830636633 -1.294361280111727 -1.2170531001507148 0.14530596651842198 1.2407003975748188 -0.75577537010034601 -1.4224368155801541 -0.92580837544376315 1.2483404482366998","-0.5423121606389979 -1.4531460019943527 1.8726302287315046 0.51237160060069231 -0.61358974439768144 -1.0106260108557132 0.79818040232669996 -0.100322519042176 -1.2829025147083821 -2.048917133370173 1.4012731708209154 -0.55316192064448511 -0.31788520882723731 0.94329281480979599 -2.4545063690950579 0.80352000097008314 -0.79867636412261478 0.92528607212298997 -2.6124160415695941 0.11188699138602531 1.0709978127299011 1.1575721034490825 -0.27726836824554535 -1.929591119685512 -1.8968478566852141 -0.35257955255410411 -1.1698458979446065 -0.39277534666770397 1.2974825661219132 0.26298803530765502 -1.306269020803281 -0.81205477331724296 0.58749168472862534 -0.28028618225292307 0.18586930433849633 0.39870574767987693 -0.038599016766453373 -0.12358236980994793 1.5960286581565808 1.0478572832945614 -1.5077506860304482 -0.45667288713812892 0.87251365258038749 -0.147719111154404 1.81346960666646 -0.66460885462888142 -1.8465946176554922 -1.2082577930097282 -0.24318157176526778 -1.8395937202120394 1.3902833145005302 0.6792489183084045 -0.70162229581572966 0.14051599118959404 -1.4086576735756888 -0.67936170819351749 0.081597284320304997 0.090672380024729091 -0.69844805126357812 -0.023339105282369755 -0.19253794426095616 0.45385311031079706 0.54200724221936314 0.45643028417291404 0.71917523013664197 -0.040421178352039143 1.4869409801855957 0.7539741046477294 0.62507005371248969 -1.276581124080193 -0.27229163140644658 0.99473651306403177 -0.82918924279437889 1.6060475516415338 -1.7493070880485393 0.23238423308440195 2.0178285261702644 -0.29176770290556103 -0.67838074631279599 -0.051478607319063445 -0.018844260978591546 -0.37656023620830414 1.4242868302896907 0.59820225617687861 -0.72288235068739026 1.5721373462612651 -0.24023655431475482 1.6326985984781437 -1.8306579315018976 -0.83724311374489535 0.73614469281331807 2.5284841368116986 -0.21798600064125678 1.0992371695268315 -0.88158354994804022 -0.48496327697935826 -0.46973038358956065 -0.26842441467853012 -1.6518580718208304 -2.1742472942882265 1.5493848329235205 0.68215783432095434 0.27914407985468292 0.5391674801313836 -0.31754715155452834 0.20600425276447659 -2.4821180747152916 0.14051234948389896 -1.1421722802312433 -0.20349663332469825 -1.6696349704564719 -0.16518167867235656 0.72514796574454943 0.0038305168977231891 -2.3883622248435414 1.1301040208554676 0.53116467215277929 0.91165609352911958 -0.093838417019675824 2.4933904374069762 0.54036229260856417 1.6055637724545502 1.7859694609727665 0.73205205868043688 0.93447883575200674 -0.092356716484934556 1.8071332705695473 -1.0214992481027285 0.31677051416426188 -0.1330129871529783 1.5837051095265278 2.2840553120336717 0.56994879832577094 1.1598567968690849 -2.1421107170223106 -1.4459380843170202 -1.4438336461947976 0.82891167217854267 0.96280644411396665 -0.79363780035128029 -0.69323376491558142 -0.97573547688779516 0.19734098878086603 0.07208226138875401 1.8155738780042137 0.084378496588461652 0.45481764975578698 -0.60589666856826752 2.7004994874114572 -0.52806591712811235 -0.9635694221523502 -1.2067317299108862 -1.669132752938371 1.2898042546600534 -1.1360604751739345 -2.3733815709139066 -0.048736025000854152 2.5597269468898016 1.6732152558486721 -0.069863309368097107 0.93257892747846649 -1.5756543024695204 -0.38187710596906593 0.47614321011456878 1.5001513047346064 0.23307567359163858 0.75001715124669643 0.15942859165957141 -2.1168553456755297 -1.3589117701673823 0.30616898386317976 -0.69300738382119187 1.1081305486822077 -0.69037718506924906 -0.9313730095327154 0.57437318648333291 -1.1000060582938198 -0.62347800260907382 -0.4257553043028916 1.4393363390738951 0.40999972905505322 -1.1353921748360465 0.45896045381193562 1.7841419099318827 -0.51515287368744211 -1.1988231200866948 -0.028383098623732922 -1.4711334119500066 0.17118788488028297 0.40287627289231859 1.7977623083662642 0.37436535201756593 0.61096063129676881 -0.60742140418388713 0.31143663802033777 0.5269370250279698 -0.34010068922157594 1.7339952729247257 -0.29608985617717754 -0.72696186892283277 0.5263770221119034 0.68497613973057392 -0.16613924648183678 0.046682717995103838 0.00021216297360655774 -1.2504973538053978 0.83995722007199891 -1.188997711295066 -0.45135660337364758 -0.1057808212215216 -0.43451332802190812 -1.687542158413865 0.039345057674934625 -1.30168609758165 -1.1672898828173544 0.48830166362164484 0.12602730993750233 0.16051567296173486 0.50286942937241796 0.79691929058067268 -0.11613801492772914 -0.23580778002994782 -0.78452292995243322 -0.81986009471982579 -0.44859423083911298 -0.89865977814406561 -1.9803514678395606 -1.1816010903122185 -1.2420087647497944 -0.43774971505673194 0.26381224178706564 0.70198173495713267 -0.055558771502816691 -1.8180719451632112 -1.773969855065314 -0.35279117104102437 -1.0301522676790458 -3.1175505446229081 0.11494380109747598 0.89890584193140144 -2.122394580819793 0.66164163838587864 -0.39323111246064135 -0.53335264874668542 -0.027092268978864902 -2.0565419877276265 1.6913622680131635 -2.2581574089574321 0.69376493670216999 0.52106492864694631 -0.54687010169180905 0.10585116400015614 1.3429336689055034 1.7706293501008969 -0.84119234169696255 -0.7348523229778815 -0.8771567460159001 -0.22119852225749953 0.61547776835592982 -0.98217247275025243 -0.73636984765036928 -1.1254213914216562 0.068347564599778157 4.5289356473935074 0.032418912455129664 -0.71440820787078563 0.30727719669829084 0.1334353954547563 0.028763625698262317 -0.14354268156238673 0.083500129444026808 -1.2425735401444116 -1.3942355946247009 0.49760633545878102 -0.60902895626724574 0.62736237029347819 -0.015281710189907108 0.26985563808091545 -0.50899082921066763 0.5407341692530081 1.545326044213448 -0.80852164451773978 -1.1765822706800755 -0.34213235415139048 0.74481775928309046 0.47504994375586707 -2.31768453007298 -0.46732068925778125 -0.13772097059221133 -1.3977545032475596 0.29332133931653248 -0.57229765141966649 -0.45560695674872054 2.2542575685654387 -0.36357259090549249 0.41034582025549854 0.98296435382672176 1.5234131362298011 -0.77060960436700088 -0.63881395935184881"
"wsr","greater",FALSE,FALSE,0.9,0.5,"0.49996336854252621","0.25003196054511267","Inf","-1.5 -1 -1.5 -1 1 2 -2.5 0.5 1 -0.5 1.5 1.5 -0.5 1 0 -0.5 -1.5 0.5 1 -0 0.5 -1.5 1.5 1 0.5 0.5 -0 1 -0.5 -0.5 0.5 -0.5 2 1.5 -0.5 -0.5 1 -1 0.5 1.5 -0.5 -0.5 0 -0.5 0.5 -0.5 2 -0 1.5 0.5 2 1.5 -1 -0.5 1 -0.5 2.5 0.5 0.5 1.5 0.5 1 -0.5 -0.5 0 1.5 -0.5 0.5 1 0.5 0.5 0.5 -0 0.5 -1 -1 -0 0.5 -0 -0 1 1 -1 0.5 1 -0 0.5 -1 0 -0.5 2 -0.5 0.5 -0.5 -0.5 -0.5 -0 0.5 -0.5 2 0.5 1 0.5 -1 0.5 -0.5 0.5 -2 -2 0.5 -1 -0.5 -0 1 -0.5 -0.5 -0.5 1 1 2.5 1 0 2 -1 0 -2.5 -1 0 1.5 2.5 -2 0.5 2 1 1.5 0.5 0 1 2 -0 0 -1 0 1 1 0.5 -1 -0.5 0.5 0.5 2 -0 -1 -1 1 1.5 -1 -0 1 2 0.5 -0 0.5 1.5 -0.5 0.5 -0.5 0.5 1 0.5 1 0 0.5 3 -1 1.5 0 1.5 3 2 1.5 0 1.5 -0 1 -1 0.5 0.5 -0.5 0.5 0.5 1 -0.5 1.5 0.5 0.5 0.5 1 1.5 1 -1 1 1.5 -0.5 1.5 3 -1 0.5 -0 0.5 0 -1.5 -0.5 -0.5 0.5 0.5 1.5 1 0.5 1 1 2.5 0.5 -1 1 -0.5 -0.5 0.5 -0.5 1.5 0 1 -1 -0 -2.5 0.5 -0 -0 -2 0 2.5 -2 0 -0 -0 0 -1 -0.5 0 0.5 -1.5 -1 -0 1 0.5 1 -0.5 -0 1.5 0 -1 2 1 -1 -1.5 -0 -0 1 1 1.5 -1 0.5 -0 0 1 1.5 -1 1 1.5 0 -0.5 1 1.5 0.5 -0 -0.5 -0 0.5 2.5 -0 -1 1 -1.5 -1 0 1 -1 -1.5 -1 1","-0.5 -1.5 2 0.5 -0.5 -1 1 -0 -1.5 -2 1.5 -0.5 -0.5 1 -2.5 1 -1 1 -2.5 0 1 1 -0.5 -2 -2 -0.5 -1 -0.5 1.5 0.5 -1.5 -1 0.5 -0.5 0 0.5 -0 -0 1.5 1 -1.5 -0.5 1 -0 2 -0.5 -2 -1 -0 -2 1.5 0.5 -0.5 0 -1.5 -0.5 0 0 -0.5 -0 -0 0.5 0.5 0.5 0.5 -0 1.5 1 0.5 -1.5 -0.5 1 -1 1.5 -1.5 0 2 -0.5 -0.5 -0 -0 -0.5 1.5 0.5 -0.5 1.5 -0 1.5 -2 -1 0.5 2.5 -0 1 -1 -0.5 -0.5 -0.5 -1.5 -2 1.5 0.5 0.5 0.5 -0.5 0 -2.5 0 -1 -0 -1.5 -0 0.5 0 -2.5 1 0.5 1 -0 2.5 0.5 1.5 2 0.5 1 -0 2 -1 0.5 -0 1.5 2.5 0.5 1 -2 -1.5 -1.5 1 1 -1 -0.5 -1 0 0 2 0 0.5 -0.5 2.5 -0.5 -1 -1 -1.5 1.5 -1 -2.5 -0 2.5 1.5 -0 1 -1.5 -0.5 0.5 1.5 0 1 0 -2 -1.5 0.5 -0.5 1 -0.5 -1 0.5 -1 -0.5 -0.5 1.5 0.5 -1 0.5 2 -0.5 -1 -0 -1.5 0 0.5 2 0.5 0.5 -0.5 0.5 0.5 -0.5 1.5 -0.5 -0.5 0.5 0.5 -0 0 0 -1.5 1 -1 -0.5 -0 -0.5 -1.5 0 -1.5 -1 0.5 0 0 0.5 1 -0 -0 -1 -1 -0.5 -1 -2 -1 -1 -0.5 0.5 0.5 -0 -2 -2 -0.5 -1 -3 0 1 -2 0.5 -0.5 -0.5 -0 -2 1.5 -2.5 0.5 0.5 -0.5 0 1.5 2 -1 -0.5 -1 -0 0.5 -1 -0.5 -1 0 4.5 0 -0.5 0.5 0 0 -0 0 -1 -1.5 0.5 -0.5 0.5 -0 0.5 -0.5 0.5 1.5 -1 -1 -0.5 0.5 0.5 -2.5 -0.5 -0 -1.5 0.5 -0.5 -0.5 2.5 -0.5 0.5 1 1.5 -1 -0.5"
"wsr","two.sided",FALSE,TRUE,0.95,0,"0.0082154384208965037","-0.77884870427129993","1.2361964119376394","1.7357650963348017 -0.95658087382082946 0.2015470673156185 0.45109898589359665 0.078049310304378089 0.5788907760426576 1.6768832968594694 1.0027064264474956 -0.4180701398992091 0.41164914805208475 0.36367007452557648 0.0086116720947301828","-1.2349481688699033 0.6060309977588757 0.569807315615946 0.31479829309420831 1.4834510923075532 0.56777228704951188 1.0590555666354544 0.35113616892497351 -0.35162614112456703 1.0188521025788051 -2.1751667481243446 1.499865081862688"
"wsr","two.sided",FALSE,TRUE,0.95,0.1,"0.0082154384208965037","-0.77884870427129993","1.2361964119376394","1.7357650963348017 -0.95658087382082946 0.2015470673156185 0.45109898589359665 0.078049310304378089 0.5788907760426576 1.6768832968594694 1.0027064264474956 -0.4180701398992091 0.41164914805208475 0.36367007452557648 0.0086116720947301828","-1.2349481688699033 0.6060309977588757 0.569807315615946 0.31479829309420831 1.4834510923075532 0.56777228704951188 1.0590555666354544 0.35113616892497351 -0.35162614112456703 1.0188521025788051 -2.1751667481243446 1.499865081862688"
"wsr","two.sided",FALSE,TRUE,0.8,0,"0.0082154384208965037","-0.60720295452672035","0.63469899387326856","1.7357650963348017 -0.95658087382082946 0.2015470673156185 0.45109898589359665 0.078049310304378089 0.5788907760426576 1.6768832968594694 1.0027064264474956 -0.4180701398992091 0.41164914805208475 0.36367007452557648 0.0086116720947301828","-1.2349481688699033 0.6060309977588757 0.569807315615946 0.31479829309420831 1.4834510923075532 0.56777228704951188 1.0590555666354544 0.35113616892497351 -0.35162614112456703 1.0188521025788051 -2.1751667481243446 1.499865081862688"
"wsr","two.sided",FALSE,TRUE,0.8,0.1,"0.0082154384208965037","-0.60720295452672035","0.63469899387326856","1.7357650963348017 -0.95658087382082946 0.2015470673156185 0.45109898589359665 0.078049310304378089 0.5788907760426576 1.6768832968594694 1.0027064264474956 -0.4180701398992091 0.41164914805208475 0.36367007452557648 0.0086116720947301828","-1.2349481688699033 0.6060309977588757 0.569807315615946 0.31479829309420831 1.4834510923075532 0.56777228704951188 1.0590555666354544 0.35113616892497351 -0.35162614112456703 1.0188521025788051 -2.1751667481243446 1.499865081862688"
"wsr","less",FALSE,TRUE,0.95,0,"0.0082154384208965037","-Inf","0.78265574160076501","1.7357650963348017 -0.95658087382082946 0.2015470673156185 0.45109898589359665 0.078049310304378089 0.5788907760426576 1.6768832968594694 1.0027064264474956 -0.4180701398992091 0.41164914805208475 0.36367007452557648 0.0086116720947301828","-1.2349481688699033 0.6060309977588757 0.569807315615946 0.31479829309420831 1.4834510923075532 0.56777228704951188 1.0590555666354544 0.35113616892497351 -0.35162614112456703 1.0188521025788051 -2.1751667481243446 1.499865081862688"
"wsr","less",FALSE,TRUE,0.95,0.1,"0.0082154384208965037","-Inf","0.78265574160076501","1.7357650963348017 -0.95658087382082946 0.2015470673156185 0.45109898589359665 0.078049310304378089 0.5788907760426576 1.6768832968594694 1.0027064264474956 -0.4180701398992091 0.41164914805208475 0.36367007452557648 0.0086116720947301828","-1.2349481688699033 0.6060309977588757 0.569807315615946 0.31479829309420831 1.4834510923075532 0.56777228704951188 1.0590555666354544 0.35113616892497351 -0.35162614112456703 1.0188521025788051 -2.1751667481243446 1.499865081862688"
"wsr","less",FALSE,TRUE,0.8,0,"0.0082154384208965037","-Inf","0.37706421151170166","1.7357650963348017 -0.95658087382082946 0.2015470673156185 0.45109898589359665 0.078049310304378089 0.5788907760426576 1.6768832968594694 1.0027064264474956 -0.4180701398992091 0.41164914805208475 0.36367007452557648 0.0086116720947301828","-1.2349481688699033 0.6060309977588757 0.569807315615946 0.31479829309420831 1.4834510923075532 0.56777228704951188 1.0590555666354544 0.35113616892497351 -0.35162614112456703 1.0188521025788051 -2.1751667481243446 1.499865081862688"
"wsr","less",FALSE,TRUE,0.8,0.1,"0.0082154384208965037","-Inf","0.37706421151170166","1.7357650963348017 -0.95658087382082946 0.2015470673156185 0.45109898589359665 0.078049310304378089 0.5788907760426576 1.6768832968594694 1.0027064264474956 -0.4180701398992091 0.41164914805208475 0.36367007452557648 0.0086116720947301828","-1.2349481688699033 0.6060309977588757 0.569807315615946 0.31479829309420831 1.4834510923075532 0.56777228704951188 1.0590555666354544 0.35113616892497351 -0.35162614112456703 1.0188521025788051 -2.1751667481243446 1.499865081862688"
"wsr","greater",FALSE,TRUE,0.95,0,"0.0082154384208965037","-0.71315558939015844","Inf","1.7357650963348017 -0.95658087382082946 0.2015470673156185 0.45109898589359665 0.078049310304378089 0.5788907760426576 1.6768832968594694 1.0027064264474956 -0.4180701398992091 0.41164914805208475 0.36367007452557648 0.0086116720947301828","-1.2349481688699033 0.6060309977588757 0.569807315615946 0.31479829309420831 1.4834510923075532 0.56777228704951188 1.0590555666354544 0.35113616892497351 -0.35162614112456703 1.0188521025788051 -2.1751667481243446 1.499865081862688"
"wsr","greater",FALSE,TRUE,0.95,0.1,"0.0082154384208965037","-0.71315558939015844","Inf","1.7357650963348017 -0.95658087382082946 0.2015470673156185 0.45109898589359665 0.078049310304378089 0.5788907760426576 1.6768832968594694 1.0027064264474956 -0.4180701398992091 0.41164914805208475 0.36367007452557648 0.0086116720947301828","-1.2349481688699033 0.6060309977588757 0.569807315615946 0.31479829309420831 1.4834510923075532 0.56777228704951188 1.0590555666354544 0.35113616892497351 -0.35162614112456703 1.0188521025788051 -2.1751667481243446 1.499865081862688"
"wsr","greater",FALSE,TRUE,0.8,0,"0.0082154384208965037","-0.39378702588958014","Inf","1.7357650963348017 -0.95658087382082946 0.2015470673156185 0.45109898589359665 0.078049310304378089 0.5788907760426576 1.6768832968594694 1.0027064264474956 -0.4180701398992091 0.41164914805208475 0.36367007452557648 0.0086116720947301828","-1.2349481688699033 0.6060309977588757 0.569807315615946 0.31479829309420831 1.4834510923075532 0.56777228704951188 1.0590555666354544 0.35113616892497351 -0.35162614112456703 1.0188521025788051 -2.1751667481243446 1.499865081862688"
"wsr","greater",FALSE,TRUE,0.8,0.1,"0.0082154384208965037","-0.39378702588958014","Inf","1.7357650963348017 -0.95658087382082946 0.2015470673156185 0.45109898589359665 0.078049310304378089 0.5788907760426576 1.6768832968594694 1.0027064264474956 -0.4180701398992091 0.41164914805208475 0.36367007452557648 0.0086116720947301828","-1.2349481688699033 0.6060309977588757 0.569807315615946 0.31479829309420831 1.4834510923075532 0.56777228704951188 1.0590555666354544 0.35113616892497351 -0.35162614112456703 1.0188521025788051 -2.1751667481243446 1.499865081862688"
"wsr","two.sided",FALSE,TRUE,0.95,0,"-0.053112607589038019","-0.64905956289007105","0.52771457421588397","-0.34398284972188181 -1.8413249334042112 0.15084772941964372 -0.98349564675844436 2.3296200908816562 1.3352967867551953 0.39751578029693546 0.54368939289695595 0.19635735270387339 -1.8509504581497505 1.8230199575712471 2.476716482905239 1.1355202579686907 -0.12561522683354809 1.3410731854331366 0.60925315929945745 -0.2927936405711245 -0.59525269886440779 0.3081344282743449 -0.26352695744183624 0.24950153266647845 0.72649855388789764 -0.29943457958161274 -1.1380061301191262 -0.52513579088600526 -0.094554286917597763 -1.062961591958232 0.16372272111083275 -0.48696164542947934 0.38222241289750886","-0.14387803053019568 -1.2210498891877954 0.17014141313848841 1.8278752987628268 -1.6486620804979377 2.3356280769320712 -1.1440046737923377 2.4796230921759523 -1.0943539934209952 0.0050202880009847673 0.99493438967169912 -0.010570711038372054 -0.20235384043562329 -0.77048627101912215 -0.15068225872622737 0.2153885040071323 0.081260363605293817 0.61728972109843849 0.040305639276002607 -0.31918320078433227 -0.04900592681447416 0.31328002648323966 2.304546458651318 -1.4672788092942326 1.1862018622987949 2.061608028380975 0.060115346730924737 -1.511981471537351 -0.015042729204195899 0.37940892794420178"
"wsr","two.sided",FALSE,TRUE,0.95,0.1,"-0.053112607589038019","-0.64905956289007105","0.52771457421588397","-0.34398284972188181 -1.8413249334042112 0.15084772941964372 -0.98349564675844436 2.3296200908816562 1.3352967867551953 0.39751578029693546 0.54368939289695595 0.19635735270387339 -1.8509504581497505 1.8230199575712471 2.476716482905239 1.1355202579686907 -0.12561522683354809 1.3410731854331366 0.60925315929945745 -0.2927936405711245 -0.59525269886440779 0.3081344282743449 -0.26352695744183624 0.24950153266647845 0.72649855388789764 -0.29943457958161274 -1.1380061301191262 -0.52513579088600526 -0.094554286917597763 -1.062961591958232 0.16372272111083275 -0.48696164542947934 0.38222241289750886","-0.14387803053019568 -1.2210498891877954 0.17014141313848841 1.8278752987628268 -1.6486620804979377 2.3356280769320712 -1.1440046737923377 2.4796230921759523 -1.0943539934209952 0.0050202880009847673 0.99493438967169912 -0.010570711038372054 -0.20235384043562329 -0.77048627101912215 -0.15068225872622737 0.2153885040071323 0.081260363605293817 0.61728972109843849 0.040305639276002607 -0.31918320078433227 -0.04900592681447416 0.31328002648323966 2.304546458651318 -1.4672788092942326 1.1862018622987949 2.061608028380975 0.060115346730924737 -1.511981471537351 -0.015042729204195899 0.37940892794420178"
"wsr","two.sided",FALSE,TRUE,0.8,0,"-0.053112607589038019","-0.42298646020085084","0.31399037435393096","-0.34398284972188181 -1.8413249334042112 0.15084772941964372 -0.98349564675844436 2.3296200908816562 1.3352967867551953 0.39751578029693546 0.54368939289695595 0.19635735270387339 -1.8509504581497505 1.8230199575712471 2.476716482905239 1.1355202579686907 -0.12561522683354809 1.3410731854331366 0.60925315929945745 -0.2927936405711245 -0.59525269886440779 0.3081344282743449 -0.26352695744183624 0.24950153266647845 0.72649855388789764 -0.29943457958161274 -1.1380061301191262 -0.52513579088600526 -0.094554286917597763 -1.062961591958232 0.16372272111083275 -0.48696164542947934 0.38222241289750886","-0.14387803053019568 -1.2210498891877954 0.17014141313848841 1.8278752987628268 -1.6486620804979377 2.3356280769320712 -1.1440046737923377 2.4796230921759523 -1.0943539934209952 0.0050202880009847673 0.99493438967169912 -0.010570711038372054 -0.20235384043562329 -0.77048627101912215 -0.15068225872622737 0.2153885040071323 0.081260363605293817 0.61728972109843849 0.040305639276002607 -0.31918320078433227 -0.04900592681447416 0.31328002648323966 2.304546458651318 -1.4672788092942326 1.1862018622987949 2.061608028380975 0.060115346730924737 -1.511981471537351 -0.015042729204195899 0.37940892794420178"
"wsr","two.sided",FALSE,TRUE,0.8,0.1,"-0.053112607589038019","-0.42298646020085084","0.31399037435393096","-0.34398284972188181 -1.8413249334042112 0.15084772941964372 -0.98349564675844436 2.3296200908816562 1.3352967867551953 0.39751578029693546 0.54368939289695595 0.19635735270387339 -1.8509504581497505 1.8230199575712471 2.476716482905239 1.1355202579686907 -0.12561522683354809 1.3410731854331366 0.60925315929945745 -0.2927936405711245 -0.59525269886440779 0.3081344282743449 -0.26352695744183624 0.24950153266647845 0.72649855388789764 -0.29943457958161274 -1.1380061301191262 -0.52513579088600526 -0.094554286917597763 -1.062961591958232 0.16372272111083275 -0.48696164542947934 0.38222241289750886","-0.14387803053019568 -1.2210498891877954 0.17014141313848841 1.8278752987628268 -1.6486620804979377 2.3356280769320712 -1.1440046737923377 2.4796230921759523 -1.0943539934209952 0.0050202880009847673 0.99493438967169912 -0.010570711038372054 -0.20235384043562329 -0.77048627101912215 -0.15068225872622737 0.2153885040071323 0.081260363605293817 0.61728972109843849 0.040305639276002607 -0.31918320078433227 -0.04900592681447416 0.31328002648323966 2.304546458651318 -1.4672788092942326 1.1862018622987949 2.061608028380975 0.060115346730924737 -1.511981471537351 -0.015042729204195899 0.37940892794420178"
"wsr","less",FALSE,TRUE,0.95,0,"-0.053112607589038019","-Inf","0.4093962149497925","-0.34398284972188181 -1.8413249334042112 0.15084772941964372 -0.98349564675844436 2.3296200908816562 1.3352967867551953 0.39751578029693546 0.54368939289695595 0.19635735270387339 -1.8509504581497505 1.8230199575712471 2.476716482905239 1.1355202579686907 -0.12561522683354809 1.3410731854331366 0.60925315929945745 -0.2927936405711245 -0.59525269886440779 0.3081344282743449 -0.26352695744183624 0.24950153266647845 0.72649855388789764 -0.29943457958161274 -1.1380061301191262 -0.52513579088600526 -0.094554286917597763 -1.062961591958232 0.16372272111083275 -0.48696164542947934 0.38222241289750886","-0.14387803053019568 -1.2210498891877954 0.17014141313848841 1.8278752987628268 -1.6486620804979377 2.3356280769320712 -1.1440046737923377 2.4796230921759523 -1.0943539934209952 0.0050202880009847673 0.99493438967169912 -0.010570711038372054 -0.20235384043562329 -0.77048627101912215 -0.15068225872622737 0.2153885040071323 0.081260363605293817 0.61728972109843849 0.040305639276002607 -0.31918320078433227 -0.04900592681447416 0.31328002648323966 2.304546458651318 -1.4672788092942326 1.1862018622987949 2.061608028380975 0.060115346730924737 -1.511981471537351 -0.015042729204195899 0.37940892794420178"
"wsr","less",FALSE,TRUE,0.95,0.1,"-0.053112607589038019","-Inf","0.4093962149497925","-0.34398284972188181 -1.8413249334042112 0.15084772941964372 -0.98349564675844436 2.3296200908816562 1.3352967867551953 0.39751578029693546 0.54368939289695595 0.19635735270387339 -1.8509504581497505 1.8230199575712471 2.476716482905239 1.1355202579686907 -0.12561522683354809 1.3410731854331366 0.60925315929945745 -0.2927936405711245 -0.59525269886440779 0.3081344282743449 -0.26352695744183624 0.24950153266647845 0.72649855388789764 -0.29943457958161274 -1.1380061301191262 -0.52513579088600526 -0.094554286917597763 -1.062961591958232 0.16372272111083275 -0.48696164542947934 0.38222241289750886","-0.14387803053019568 -1.2210498891877954 0.17014141313848841 1.8278752987628268 -1.6486620804979377 2.3356280769320712 -1.1440046737923377 2.4796230921759523 -1.0943539934209952 0.0050202880009847673 0.99493438967169912 -0.010570711038372054 -0.20235384043562329 -0.77048627101912215 -0.15068225872622737 0.2153885040071323 0.081260363605293817 0.61728972109843849 0.040305639276002607 -0.31918320078433227 -0.04900592681447416 0.31328002648323966 2.304546458651318 -1.4672788092942326 1.1862018622987949 2.061608028380975 0.060115346730924737 -1.511981471537351 -0.015042729204195899 0.37940892794420178"
"wsr","less",FALSE,TRUE,0.8,0,"-0.053112607589038019","-Inf","0.18728548578674026","-0.34398284972188181 -1.8413249334042112 0.15084772941964372 -0.98349564675844436 2.3296200908816562 1.3352967867551953 0.39751578029693546 0.54368939289695595 0.19635735270387339 -1.8509504581497505 1.8230199575712471 2.476716482905239 1.1355202579686907 -0.12561522683354809 1.3410731854331366 0.60925315929945745 -0.2927936405711245 -0.59525269886440779 0.3081344282743449 -0.26352695744183624 0.24950153266647845 0.72649855388789764 -0.29943457958161274 -1.1380061301191262 -0.52513579088600526 -0.094554286917597763 -1.062961591958232 0.16372272111083275 -0.48696164542947934 0.38222241289750886","-0.14387803053019568 -1.2210498891877954 0.17014141313848841 1.8278752987628268 -1.6486620804979377 2.3356280769320712 -1.1440046737923377 2.4796230921759523 -1.0943539934209952 0.0050202880009847673 0.99493438967169912 -0.010570711038372054 -0.20235384043562329 -0.77048627101912215 -0.15068225872622737 0.2153885040071323 0.081260363605293817 0.61728972109843849 0.040305639276002607 -0.31918320078433227 -0.04900592681447416 0.31328002648323966 2.304546458651318 -1.4672788092942326 1.1862018622987949 2.061608028380975 0.060115346730924737 -1.511981471537351 -0.015042729204195899 0.37940892794420178"
"wsr","less",FALSE,TRUE,0.8,0.1,"-0.053112607589038019","-Inf","0.18728548578674026","-0.34398284972188181 -1.8413249334042112 0.15084772941964372 -0.98349564675844436 2.3296200908816562 1.3352967867551953 0.39751578029693546 0.54368939289695595 0.19635735270387339 -1.8509504581497505 1.8230199575712471 2.476716482905239 1.1355202579686907 -0.12561522683354809 1.3410731854331366 0.60925315929945745 -0.2927936405711245 -0.59525269886440779 0.3081344282743449 -0.26352695744183624 0.24950153266647845 0.72649855388789764 -0.29943457958161274 -1.1380061301191262 -0.52513579088600526 -0.094554286917597763 -1.062961591958232 0.16372272111083275 -0.48696164542947934 0.38222241289750886","-0.14387803053019568 -1.2210498891877954 0.17014141313848841 1.8278752987628268 -1.6486620804979377 2.3356280769320712 -1.1440046737923377 2.4796230921759523 -1.0943539934209952 0.0050202880009847673 0.99493438967169912 -0.010570711038372054 -0.20235384043562329 -0.77048627101912215 -0.15068225872622737 0.2153885040071323 0.081260363605293817 0.61728972109843849 0.040305639276002607 -0.31918320078433227 -0.04900592681447416 0.31328002648323966 2.304546458651318 -1.4672788092942326 1.1862018622987949 2.061608028380975 0.060115346730924737 -1.511981471537351 -0.015042729204195899 0.37940892794420178"
"wsr","greater",FALSE,TRUE,0.95,0,"-0.053112607589038019","-0.55392406568972419","Inf","-0.34398284972188181 -1.8413249334042112 0.15084772941964372 -0.98349564675844436 2.3296200908816562 1.3352967867551953 0.39751578029693546 0.54368939289695595 0.19635735270387339 -1.8509504581497505 1.8230199575712471 2.476716482905239 1.1355202579686907 -0.12561522683354809 1.3410731854331366 0.60925315929945745 -0.2927936405711245 -0.59525269886440779 0.3081344282743449 -0.26352695744183624 0.24950153266647845 0.72649855388789764 -0.29943457958161274 -1.1380061301191262 -0.52513579088600526 -0.094554286917597763 -1.062961591958232 0.16372272111083275 -0.48696164542947934 0.38222241289750886","-0.14387803053019568 -1.2210498891877954 0.17014141313848841 1.8278752987628268 -1.6486620804979377 2.3356280769320712 -1.1440046737923377 2.4796230921759523 -1.0943539934209952 0.0050202880009847673 0.99493438967169912 -0.010570711038372054 -0.20235384043562329 -0.77048627101912215 -0.15068225872622737 0.2153885040071323 0.081260363605293817 0.61728972109843849 0.040305639276002607 -0.31918320078433227 -0.04900592681447416 0.31328002648323966 2.304546458651318 -1.4672788092942326 1.1862018622987949 2.061608028380975 0.060115346730924737 -1.511981471537351 -0.015042729204195899 0.37940892794420178"
"wsr","greater",FALSE,TRUE,0.95,0.1,"-0.053112607589038019","-0.55392406568972419","Inf","-0.34398284972188181 -1.8413249334042112 0.15084772941964372 -0.98349564675844436 2.3296200908816562 1.3352967867551953 0.39751578029693546 0.54368939289695595 0.19635735270387339 -1.8509504581497505 1.8230199575712471 2.476716482905239 1.1355202579686907 -0.12561522683354809 1.3410731854331366 0.60925315929945745 -0.2927936405711245 -0.59525269886440779 0.3081344282743449 -0.26352695744183624 0.24950153266647845 0.72649855388789764 -0.29943457958161274 -1.1380061301191262 -0.52513579088600526 -0.094554286917597763 -1.062961591958232 0.16372272111083275 -0.48696164542947934 0.38222241289750886","-0.14387803053019568 -1.2210498891877954 0.17014141313848841 1.8278752987628268 -1.6486620804979377 2.3356280769320712 -1.1440046737923377 2.4796230921759523 -1.0943539934209952 0.0050202880009847673 0.99493438967169912 -0.010570711038372054 -0.20235384043562329 -0.77048627101912215 -0.15068225872622737 0.2153885040071323 0.081260363605293817 0.61728972109843849 0.040305639276002607 -0.31918320078433227 -0.04900592681447416 0.31328002648323966 2.304546458651318 -1.4672788092942326 1.1862018622987949 2.061608028380975 0.060115346730924737 -1.511981471537351 -0.015042729204195899 0.37940892794420178"
"wsr","greater",FALSE,TRUE,0.8,0,"-0.053112607589038019","-0.29355638138610896","Inf","-0.34398284972188181 -1.8413249334042112 0.15084772941964372 -0.98349564675844436 2.3296200908816562 1.3352967867551953 0.39751578029693546 0.54368939289695595 0.19635735270387339 -1.8509504581497505 1.8230199575712471 2.476716482905239 1.1355202579686907 -0.12561522683354809 1.3410731854331366 0.60925315929945745 -0.2927936405711245 -0.59525269886440779 0.3081344282743449 -0.26352695744183624 0.24950153266647845 0.72649855388789764 -0.29943457958161274 -1.1380061301191262 -0.52513579088600526 -0.094554286917597763 -1.062961591958232 0.16372272111083275 -0.48696164542947934 0.38222241289750886","-0.14387803053019568 -1.2210498891877954 0.17014141313848841 1.8278752987628268 -1.6486620804979377 2.3356280769320712 -1.1440046737923377 2.4796230921759523 -1.0943539934209952 0.0050202880009847673 0.99493438967169912 -0.010570711038372054 -0.20235384043562329 -0.77048627101912215 -0.15068225872622737 0.2153885040071323 0.081260363605293817 0.61728972109843849 0.040305639276002607 -0.31918320078433227 -0.04900592681447416 0.31328002648323966 2.304546458651318 -1.4672788092942326 1.1862018622987949 2.061608028380975 0.060115346730924737 -1.511981471537351 -0.015042729204195899 0.37940892794420178"
"wsr","greater",FALSE,TRUE,0.8,0.1,"-0.053112607589038019","-0.29355638138610896","Inf","-0.34398284972188181 -1.8413249334042112 0.15084772941964372 -0.98349564675844436 2.3296200908816562 1.3352967867551953 0.39751578029693546 0.54368939289695595 0.19635735270387339 -1.8509504581497505 1.8230199575712471 2.476716482905239 1.1355202579686907 -0.12561522683354809 1.3410731854331366 0.60925315929945745 -0.2927936405711245 -0.59525269886440779 0.3081344282743449 -0.26352695744183624 0.24950153266647845 0.72649855388789764 -0.29943457958161274 -1.1380061301191262 -0.52513579088600526 -0.094554286917597763 -1.062961591958232 0.16372272111083275 -0.48696164542947934 0.38222241289750886","-0.14387803053019568 -1.2210498891877954 0.17014141313848841 1.8278752987628268 -1.6486620804979377 2.3356280769320712 -1.1440046737923377 2.4796230921759523 -1.0943539934209952 0.0050202880009847673 0.99493438967169912 -0.010570711038372054 -0.20235384043562329 -0.77048627101912215 -0.15068225872622737 0.2153885040071323 0.081260363605293817 0.61728972109843849 0.040305639276002607 -0.31918320078433227 -0.04900592681447416 0.31328002648323966 2.304546458651318 -1.4672788092942326 1.1862018622987949 2.061608028380975 0.060115346730924737 -1.511981471537351 -0.015042729204195899 0.37940892794420178"
"wsr","two.sided",FALSE,TRUE,0.95,0,"0.19874772232290588","-0.17637012095980331","0.59365402782517418","0.26603417833592469 0.85227276972464505 0.60204414559322861 2.0080266968542273 1.2858670776997319 0.24972796150045151 1.3592825066740557 -1.1479388048269366 0.39706867891171954 -0.061670337042206758 1.6521101515123064 -1.4629062854598367 -0.69596377424555822 0.40146100226898035 4.0378404976116578 0.70855255924200555 2.4965780181371242 -0.075423127862679629 0.90245113123547482 0.78594832495136013 -0.76129455876090346 0.74457156591114848 0.87628212788508675 -0.35323036702806315 1.9347854028684495 -0.15206796715761256 0.34509023692576163 0.88634999765956679 1.5613882464699267 0.90697090986129569 0.18595079820554392 -0.023569246334837257 -0.87160737046181258 1.2753781883470932 2.1014292765209555 0.17017579923937093 0.60883410446736086 1.2646381495871093 -1.1632187369997646 0.35107725503891618 -1.2389861587559827 2.132193500998135 -1.0962204023448145 -0.04872561646060275 -0.50946220593659741 -0.78999456315338312 -0.4879744892108116 0.35528764773945021 0.31957349469233287","0.40151670038619519 0.14643742946156207 -1.7762094254265031 -1.4158362111259271 0.028204524246697765 1.3484951274403103 -0.86077553973431975 1.2860779301181116 0.63781359268993432 1.1232843747639352 1.2362675925633042 -1.2052569028388798 0.74664261402698529 -0.64176508885500672 -1.1521316852393977 0.70979013643020861 0.43912135542942804 0.44681857848666801 0.63940722744012957 -0.11431033444376389 -0.14989763181695645 -0.87471413921596286 1.5935683500690148 -0.28812594526360485 0.89362239357933237 0.61708309597512934 -0.13046416299935998 -0.3652181415351235 1.1246743940751354 -0.42609440170915158 -0.27664906820472612 -1.134860946044262 0.14633263516885542 -2.2156305021659604 0.45236959597927318 1.2773715522023006 0.059156590581125913 0.64867137950075404 0.32649195299029959 -0.032488745908128898 -0.10915098689132498 1.6384491245380932 0.62836140953591435 0.38325203301616029 0.74399364652770561 -0.75999634228066881 0.66336594807354921 0.92850250899178111 0.41466435399098256"
"wsr","two.sided",FALSE,TRUE,0.95,0.1,"0.19874772232290588","-0.17637012095980331","0.59365402782517418","0.26603417833592469 0.85227276972464505 0.60204414559322861 2.0080266968542273 1.2858670776997319 0.24972796150045151 1.3592825066740557 -1.1479388048269366 0.39706867891171954 -0.061670337042206758 1.6521101515123064 -1.4629062854598367 -0.69596377424555822 0.40146100226898035 4.0378404976116578 0.70855255924200555 2.4965780181371242 -0.075423127862679629 0.90245113123547482 0.78594832495136013 -0.76129455876090346 0.74457156591114848 0.87628212788508675 -0.35323036702806315 1.9347854028684495 -0.15206796715761256 0.34509023692576163 0.88634999765956679 1.5613882464699267 0.90697090986129569 0.18595079820554392 -0.023569246334837257 -0.87160737046181258 1.2753781883470932 2.1014292765209555 0.17017579923937093 0.60883410446736086 1.2646381495871093 -1.1632187369997646 0.35107725503891618 -1.2389861587559827 2.132193500998135 -1.0962204023448145 -0.04872561646060275 -0.50946220593659741 -0.78999456315338312 -0.4879744892108116 0.35528764773945021 0.31957349469233287","0.40151670038619519 0.14643742946156207 -1.7762094254265031 -1.4158362111259271 0.028204524246697765 1.3484951274403103 -0.86077553973431975 1.2860779301181116 0.63781359268993432 1.1232843747639352 1.2362675925633042 -1.2052569028388798 0.74664261402698529 -0.64176508885500672 -1.1521316852393977 0.70979013643020861 0.43912135542942804 0.44681857848666801 0.63940722744012957 -0.11431033444376389 -0.14989763181695645 -0.87471413921596286 1.5935683500690148 -0.28812594526360485 0.89362239357933237 0.61708309597512934 -0.13046416299935998 -0.3652181415351235 1.1246743940751354 -0.42609440170915158 -0.27664906820472612 -1.134860946044262 0.14633263516885542 -2.2156305021659604 0.45236959597927318 1.2773715522023006 0.059156590581125913 0.64867137950075404 0.32649195299029959 -0.032488745908128898 -0.10915098689132498 1.6384491245380932 0.62836140953591435 0.38325203301616029 0.74399364652770561 -0.75999634228066881 0.66336594807354921 0.92850250899178111 0.41466435399098256"
"wsr","two.sided",FALSE,TRUE,0.8,0,"0.19874772232290588","-0.053199573700172698","0.46907713316769584","0.26603417833592469 0.85227276972464505 0.60204414559322861 2.0080266968542273 1.2858670776997319 0.24972796150045151 1.3592825066740557 -1.1479388048269366 0.39706867891171954 -0.061670337042206758 1.6521101515123064 -1.4629062854598367 -0.69596377424555822 0.40146100226898035 4.0378404976116578 0.70855255924200555 2.4965780181371242 -0.075423127862679629 0.90245113123547482 0.78594832495136013 -0.76129455876090346 0.74457156591114848 0.87628212788508675 -0.35323036702806315 1.9347854028684495 -0.15206796715761256 0.34509023692576163 0.88634999765956679 1.5613882464699267 0.90697090986129569 0.18595079820554392 -0.023569246334837257 -0.87160737046181258 1.2753781883470932 2.1014292765209555 0.17017579923937093 0.60883410446736086 1.2646381495871093 -1.1632187369997646 0.35107725503891618 -1.2389861587559827 2.132193500998135 -1.0962204023448145 -0.04872561646060275 -0.50946220593659741 -0.78999456315338312 -0.4879744892108116 0.35528764773945021 0.31957349469233287","0.40151670038619519 0.14643742946156207 -1.7762094254265031 -1.4158362111259271 0.028204524246697765 1.3484951274403103 -0.86077553973431975 1.2860779301181116 0.63781359268993432 1.1232843747639352 1.2362675925633042 -1.2052569028388798 0.74664261402698529 -0.64176508885500672 -1.1521316852393977 0.70979013643020861 0.43912135542942804 0.44681857848666801 0.63940722744012957 -0.11431033444376389 -0.14989763181695645 -0.87471413921596286 1.5935683500690148 -0.28812594526360485 0.89362239357933237 0.61708309597512934 -0.13046416299935998 -0.3652181415351235 1.1246743940751354 -0.42609440170915158 -0.27664906820472612 -1.134860946044262 0.14633263516885542 -2.2156305021659604 0.45236959597927318 1.2773715522023006 0.059156590581125913 0.64867137950075404 0.32649195299029959 -0.032488745908128898 -0.10915098689132498 1.6384491245380932 0.62836140953591435 0.38325203301616029 0.74399364652770561 -0.75999634228066881 0.66336594807354921 0.92850250899178111 0.41466435399098256"
"wsr","two.sided",FALSE,TRUE,0.8,0.1,"0.19874772232290588","-0.053199573700172698","0.46907713316769584","0.26603417833592469 0.85227276972464505 0.60204414559322861 2.0080266968542273 1.2858670776997319 0.24972796150045151 1.3592825066740557 -1.1479388048269366 0.39706867891171954 -0.061670337042206758 1.6521101515123064 -1.4629062854598367 -0.69596377424555822 0.40146100226898035 4.0378404976116578 0.70855255924200555 2.4965780181371242 -0.075423127862679629 0.90245113123547482 0.78594832495136013 -0.76129455876090346 0.74457156591114848 0.87628212788508675 -0.35323036702806315 1.9347854028684495 -0.15206796715761256 0.34509023692576163 0.88634999765956679 1.5613882464699267 0.90697090986129569 0.18595079820554392 -0.023569246334837257 -0.87160737046181258 1.2753781883470932 2.1014292765209555 0.17017579923937093 0.60883410446736086 1.2646381495871093 -1.1632187369997646 0.35107725503891618 -1.2389861587559827 2.132193500998135 -1.0962204023448145 -0.04872561646060275 -0.50946220593659741 -0.78999456315338312 -0.4879744892108116 0.35528764773945021 0.31957349469233287","0.40151670038619519 0.14643742946156207 -1.7762094254265031 -1.4158362111259271 0.028204524246697765 1.3484951274403103 -0.86077553973431975 1.2860779301181116 0.63781359268993432 1.1232843747639352 1.2362675925633042 -1.2052569028388798 0.74664261402698529 -0.64176508885500672 -1.1521316852393977 0.70979013643020861 0.43912135542942804 0.44681857848666801 0.63940722744012957 -0.11431033444376389 -0.14989763181695645 -0.87471413921596286 1.5935683500690148 -0.28812594526360485 0.89362239357933237 0.61708309597512934 -0.13046416299935998 -0.3652181415351235 1.1246743940751354 -0.42609440170915158 -0.27664906820472612 -1.134860946044262 0.14633263516885542 -2.2156305021659604 0.45236959597927318 1.2773715522023006 0.059156590581125913 0.64867137950075404 0.32649195299029959 -0.032488745908128898 -0.10915098689132498 1.6384491245380932 0.62836140953591435 0.38325203301616029 0.74399364652770561 -0.75999634228066881 0.66336594807354921 0.92850250899178111 0.41466435399098256"
"wsr","less",FALSE,TRUE,0.95,0,"0.19874772232290588","-Inf","0.52309363897248318","0.26603417833592469 0.85227276972464505 0.60204414559322861 2.0080266968542273 1.2858670776997319 0.24972796150045151 1.3592825066740557 -1.1479388048269366 0.39706867891171954 -0.061670337042206758 1.6521101515123064 -1.4629062854598367 -0.69596377424555822 0.40146100226898035 4.0378404976116578 0.70855255924200555 2.4965780181371242 -0.075423127862679629 0.90245113123547482 0.78594832495136013 -0.76129455876090346 0.74457156591114848 0.87628212788508675 -0.35323036702806315 1.9347854028684495 -0.15206796715761256 0.34509023692576163 0.88634999765956679 1.5613882464699267 0.90697090986129569 0.18595079820554392 -0.023569246334837257 -0.87160737046181258 1.2753781883470932 2.1014292765209555 0.17017579923937093 0.60883410446736086 1.2646381495871093 -1.1632187369997646 0.35107725503891618 -1.2389861587559827 2.132193500998135 -1.0962204023448145 -0.04872561646060275 -0.50946220593659741 -0.78999456315338312 -0.4879744892108116 0.35528764773945021 0.31957349469233287","0.40151670038619519 0.14643742946156207 -1.7762094254265031 -1.4158362111259271 0.028204524246697765 1.3484951274403103 -0.86077553973431975 1.2860779301181116 0.63781359268993432 1.1232843747639352 1.2362675925633042 -1.2052569028388798 0.74664261402698529 -0.64176508885500672 -1.1521316852393977 0.70979013643020861 0.43912135542942804 0.44681857848666801 0.63940722744012957 -0.11431033444376389 -0.14989763181695645 -0.87471413921596286 1.5935683500690148 -0.28812594526360485 0.89362239357933237 0.61708309597512934 -0.13046416299935998 -0.3652181415351235 1.1246743940751354 -0.42609440170915158 -0.27664906820472612 -1.134860946044262 0.14633263516885542 -2.2156305021659604 0.45236959597927318 1.2773715522023006 0.059156590581125913 0.64867137950075404 0.32649195299029959 -0.032488745908128898 -0.10915098689132498 1.6384491245380932 0.62836140953591435 0.38325203301616029 0.74399364652770561 -0.75999634228066881 0.66336594807354921 0.92850250899178111 0.41466435399098256"
"wsr","less",FALSE,TRUE,0.95,0.1,"0.19874772232290588","-Inf","0.52309363897248318","0.26603417833592469 0.85227276972464505 0.60204414559322861 2.0080266968542273 1.2858670776997319 0.24972796150045151 1.3592825066740557 -1.1479388048269366 0.39706867891171954 -0.061670337042206758 1.6521101515123064 -1.4629062854598367 -0.69596377424555822 0.40146100226898035 4.0378404976116578 0.70855255924200555 2.4965780181371242 -0.075423127862679629 0.90245113123547482 0.78594832495136013 -0.76129455876090346 0.74457156591114848 0.87628212788508675 -0.35323036702806315 1.9347854028684495 -0.15206796715761256 0.34509023692576163 0.88634999765956679 1.5613882464699267 0.90697090986129569 0.18595079820554392 -0.023569246334837257 -0.87160737046181258 1.2753781883470932 2.1014292765209555 0.17017579923937093 0.60883410446736086 1.2646381495871093 -1.1632187369997646 0.35107725503891618 -1.2389861587559827 2.132193500998135 -1.0962204023448145 -0.04872561646060275 -0.50946220593659741 -0.78999456315338312 -0.4879744892108116 0.35528764773945021 0.31957349469233287","0.40151670038619519 0.14643742946156207 -1.7762094254265031 -1.4158362111259271 0.028204524246697765 1.3484951274403103 -0.86077553973431975 1.2860779301181116 0.63781359268993432 1.1232843747639352 1.2362675925633042 -1.2052569028388798 0.74664261402698529 -0.64176508885500672 -1.1521316852393977 0.70979013643020861 0.43912135542942804 0.44681857848666801 0.63940722744012957 -0.11431033444376389 -0.14989763181695645 -0.87471413921596286 1.5935683500690148 -0.28812594526360485 0.89362239357933237 0.61708309597512934 -0.13046416299935998 -0.3652181415351235 1.1246743940751354 -0.42609440170915158 -0.27664906820472612 -1.134860946044262 0.14633263516885542 -2.2156305021659604 0.45236959597927318 1.2773715522023006 0.059156590581125913 0.64867137950075404 0.32649195299029959 -0.032488745908128898 -0.10915098689132498 1.6384491245380932 0.62836140953591435 0.38325203301616029 0.74399364652770561 -0.75999634228066881 0.66336594807354921 0.92850250899178111 0.41466435399098256"
"wsr","less",FALSE,TRUE,0.8,0,"0.19874772232290588","-Inf","0.39175681333408008","0.26603417833592469 0.85227276972464505 0.60204414559322861 2.0080266968542273 1.2858670776997319 0.24972796150045151 1.3592825066740557 -1.1479388048269366 0.39706867891171954 -0.061670337042206758 1.6521101515123064 -1.4629062854598367 -0.69596377424555822 0.40146100226898035 4.0378404976116578 0.70855255924200555 2.4965780181371242 -0.075423127862679629 0.90245113123547482 0.78594832495136013 -0.76129455876090346 0.74457156591114848 0.87628212788508675 -0.35323036702806315 1.9347854028684495 -0.15206796715761256 0.34509023692576163 0.88634999765956679 1.5613882464699267 0.90697090986129569 0.18595079820554392 -0.023569246334837257 -0.87160737046181258 1.2753781883470932 2.1014292765209555 0.17017579923937093 0.60883410446736086 1.2646381495871093 -1.1632187369997646 0.35107725503891618 -1.2389861587559827 2.132193500998135 -1.0962204023448145 -0.04872561646060275 -0.50946220593659741 -0.78999456315338312 -0.4879744892108116 0.35528764773945021 0.31957349469233287","0.40151670038619519 0.14643742946156207 -1.7762094254265031 -1.4158362111259271 0.028204524246697765 1.3484951274403103 -0.86077553973431975 1.2860779301181116 0.63781359268993432 1.1232843747639352 1.2362675925633042 -1.2052569028388798 0.74664261402698529 -0.64176508885500672 -1.1521316852393977 0.70979013643020861 0.43912135542942804 0.44681857848666801 0.63940722744012957 -0.11431033444376389 -0.14989763181695645 -0.87471413921596286 1.5935683500690148 -0.28812594526360485 0.89362239357933237 0.61708309597512934 -0.13046416299935998 -0.3652181415351235 1.1246743940751354 -0.42609440170915158 -0.27664906820472612 -1.134860946044262 0.14633263516885542 -2.2156305021659604 0.45236959597927318 1.2773715522023006 0.059156590581125913 0.64867137950075404 0.32649195299029959 -0.032488745908128898 -0.10915098689132498 1.6384491245380932 0.62836140953591435 0.38325203301616029 0.74399364652770561 -0.75999634228066881 0.66336594807354921 0.92850250899178111 0.41466435399098256"
"wsr","less",FALSE,TRUE,0.8,0.1,"0.19874772232290588","-Inf","0.39175681333408008","0.26603417833592469 0.85227276972464505 0.60204414559322861 2.0080266968542273 1.2858670776997319 0.24972796150045151 1.3592825066740557 -1.1479388048269366 0.39706867891171954 -0.061670337042206758 1.6521101515123064 -1.4629062854598367 -0.69596377424555822 0.40146100226898035 4.0378404976116578 0.70855255924200555 2.4965780181371242 -0.075423127862679629 0.90245113123547482 0.78594832495136013 -0.76129455876090346 0.74457156591114848 0.87628212788508675 -0.35323036702806315 1.9347854028684495 -0.15206796715761256 0.34509023692576163 0.88634999765956679 1.5613882464699267 0.90697090986129569 0.18595079820554392 -0.023569246334837257 -0.87160737046181258 1.2753781883470932 2.1014292765209555 0.17017579923937093 0.60883410446736086 1.2646381495871093 -1.1632187369997646 0.35107725503891618 -1.2389861587559827 2.132193500998135 -1.0962204023448145 -0.04872561646060275 -0.50946220593659741 -0.78999456315338312 -0.4879744892108116 0.35528764773945021 0.31957349469233287","0.40151670038619519 0.14643742946156207 -1.7762094254265031 -1.4158362111259271 0.028204524246697765 1.3484951274403103 -0.86077553973431975 1.2860779301181116 0.63781359268993432 1.1232843747639352 1.2362675925633042 -1.2052569028388798 0.74664261402698529 -0.64176508885500672 -1.1521316852393977 0.70979013643020861 0.43912135542942804 0.44681857848666801 0.63940722744012957 -0.11431033444376389 -0.14989763181695645 -0.87471413921596286 1.5935683500690148 -0.28812594526360485 0.89362239357933237 0.61708309597512934 -0.13046416299935998 -0.3652181415351235 1.1246743940751354 -0.42609440170915158 -0.27664906820472612 -1.134860946044262 0.14633263516885542 -2.2156305021659604 0.45236959597927318 1.2773715522023006 0.059156590581125913 0.64867137950075404 0.32649195299029959 -0.032488745908128898 -0.10915098689132498 1.6384491245380932 0.62836140953591435 0.38325203301616029 0.74399364652770561 -0.75999634228066881 0.66336594807354921 0.92850250899178111 0.41466435399098256"
"wsr","greater",FALSE,TRUE,0.95,0,"0.19874772232290588","-0.10973677462325343","Inf","0.26603417833592469 0.85227276972464505 0.60204414559322861 2.0080266968542273 1.2858670776997319 0.24972796150045151 1.3592825066740557 -1.1479388048269366 0.39706867891171954 -0.061670337042206758 1.6521101515123064 -1.4629062854598367 -0.69596377424555822 0.40146100226898035 4.0378404976116578 0.70855255924200555 2.4965780181371242 -0.075423127862679629 0.90245113123547482 0.78594832495136013 -0.76129455876090346 0.74457156591114848 0.87628212788508675 -0.35323036702806315 1.9347854028684495 -0.15206796715761256 0.34509023692576163 0.88634999765956679 1.5613882464699267 0.90697090986129569 0.18595079820554392 -0.023569246334837257 -0.87160737046181258 1.2753781883470932 2.1014292765209555 0.17017579923937093 0.60883410446736086 1.2646381495871093 -1.1632187369997646 0.35107725503891618 -1.2389861587559827 2.132193500998135 -1.0962204023448145 -0.04872561646060275 -0.50946220593659741 -0.78999456315338312 -0.4879744892108116 0.35528764773945021 0.31957349469233287","0.40151670038619519 0.14643742946156207 -1.7762094254265031 -1.4158362111259271 0.028204524246697765 1.3484951274403103 -0.86077553973431975 1.2860779301181116 0.63781359268993432 1.1232843747639352 1.2362675925633042 -1.2052569028388798 0.74664261402698529 -0.64176508885500672 -1.1521316852393977 0.70979013643020861 0.43912135542942804 0.44681857848666801 0.63940722744012957 -0.11431033444376389 -0.14989763181695645 -0.87471413921596286 1.5935683500690148 -0.28812594526360485 0.89362239357933237 0.61708309597512934 -0.13046416299935998 -0.3652181415351235 1.1246743940751354 -0.42609440170915158 -0.27664906820472612 -1.134860946044262 0.14633263516885542 -2.2156305021659604 0.45236959597927318 1.2773715522023006 0.059156590581125913 0.64867137950075404 0.32649195299029959 -0.032488745908128898 -0.10915098689132498 1.6384491245380932 0.62836140953591435 0.38325203301616029 0.74399364652770561 -0.75999634228066881 0.66336594807354921 0.92850250899178111 0.41466435399098256"
"wsr","greater",FALSE,TRUE,0.95,0.1,"0.19874772232290588","-0.10973677462325343","Inf","0.26603417833592469 0.85227276972464505 0.60204414559322861 2.0080266968542273 1.2858670776997319 0.24972796150045151 1.3592825066740557 -1.1479388048269366 0.39706867891171954 -0.061670337042206758 1.6521101515123064 -1.4629062854598367 -0.69596377424555822 0.40146100226898035 4.0378404976116578 0.70855255924200555 2.4965780181371242 -0.075423127862679629 0.90245113123547482 0.78594832495136013 -0.76129455876090346 0.74457156591114848 0.87628212788508675 -0.35323036702806315 1.9347854028684495 -0.15206796715761256 0.34509023692576163 0.88634999765956679 1.5613882464699267 0.90697090986129569 0.18595079820554392 -0.023569246334837257 -0.87160737046181258 1.2753781883470932 2.1014292765209555 0.17017579923937093 0.60883410446736086 1.2646381495871093 -1.1632187369997646 0.35107725503891618 -1.2389861587559827 2.132193500998135 -1.0962204023448145 -0.04872561646060275 -0.50946220593659741 -0.78999456315338312 -0.4879744892108116 0.35528764773945021 0.31957349469233287","0.40151670038619519 0.14643742946156207 -1.7762094254265031 -1.4158362111259271 0.028204524246697765 1.3484951274403103 -0.86077553973431975 1.2860779301181116 0.63781359268993432 1.1232843747639352 1.2362675925633042 -1.2052569028388798 0.74664261402698529 -0.64176508885500672 -1.1521316852393977 0.70979013643020861 0.43912135542942804 0.44681857848666801 0.63940722744012957 -0.11431033444376389 -0.14989763181695645 -0.87471413921596286 1.5935683500690148 -0.28812594526360485 0.89362239357933237 0.61708309597512934 -0.13046416299935998 -0.3652181415351235 1.1246743940751354 -0.42609440170915158 -0.27664906820472612 -1.134860946044262 0.14633263516885542 -2.2156305021659604 0.45236959597927318 1.2773715522023006 0.059156590581125913 0.64867137950075404 0.32649195299029959 -0.032488745908128898 -0.10915098689132498 1.6384491245380932 0.62836140953591435 0.38325203301616029 0.74399364652770561 -0.75999634228066881 0.66336594807354921 0.92850250899178111 0.41466435399098256"
"wsr","greater",FALSE,TRUE,0.8,0,"0.19874772232290588","0.021375954417012177","Inf","0.26603417833592469 0.85227276972464505 0.60204414559322861 2.0080266968542273 1.2858670776997319 0.24972796150045151 1.3592825066740557 -1.1479388048269366 0.39706867891171954 -0.061670337042206758 1.6521101515123064 -1.4629062854598367 -0.69596377424555822 0.40146100226898035 4.0378404976116578 0.70855255924200555 2.4965780181371242 -0.075423127862679629 0.90245113123547482 0.78594832495136013 -0.76129455876090346 0.74457156591114848 0.87628212788508675 -0.35323036702806315 1.9347854028684495 -0.15206796715761256 0.34509023692576163 0.88634999765956679 1.5613882464699267 0.90697090986129569 0.18595079820554392 -0.023569246334837257 -0.87160737046181258 1.2753781883470932 2.1014292765209555 0.17017579923937093 0.60883410446736086 1.2646381495871093 -1.1632187369997646 0.35107725503891618 -1.2389861587559827 2.132193500998135 -1.0962204023448145 -0.04872561646060275 -0.50946220593659741 -0.78999456315338312 -0.4879744892108116 0.35528764773945021 0.31957349469233287","0.40151670038619519 0.14643742946156207 -1.7762094254265031 -1.4158362111259271 0.028204524246697765 1.3484951274403103 -0.86077553973431975 1.2860779301181116 0.63781359268993432 1.1232843747639352 1.2362675925633042 -1.2052569028388798 0.74664261402698529 -0.64176508885500672 -1.1521316852393977 0.70979013643020861 0.43912135542942804 0.44681857848666801 0.63940722744012957 -0.11431033444376389 -0.14989763181695645 -0.87471413921596286 1.5935683500690148 -0.28812594526360485 0.89362239357933237 0.61708309597512934 -0.13046416299935998 -0.3652181415351235 1.1246743940751354 -0.42609440170915158 -0.27664906820472612 -1.134860946044262 0.14633263516885542 -2.2156305021659604 0.45236959597927318 1.2773715522023006 0.059156590581125913 0.64867137950075404 0.32649195299029959 -0.032488745908128898 -0.10915098689132498 1.6384491245380932 0.62836140953591435 0.38325203301616029 0.74399364652770561 -0.75999634228066881 0.66336594807354921 0.92850250899178111 0.41466435399098256"
"wsr","greater",FALSE,TRUE,0.8,0.1,"0.19874772232290588","0.021375954417012177","Inf","0.26603417833592469 0.85227276972464505 0.60204414559322861 2.0080266968542273 1.2858670776997319 0.24972796150045151 1.3592825066740557 -1.1479388048269366 0.39706867891171954 -0.061670337042206758 1.6521101515123064 -1.4629062854598367 -0.69596377424555822 0.40146100226898035 4.0378404976116578 0.70855255924200555 2.4965780181371242 -0.075423127862679629 0.90245113123547482 0.78594832495136013 -0.76129455876090346 0.74457156591114848 0.87628212788508675 -0.35323036702806315 1.9347854028684495 -0.15206796715761256 0.34509023692576163 0.88634999765956679 1.5613882464699267 0.90697090986129569 0.18595079820554392 -0.023569246334837257 -0.87160737046181258 1.2753781883470932 2.1014292765209555 0.17017579923937093 0.60883410446736086 1.2646381495871093 -1.1632187369997646 0.35107725503891618 -1.2389861587559827 2.132193500998135 -1.0962204023448145 -0.04872561646060275 -0.50946220593659741 -0.78999456315338312 -0.4879744892108116 0.35528764773945021 0.31957349469233287","0.40151670038619519 0.14643742946156207 -1.7762094254265031 -1.4158362111259271 0.028204524246697765 1.3484951274403103 -0.86077553973431975 1.2860779301181116 0.63781359268993432 1.1232843747639352 1.2362675925633042 -1.2052569028388798 0.74664261402698529 -0.64176508885500672 -1.1521316852393977 0.70979013643020861 0.43912135542942804 0.44681857848666801 0.63940722744012957 -0.11431033444376389 -0.14989763181695645 -0.87471413921596286 1.5935683500690148 -0.28812594526360485 0.89362239357933237 0.61708309597512934 -0.13046416299935998 -0.3652181415351235 1.1246743940751354 -0.42609440170915158 -0.27664906820472612 -1.134860946044262 0.14633263516885542 -2.2156305021659604 0.45236959597927318 1.2773715522023006 0.059156590581125913 0.64867137950075404 0.32649195299029959 -0.032488745908128898 -0.10915098689132498 1.6384491245380932 0.62836140953591435 0.38325203301616029 0.74399364652770561 -0.75999634228066881 0.66336594807354921 0.92850250899178111 0.41466435399098256"
