"statistic_20","df_20","p_value_20","diff_20","statistic_10","df_10","p_value_10","diff_10","p_value_less","p_value_greater"
0.0165330860250111,26.951885741304,0.986930891395743,0.00534981256875255,0.279732358229303,36.9448754769478,0.78124307744426,0.104607328379744,0.506534554302129,0.493465445697871
